{"type":"FeatureCollection","features":[{"type":"Feature","id":32830,"geometry":{"type":"Polygon","coordinates":[[[119.63007290999997,-4.0044773480000231,0,null],[119.62982341400004,-4.0042721350000079,0,null],[119.62972775699996,-4.0041879799999833,0,null],[119.62941391799995,-4.0039118760000179,0,null],[119.62937539699999,-4.0038801270000022,0,null],[119.62934724800004,-4.0038569270000153,0,null],[119.62900531800005,-4.0035665089999952,0,null],[119.62869591000003,-4.0033073480000212,0,null],[119.62861066100004,-4.0031555460000163,0,null],[119.628603054,-4.0031593960000009,0,null],[119.62843951699995,-4.0028259079999771,0,null],[119.62842981300003,-4.0028356349999967,0,null],[119.62841547000005,-4.0028177469999946,0,null],[119.62825541699999,-4.0025929829999995,0,null],[119.62818804000005,-4.0026293500000065,0,null],[119.62815661499997,-4.0026520440000013,0,null],[119.62813870299999,-4.0026792140000111,0,null],[119.62811187900002,-4.0027335249999965,0,null],[119.62809425600005,-4.0028510669999946,0,null],[119.62807209000005,-4.0029550689999951,0,null],[119.62805534100005,-4.0029792619999967,0,null],[119.62804073799998,-4.003000357000019,0,null],[119.62800929900004,-4.0030185319999987,0,null],[119.62796516699996,-4.0030363010000087,0,null],[119.62791792600001,-4.0030632400000172,0,null],[119.62791161999996,-4.0030682529999808,0,null],[119.62787577799998,-4.003096749000008,0,null],[119.62786558799996,-4.0031048499999997,0,null],[119.62777782499995,-4.0031594970000128,0,null],[119.62769006099995,-4.0032141450000154,0,null],[119.62761147599997,-4.0032595409999772,0,null],[119.62753288900001,-4.0033049369999958,0,null],[119.62745430400003,-4.0033503330000144,0,null],[119.62737382900002,-4.003391033000014,0,null],[119.62729335200004,-4.0034317330000135,0,null],[119.62721287700003,-4.0034724330000131,0,null],[119.62711228700005,-4.003506576999996,0,null],[119.62701169800005,-4.0035407209999789,0,null],[119.62691110799994,-4.0035748650000187,0,null],[119.62681051899995,-4.0036090090000016,0,null],[119.62670878200004,-4.0036232179999729,0,null],[119.62660704500001,-4.003637427000001,0,null],[119.62650593000001,-4.0036529750000227,0,null],[119.62644068700001,-4.0036630070000001,0,null],[119.62636556899997,-4.0036828419999893,0,null],[119.62634634200003,-4.0036966280000001,0,null],[119.626335369,-4.0037044950000222,0,null],[119.62633509399996,-4.0037049200000183,0,null],[119.62632426300001,-4.0037216590000071,0,null],[119.62631885300004,-4.003730021000024,0,null],[119.62631477800005,-4.0037445059999754,0,null],[119.62633361799999,-4.004038917999992,0,null],[119.62633378500004,-4.0041790270000206,0,null],[119.62633993099996,-4.0042028629999891,0,null],[119.62580342700005,-4.0043041160000143,0,null],[119.62568841200004,-4.0046736799999962,0,null],[119.62644978699996,-4.0047088570000255,0,null],[119.62643893899997,-4.0055808359999787,0,null],[119.62646266199999,-4.0062995389999969,0,null],[119.62623766599995,-4.0078698130000134,0,null],[119.62622147499997,-4.008055904999992,0,null],[119.62625016100003,-4.0080587310000055,0,null],[119.62783057000001,-4.0082095640000261,0,null],[119.62791851999998,-4.0072230949999721,0,null],[119.62895422099996,-4.0073205030000167,0,null],[119.62908147200005,-4.006345624000005,0,null],[119.62974471099994,-4.0064582620000238,0,null],[119.62991220599997,-4.0052253270000051,0,null],[119.62997623000001,-4.0046957220000081,0,null],[119.62998834400003,-4.0046272420000264,0,null],[119.63000289299998,-4.004544994000014,0,null],[119.63007290999997,-4.0044773480000231,0,null]]]},"properties":{"FID":32830,"OBJECTID":114182,"NAMOBJ":"Lakessi","FCODE":"BA03070040","REMARK":"Pemerintah Kota Parepare, Tahun 2010","METADATA":"TASWIL1000020230928_DATA_BATAS_DESAKELURAHAN","SRS_ID":"SRGI 2013","KDBBPS":" ","KDCBPS":" ","KDCPUM":"73.72.03","KDEBPS":" ","KDEPUM":"73.72.03.1001","KDPBPS":" ","KDPKAB":"73.72","KDPPUM":"73","LUASWH":17.472817880000001,"TIPADM":2,"WADMKC":"Soreang","WADMKD":"Lakessi","WADMKK":"Kota Parepare","WADMPR":"Sulawesi Selatan","WIADKC":" ","WIADKK":" ","WIADPR":" ","WIADKD":" ","UUPP":"Data dari Pemerintah Daerah","LUAS":17.472817880000001,"SHAPE_AREA":1.4228901407100001e-05,"SHAPE_LEN":0.0179264373777}},{"type":"Feature","id":33055,"geometry":{"type":"Polygon","coordinates":[[[119.65884267599995,-4.0310275059999867,0,null],[119.65835848500001,-4.0310500969999907,0,null],[119.65821370000003,-4.0310448320000205,0,null],[119.65809359100001,-4.0310127070000021,0,null],[119.65799053800004,-4.0309537460000229,0,null],[119.65783959099997,-4.0308107760000098,0,null],[119.65771914599998,-4.0306753560000175,0,null],[119.65765784400003,-4.0305684369999994,0,null],[119.65760465400001,-4.0303810710000221,0,null],[119.65763692999997,-4.0301845000000185,0,null],[119.65779234399997,-4.0296503000000143,0,null],[119.65790816699996,-4.0292424799999935,0,null],[119.65792631900001,-4.0291133009999953,0,null],[119.65793308000002,-4.0289956380000262,0,null],[119.65794070599998,-4.0287043779999863,0,null],[119.65793486899997,-4.0282266579999941,0,null],[119.65794510900002,-4.0278607879999981,0,null],[119.65795334999996,-4.027758901000027,0,null],[119.657977297,-4.0276540930000237,0,null],[119.65801263900005,-4.0275392049999823,0,null],[119.65812039800005,-4.0272877880000237,0,null],[119.658172777,-4.0271398470000008,0,null],[119.65820815200004,-4.027035001999991,0,null],[119.65823053500003,-4.0268885940000132,0,null],[119.65824538799995,-4.0266231339999763,0,null],[119.65823141199996,-4.0262788640000053,0,null],[119.65820612499999,-4.0259704960000136,0,null],[119.65817410399995,-4.0257884000000104,0,null],[119.65810180799997,-4.0255217910000169,0,null],[119.65806985200004,-4.0253597799999739,0,null],[119.65806173600004,-4.0250599639999791,0,null],[119.65807065700005,-4.0247270959999923,0,null],[119.65807236900002,-4.0243741659999728,0,null],[119.6580606,-4.0242694749999828,0,null],[119.658027221,-4.0241089030000126,0,null],[119.65800126399995,-4.0240343859999825,0,null],[119.65794514799995,-4.023911188999989,0,null],[119.65780925599995,-4.0236743030000071,0,null],[119.65778563399999,-4.0236356149999892,0,null],[119.65767978400004,-4.0234904519999759,0,null],[119.65764008400004,-4.0234343629999785,0,null],[119.65723521200005,-4.0230925270000171,0,null],[119.65687844299998,-4.0227708959999973,0,null],[119.65674242399996,-4.0226780880000206,0,null],[119.65640450700005,-4.0224424749999912,0,null],[119.65589049100004,-4.0220897949999994,0,null],[119.65576517700003,-4.0219688579999797,0,null],[119.65572360199997,-4.0217288069999881,0,null],[119.65568020399996,-4.0215625289999934,0,null],[119.65559640699996,-4.0212730019999867,0,null],[119.65556872900004,-4.021108106999975,0,null],[119.65557696200005,-4.0210033500000009,0,null],[119.65559080599996,-4.0208670129999859,0,null],[119.65559885300001,-4.0207048710000208,0,null],[119.655599682,-4.0205197970000199,0,null],[119.65556711500005,-4.0201684130000217,0,null],[119.655549716,-4.0200895639999885,0,null],[119.65550972100004,-4.0199608919999719,0,null],[119.65544120200002,-4.0198727000000076,0,null],[119.65531563699994,-4.0197408289999998,0,null],[119.65516302799995,-4.0195856670000012,0,null],[119.65496872000006,-4.0193881079999869,0,null],[119.65484982700002,-4.0192826709999849,0,null],[119.65474739900003,-4.0191771799999856,0,null],[119.65468127999998,-4.0190980259999947,0,null],[119.65460854399998,-4.0190089739999735,0,null],[119.65455227300004,-4.0189198670000224,0,null],[119.65451575999998,-4.0188306969999985,0,null],[119.65445761499996,-4.0187026959999912,0,null],[119.65445604599995,-4.0186992430000146,0,null],[119.65442211300001,-4.0186030309999978,0,null],[119.654193126,-4.0180653869999787,0,null],[119.65415703999997,-4.0179507319999743,0,null],[119.65413099600005,-4.0178489570000124,0,null],[119.65410780399998,-4.0177457369999843,0,null],[119.65407419500002,-4.017513431999987,0,null],[119.65403131799997,-4.0170659589999786,0,null],[119.65405380599998,-4.0170401569999967,0,null],[119.654205176,-4.0167953119999993,0,null],[119.65456079399996,-4.0166889440000091,0,null],[119.65474518300005,-4.016646019999996,0,null],[119.65484229100002,-4.0166342260000079,0,null],[119.654940184,-4.0166446659999906,0,null],[119.65506234700001,-4.0166500070000097,0,null],[119.65521090499999,-4.0166445009999734,0,null],[119.65530941500003,-4.0166248109999856,0,null],[119.65539504699996,-4.0165987080000036,0,null],[119.65552355800003,-4.0165789210000185,0,null],[119.65588768400005,-4.0165268029999766,0,null],[119.65643256099997,-4.016484853999998,0,null],[119.65677603799998,-4.0164528880000034,0,null],[119.65683597300006,-4.0164326080000023,0,null],[119.65688373399996,-4.016402324000012,0,null],[119.656922323,-4.0163638820000074,0,null],[119.65695334999998,-4.0163129239999762,0,null],[119.65700310099999,-4.0162312119999797,0,null],[119.65744489899998,-4.0154342530000235,0,null],[119.65787954899997,-4.0146609910000279,0,null],[119.65802812799996,-4.014346675000013,0,null],[119.65812897399996,-4.014053419999982,0,null],[119.65819278000004,-4.0138917119999746,0,null],[119.65825379299997,-4.0137631110000029,0,null],[119.65833988500003,-4.0136207209999952,0,null],[119.65835251399994,-4.0136046090000264,0,null],[119.65842892600006,-4.0134717290000026,0,null],[119.65848390999997,-4.0133563539999955,0,null],[119.65851221699995,-4.0132744860000003,0,null],[119.65854900299996,-4.0131462449999731,0,null],[119.65857126200001,-4.0130837759999736,0,null],[119.65859237300003,-4.0130049219999933,0,null],[119.65866351600005,-4.0127919490000181,0,null],[119.65871529699996,-4.0126798769999823,0,null],[119.65875508399995,-4.0126137529999824,0,null],[119.65878636299999,-4.0125660420000031,0,null],[119.65883620600005,-4.0125188019999882,0,null],[119.65887824699996,-4.0124871020000228,0,null],[119.65915551299997,-4.0123307289999843,0,null],[119.659321589,-4.0121929860000023,0,null],[119.659567928,-4.0119432700000175,0,null],[119.65977655300003,-4.0117381520000208,0,null],[119.65993044200002,-4.0116149869999731,0,null],[119.66001170200002,-4.0115623570000025,0,null],[119.660094448,-4.011527655000009,0,null],[119.66025359699995,-4.0114848129999814,0,null],[119.66043349100005,-4.011451228999988,0,null],[119.66074690400001,-4.0114007110000216,0,null],[119.66085251599998,-4.0113688029999821,0,null],[119.66092953600003,-4.0113305340000238,0,null],[119.66101837899998,-4.0112731130000157,0,null],[119.66128174799996,-4.0110560830000281,0,null],[119.66152179400001,-4.0108262620000232,0,null],[119.66166158700003,-4.0106418540000277,0,null],[119.66170443999999,-4.0105680899999925,0,null],[119.66183857999999,-4.0103694590000032,0,null],[119.66191543499997,-4.0102802600000018,0,null],[119.66197213299995,-4.0102303489999827,0,null],[119.66288776700003,-4.0093794730000241,0,null],[119.66351300999997,-4.0087906609999777,0,null],[119.66411387100004,-4.0082572860000028,0,null],[119.66445677700005,-4.0077194649999797,0,null],[119.66463591399997,-4.0074385039999925,0,null],[119.664778351,-4.0072362640000279,0,null],[119.66497960300001,-4.0069505160000176,0,null],[119.66505072500001,-4.0067584839999881,0,null],[119.66518035000001,-4.0062014179999892,0,null],[119.66527623800005,-4.0058137510000051,0,null],[119.66535419100001,-4.0056226880000168,0,null],[119.66546621999998,-4.0053669559999889,0,null],[119.66588149500001,-4.004348436999976,0,null],[119.66617053300001,-4.0036100859999806,0,null],[119.66621865399998,-4.0034707689999891,0,null],[119.66624883300005,-4.003344525999978,0,null],[119.66625692100001,-4.0031762940000135,0,null],[119.66625438899996,-4.003035954999973,0,null],[119.66624687900003,-4.0029226429999767,0,null],[119.66623513000002,-4.0028236910000032,0,null],[119.66622632200006,-4.0027505520000091,0,null],[119.66615708799998,-4.0025456239999926,0,null],[119.66596543699995,-4.0019925120000153,0,null],[119.66593517700005,-4.001881630000014,0,null],[119.665925378,-4.0017965399999866,0,null],[119.66592411299996,-4.0016999449999844,0,null],[119.66592384099999,-4.0016157800000087,0,null],[119.66594169400003,-4.0015411200000131,0,null],[119.66598506399998,-4.0014051659999836,0,null],[119.66610493200005,-4.0010700240000006,0,null],[119.66612467799996,-4.0009915329999899,0,null],[119.66613338599996,-4.0009104229999934,0,null],[119.66613372799998,-4.000845169999991,0,null],[119.66612691600005,-4.0008002399999896,0,null],[119.66611631299997,-4.0007610609999915,0,null],[119.66606461599997,-4.0006780200000094,0,null],[119.66596609800001,-4.0005473109999912,0,null],[119.66584476100002,-4.000428152999973,0,null],[119.66563378900003,-4.0002748559999759,0,null],[119.66532936500005,-4.0000845629999731,0,null],[119.66511568199996,-3.9999762260000011,0,null],[119.66465970800004,-3.999785562999989,0,null],[119.66452728900003,-3.9997361680000267,0,null],[119.66398015899995,-3.9995925740000189,0,null],[119.66379618500002,-3.9995415259999731,0,null],[119.66370560200005,-3.9995083460000274,0,null],[119.663644449,-3.9994829610000124,0,null],[119.66352578299995,-3.99941699499999,0,null],[119.66344106999998,-3.9993580920000227,0,null],[119.66332471400005,-3.9992700010000135,0,null],[119.66313793500001,-3.999124753999979,0,null],[119.662874268,-3.998947477999991,0,null],[119.66262554800005,-3.998790477,0,null],[119.66246151899998,-3.9986858030000008,0,null],[119.66230518700002,-3.9985679540000092,0,null],[119.66222042699997,-3.9984947039999952,0,null],[119.66212490800001,-3.9984077409999941,0,null],[119.66206578200001,-3.998346362999996,0,null],[119.66196183900001,-3.9982313319999889,0,null],[119.66180587600002,-3.9980435420000049,0,null],[119.66166484999997,-3.9978730380000229,0,null],[119.66148495100003,-3.9976458730000104,0,null],[119.66137246300002,-3.9974651150000113,0,null],[119.66128327000001,-3.997309386999973,0,null],[119.66118676099995,-3.997099884000022,0,null],[119.661114709,-3.9969064399999752,0,null],[119.66098350899995,-3.9966450430000009,0,null],[119.66093747000002,-3.9965812319999827,0,null],[119.66086879700003,-3.9965127120000261,0,null],[119.66074704799996,-3.9964132800000129,0,null],[119.66065339800002,-3.9963520140000242,0,null],[119.66052515000001,-3.9962675479999916,0,null],[119.66042792200005,-3.9962039019999906,0,null],[119.660262203,-3.9961285240000279,0,null],[119.66017933299997,-3.9960875479999913,0,null],[119.66009940599997,-3.9960363989999905,0,null],[119.66004690900002,-3.9960001059999968,0,null],[119.66000272899998,-3.9959590029999958,0,null],[119.65992868299998,-3.9958857180000109,0,null],[119.659668248,-3.9956026230000248,0,null],[119.65947352499995,-3.9953928410000117,0,null],[119.65928129099996,-3.9952165249999894,0,null],[119.65920552299997,-3.9951629720000028,0,null],[119.65906202600002,-3.9950801790000128,0,null],[119.65900416800002,-3.9950539409999806,0,null],[119.65886743099998,-3.9949787610000271,0,null],[119.65874166000003,-3.9949241749999942,0,null],[119.65834304700002,-3.9947999380000283,0,null],[119.657806166,-3.9946217520000005,0,null],[119.65747253100005,-3.9944596209999759,0,null],[119.65743479399998,-3.9944351379999716,0,null],[119.65743138799996,-3.994439089000025,0,null],[119.65741722799999,-3.9944635470000094,0,null],[119.65739867000002,-3.9944956019999722,0,null],[119.657276723,-3.9948346749999928,0,null],[119.65704701000004,-3.9954867449999938,0,null],[119.65703797000003,-3.9956349189999969,0,null],[119.65711045199998,-3.9958476529999984,0,null],[119.65713631200003,-3.9959107509999967,0,null],[119.65729640799998,-3.9960642789999952,0,null],[119.65757989500003,-3.9962599049999881,0,null],[119.65786185599995,-3.9964254089999827,0,null],[119.65827576200002,-3.9967511649999778,0,null],[119.65852183899995,-3.9968637029999741,0,null],[119.65915421299997,-3.9971571859999813,0,null],[119.65956189600001,-3.9973251490000052,0,null],[119.65972217700005,-3.9974121409999839,0,null],[119.65989690399999,-3.9975493000000029,0,null],[119.66008758700002,-3.9977610079999977,0,null],[119.66021238999997,-3.9979212829999824,0,null],[119.66032151000002,-3.9980916509999815,0,null],[119.66035289000001,-3.9981853959999967,0,null],[119.66036211200003,-3.9982780230000117,0,null],[119.660352343,-3.9983497879999845,0,null],[119.66031851599996,-3.9984919280000213,0,null],[119.660246433,-3.9987317490000009,0,null],[119.66021541199996,-3.9988581000000067,0,null],[119.66019583800005,-3.9989901509999868,0,null],[119.66018245500004,-3.9992699520000201,0,null],[119.66018911799995,-3.9995640330000128,0,null],[119.66017400099997,-3.999749152999982,0,null],[119.66012480699999,-3.9999989419999906,0,null],[119.66007973700005,-4.0001985050000144,0,null],[119.66004160600005,-4.0003349209999897,0,null],[119.66003468500003,-4.0004038069999979,0,null],[119.66006473300001,-4.000687298999992,0,null],[119.66006649400003,-4.0007049750000192,0,null],[119.66015295,-4.0009531919999972,0,null],[119.66019645599999,-4.0011220299999763,0,null],[119.66018266499998,-4.0013542890000053,0,null],[119.66013946700002,-4.0015438039999935,0,null],[119.660092459,-4.0017333310000254,0,null],[119.66002451199995,-4.0019267519999744,0,null],[119.65998674499997,-4.0020282570000063,0,null],[119.65981860299996,-4.0030464499999994,0,null],[119.65965322099999,-4.0037394469999867,0,null],[119.65962862000003,-4.003789261999998,0,null],[119.65959255899998,-4.0038295499999776,0,null],[119.65954121799996,-4.0038564970000152,0,null],[119.65948605999995,-4.0038815440000235,0,null],[119.65941375399996,-4.0039047340000025,0,null],[119.65920438499995,-4.0039532370000188,0,null],[119.65913019799996,-4.0039840850000132,0,null],[119.65905794699995,-4.0040244909999956,0,null],[119.65896105800005,-4.0041032340000129,0,null],[119.65887756999996,-4.0042029749999983,0,null],[119.65885307400004,-4.0042853080000214,0,null],[119.65883044500004,-4.0043561580000073,0,null],[119.65879832400003,-4.0044366029999878,0,null],[119.65875859000005,-4.0045189859999937,0,null],[119.65870732200005,-4.0045688870000049,0,null],[119.65864461900003,-4.0046169130000067,0,null],[119.65857620199995,-4.004664957999978,0,null],[119.65845259100001,-4.0047265719999814,0,null],[119.65828901600003,-4.0047997940000073,0,null],[119.65809303599997,-4.004865470000027,0,null],[119.65792552899995,-4.0049004470000114,0,null],[119.65773332699996,-4.0049565460000167,0,null],[119.65766486099994,-4.0049892879999902,0,null],[119.65758500300001,-4.005033544000014,0,null],[119.65749758200002,-4.0050950400000147,0,null],[119.65741779200005,-4.005160337999996,0,null],[119.65733418000002,-4.00522182200001,0,null],[119.65723535400002,-4.0052910069999825,0,null],[119.65714600399997,-4.0053448580000008,0,null],[119.65704710399996,-4.0053910889999997,0,null],[119.65690632500002,-4.0054451080000035,0,null],[119.65679979399999,-4.0054875380000112,0,null],[119.65670852000005,-4.0055356569999958,0,null],[119.65663252100001,-4.0055952029999844,0,null],[119.65656997200006,-4.0056910509999852,0,null],[119.65638841700002,-4.0060952580000162,0,null],[119.65625426600002,-4.0064323600000193,0,null],[119.65621080799997,-4.0065415349999967,0,null],[119.65615777699998,-4.0066354389999788,0,null],[119.65610276799998,-4.0067063939999912,0,null],[119.65603065799996,-4.0067907949999721,0,null],[119.65599276,-4.0068521310000165,0,null],[119.65597021799999,-4.0069497609999871,0,null],[119.65597226700004,-4.0071563230000038,0,null],[119.65597120500001,-4.0071840719999727,0,null],[119.65603383799998,-4.00742280999998,0,null],[119.65611062400001,-4.0076232709999999,0,null],[119.65616367799998,-4.0078429260000235,0,null],[119.65619255299998,-4.0079431870000235,0,null],[119.65625008899997,-4.0080768079999984,0,null],[119.65627153299999,-4.0081707589999951,0,null],[119.656254934,-4.0082912880000094,0,null],[119.65624174899995,-4.008337240000003,0,null],[119.65620387599995,-4.0084062270000231,0,null],[119.65615073399999,-4.0084656989999985,0,null],[119.65608805600004,-4.0085213770000223,0,null],[119.65599872899998,-4.0085828800000058,0,null],[119.65590373099997,-4.0086577910000187,0,null],[119.65577071200005,-4.0087557809999907,0,null],[119.65555033299995,-4.0089343959999724,0,null],[119.65517783200005,-4.0091938470000059,0,null],[119.65510566,-4.0092591200000243,0,null],[119.65502777500001,-4.0093244110000228,0,null],[119.65496714300002,-4.009424077999995,0,null],[119.65488592899999,-4.0096385850000047,0,null],[119.65484448799998,-4.0097821850000059,0,null],[119.65476324899998,-4.0099890399999936,0,null],[119.65472160399997,-4.0100695169999767,0,null],[119.65468186299995,-4.010149986999977,0,null],[119.65461346400002,-4.0102037699999755,0,null],[119.65455262199998,-4.0102383999999915,0,null],[119.65447459999996,-4.010261608999997,0,null],[119.65435657199998,-4.0102830339999969,0,null],[119.65420418400004,-4.0102816180000218,0,null],[119.65379641899995,-4.0102389489999837,0,null],[119.65362308500005,-4.0102395129999877,0,null],[119.65346692399999,-4.0102495859999863,0,null],[119.65332989700005,-4.0102863769999999,0,null],[119.65323098399995,-4.0103287819999878,0,null],[119.65315678399998,-4.010355804000028,0,null],[119.65306933700003,-4.0104096489999961,0,null],[119.65296867400002,-4.0104998819999764,0,null],[119.65282798600003,-4.0105825940000273,0,null],[119.65273285800004,-4.0106173350000063,0,null],[119.65264721100004,-4.0106386549999797,0,null],[119.65255199600006,-4.0106466170000203,0,null],[119.65243580499998,-4.0106469950000019,0,null],[119.65234052899996,-4.0106358269999873,0,null],[119.65213849899999,-4.0105982270000027,0,null],[119.65189458199995,-4.0105665020000174,0,null],[119.65164295900001,-4.010508021000021,0,null],[119.65103075299999,-4.010270902000002,0,null],[119.65060167800004,-4.0101173539999877,0,null],[119.65041865199998,-4.0100663009999948,0,null],[119.65025672700006,-4.0100610889999757,0,null],[119.65008723799997,-4.0100731169999904,0,null],[119.64997301899996,-4.0100945300000035,0,null],[119.649818923,-4.0101543299999776,0,null],[119.649600212,-4.0102602499999875,0,null],[119.64945009099995,-4.0103716849999955,0,null],[119.649351486,-4.0105097329999921,0,null],[119.64926810099996,-4.0106419929999788,0,null],[119.64918660800004,-4.0107704210000179,0,null],[119.64905767499999,-4.0109544769999843,0,null],[119.64893252000002,-4.0111289559999932,0,null],[119.64884533099996,-4.0112631420000184,0,null],[119.64878114199996,-4.0114412489999722,0,null],[119.64873354400004,-4.0116949609999892,0,null],[119.64873036500001,-4.0119425799999817,0,null],[119.64867708600002,-4.0120675780000283,0,null],[119.64862725199998,-4.0121193879999737,0,null],[119.64853455499997,-4.0121699029999718,0,null],[119.64846751300001,-4.0122016830000007,0,null],[119.64830622500006,-4.0122466820000113,0,null],[119.64795064899999,-4.0122923119999996,0,null],[119.64765937300001,-4.0123420379999857,0,null],[119.64748807599995,-4.012384198999996,0,null],[119.64734246099999,-4.0124162349999892,0,null],[119.64723105400003,-4.0124237709999875,0,null],[119.64708677500005,-4.0124271089999866,0,null],[119.64697399900001,-4.0124532990000148,0,null],[119.64689123699998,-4.0124836960000039,0,null],[119.64681274300005,-4.0125083400000108,0,null],[119.646604228,-4.0125276680000184,0,null],[119.64637165900001,-4.0124710370000116,0,null],[119.64623815699997,-4.0124198230000161,0,null],[119.64603075599996,-4.0122897740000099,0,null],[119.64579484599994,-4.0119870359999936,0,null],[119.645632095,-4.011725499000022,0,null],[119.64555933099996,-4.0116071360000092,0,null],[119.645446591,-4.0114965540000185,0,null],[119.64529775300002,-4.0114147830000206,0,null],[119.64512233300002,-4.0113598789999969,0,null],[119.64486698600001,-4.0113281879999931,0,null],[119.64468225799999,-4.0113402650000012,0,null],[119.64445753500002,-4.0113543840000148,0,null],[119.64426519999995,-4.0113703119999968,0,null],[119.64400047699996,-4.0113845609999998,0,null],[119.64375287799999,-4.0113930159999995,0,null],[119.64359099499995,-4.0114011919999939,0,null],[119.643417677,-4.0114074929999788,0,null],[119.64327286900004,-4.011394571999972,0,null],[119.64292785500004,-4.0113191759999722,0,null],[119.64265902,-4.0112397060000262,0,null],[119.64235015999998,-4.0111527139999907,0,null],[119.64218039299999,-4.0110786619999885,0,null],[119.641909371,-4.0109112050000135,0,null],[119.64147804499999,-4.0106505360000142,0,null],[119.64135966499998,-4.0105629270000236,0,null],[119.64110405600002,-4.0102592970000046,0,null],[119.641067174,-4.010185813000021,0,null],[119.64096146999998,-4.0098707480000257,0,null],[119.64092283299999,-4.0096940540000219,0,null],[119.64089378999995,-4.0095412229999852,0,null],[119.64089331399998,-4.0093930790000059,0,null],[119.64094470800001,-4.0090966199999798,0,null],[119.64094413999999,-4.0089198030000261,0,null],[119.64094846900002,-4.0087859789999811,0,null],[119.64092407800001,-4.0085996810000211,0,null],[119.64082861300005,-4.0085091909999733,0,null],[119.64069052000002,-4.0084809649999897,0,null],[119.64046672500001,-4.008438678999994,0,null],[119.64031937499999,-4.0084917240000095,0,null],[119.640224601,-4.0086162819999913,0,null],[119.64018221799995,-4.0087550079999801,0,null],[119.64014476199998,-4.0089462849999791,0,null],[119.64011206500004,-4.009137547000023,0,null],[119.64010311499999,-4.0093143959999793,0,null],[119.64008933000002,-4.0094673649999777,0,null],[119.64010422000001,-4.0096584730000018,0,null],[119.64011877200005,-4.0097444470000028,0,null],[119.640086075,-4.0099357089999899,0,null],[119.640048374,-4.0100505240000075,0,null],[119.63992022699995,-4.0101560749999976,0,null],[119.63978742999996,-4.0102950940000142,0,null],[119.639740319,-4.0104433920000133,0,null],[119.63974061500005,-4.0105357759999833,0,null],[119.63977244800003,-4.0106145799999808,0,null],[119.63978680699995,-4.0106374879999862,0,null],[119.63980690899996,-4.0106689859999847,0,null],[119.63983420500006,-4.0107162410000115,0,null],[119.63987431099997,-4.0107491090000167,0,null],[119.639922985,-4.0107805139999755,0,null],[119.63995873199997,-4.0107904409999833,0,null],[119.64000019399998,-4.0108003500000109,0,null],[119.640043117,-4.0108202960000199,0,null],[119.64009038500001,-4.0108588790000113,0,null],[119.64013048699996,-4.010890312000015,0,null],[119.64018056600003,-4.0109145389999981,0,null],[119.64024065499996,-4.010941602999992,0,null],[119.64028072999997,-4.0109644280000225,0,null],[119.64032796599997,-4.0109929689999717,0,null],[119.640396764,-4.0110630450000144,0,null],[119.64045564100002,-4.0111575430000244,0,null],[119.64047101999995,-4.0112582180000231,0,null],[119.64045402500005,-4.0113485360000141,0,null],[119.640242618,-4.0116684330000112,0,null],[119.64013958600003,-4.0117801929999928,0,null],[119.64008760900003,-4.011895055000025,0,null],[119.64008819200001,-4.0120766509999726,0,null],[119.640127044,-4.0123202500000161,0,null],[119.64023250299999,-4.0125588529999732,0,null],[119.64027124799998,-4.0127689990000022,0,null],[119.64028610800005,-4.0129505500000278,0,null],[119.64023429999997,-4.0131179790000147,0,null],[119.64014410000004,-4.013185175999979,0,null],[119.63999661100002,-4.0131952120000278,0,null],[119.63992315899998,-4.0131789289999915,0,null],[119.63971609600003,-4.0130852710000227,0,null],[119.63952298499999,-4.0130084240000201,0,null],[119.63917242000002,-4.0128359639999758,0,null],[119.63899366400005,-4.0127805910000234,0,null],[119.63885352700004,-4.0127394389999722,0,null],[119.63858492700001,-4.0127331360000085,0,null],[119.63848774500002,-4.0127219729999979,0,null],[119.638336299,-4.0127181600000199,0,null],[119.63816923900004,-4.0127459600000179,0,null],[119.63801931399996,-4.0127708339999799,0,null],[119.63792938100005,-4.0127926459999799,0,null],[119.63776948300006,-4.0128261610000209,0,null],[119.63764444000003,-4.0128495019999946,0,null],[119.63739480000004,-4.0128694119999864,0,null],[119.637297698,-4.0128831160000118,0,null],[119.63723496800003,-4.0129234899999915,0,null],[119.63720651200003,-4.0129599279999866,0,null],[119.63717436399997,-4.0130327219999913,0,null],[119.63714599399998,-4.0130959400000279,0,null],[119.63709677600002,-4.0131917439999825,0,null],[119.63703819399996,-4.0133373140000117,0,null],[119.63669779600002,-4.0141074030000254,0,null],[119.63660691799998,-4.0142798589999984,0,null],[119.636209001,-4.0149334469999758,0,null],[119.63601222,-4.0153453589999799,0,null],[119.63595742300004,-4.0154832650000003,0,null],[119.63594435799996,-4.0155557990000261,0,null],[119.63599753100004,-4.0155616349999832,0,null],[119.63613569100005,-4.0155759290000219,0,null],[119.63627037200001,-4.0156233150000276,0,null],[119.63643738099995,-4.0157279840000228,0,null],[119.63650276199996,-4.015786941999977,0,null],[119.63671109899997,-4.0160666379999839,0,null],[119.63691042899995,-4.0162261980000267,0,null],[119.63710605300002,-4.016343925000001,0,null],[119.637638595,-4.0164617560000124,0,null],[119.63789927799996,-4.0164489559999765,0,null],[119.63851527899999,-4.0166047729999832,0,null],[119.63862239499997,-4.0165948619999767,0,null],[119.63874727899997,-4.0165573940000172,0,null],[119.63886614499995,-4.0164996220000262,0,null],[119.63901832299996,-4.0164345680000224,0,null],[119.63911826799995,-4.0164163110000004,0,null],[119.63929797399999,-4.0163965990000179,0,null],[119.63940514599994,-4.0164046209999924,0,null],[119.63971376100005,-4.0164885049999839,0,null],[119.63983166399998,-4.0165012730000171,0,null],[119.64013053899998,-4.0165182370000139,0,null],[119.64063080999995,-4.0165967170000272,0,null],[119.64075832900005,-4.0166381480000268,0,null],[119.64109918700001,-4.016753011999981,0,null],[119.64127072799999,-4.0167859310000154,0,null],[119.64137916799996,-4.0168178590000139,0,null],[119.64150919899998,-4.0168999300000223,0,null],[119.64184821100002,-4.0171809820000135,0,null],[119.64205469299998,-4.0173429079999892,0,null],[119.64213695299998,-4.0173785079999789,0,null],[119.64221915200005,-4.0173949790000165,0,null],[119.64229776399998,-4.0174066789999756,0,null],[119.64299903400001,-4.0174235310000199,0,null],[119.64339280700005,-4.0173337800000013,0,null],[119.64356756100005,-4.0172555010000224,0,null],[119.64371247899999,-4.0171546039999839,0,null],[119.64386595099995,-4.0171218250000038,0,null],[119.64443727399998,-4.0170829069999741,0,null],[119.644491948,-4.0170552309999721,0,null],[119.64461663199995,-4.0169555950000131,0,null],[119.64537444400003,-4.017155181000021,0,null],[119.64554864299998,-4.0172741700000074,0,null],[119.645886464,-4.0176291550000087,0,null],[119.64596463199996,-4.0176738220000061,0,null],[119.64612630700003,-4.0177254079999898,0,null],[119.64657661499996,-4.0177938819999781,0,null],[119.64756268600001,-4.0179094590000091,0,null],[119.64807481399998,-4.0179735479999863,0,null],[119.64811629099995,-4.0180217719999973,0,null],[119.64826626000001,-4.0186406409999904,0,null],[119.64831171499998,-4.0187074439999719,0,null],[119.64834276099998,-4.0187360369999965,0,null],[119.64841180200006,-4.018733420999979,0,null],[119.64849032100005,-4.0187164270000153,0,null],[119.64857364900001,-4.0187137649999727,0,null],[119.64864991000002,-4.018735036999999,0,null],[119.64880238700005,-4.0187632330000156,0,null],[119.64891671400005,-4.0187748170000077,0,null],[119.64906199400002,-4.0187862989999985,0,null],[119.64917641399995,-4.0188265749999914,0,null],[119.64926951999996,-4.0189027870000018,0,null],[119.64932191299999,-4.018855880999979,0,null],[119.649355399,-4.0188860040000236,0,null],[119.64939960599997,-4.0189348779999818,0,null],[119.64944258000003,-4.0189706040000033,0,null],[119.64946411300002,-4.0190028139999754,0,null],[119.64949513199997,-4.0190230370000108,0,null],[119.64952735600002,-4.0190480389999834,0,null],[119.64956081800005,-4.0190873829999987,0,null],[119.64957758200001,-4.0191172169999732,0,null],[119.64959195599999,-4.019144668000024,0,null],[119.64960158899999,-4.0191781120000201,0,null],[119.64959579799995,-4.0192283439999983,0,null],[119.64956028799998,-4.0192918239999926,0,null],[119.64951767299999,-4.0193672830000082,0,null],[119.64946198999996,-4.0194511529999772,0,null],[119.64943836099997,-4.0195074210000143,0,null],[119.64941469400003,-4.0195517330000143,0,null],[119.64938741599997,-4.0195841020000103,0,null],[119.64935780400003,-4.0196308249999788,0,null],[119.64932822699996,-4.0196883080000134,0,null],[119.649302229,-4.0197481700000139,0,null],[119.64928934600005,-4.019813967999994,0,null],[119.64931818900004,-4.0198975619999828,0,null],[119.649319526,-4.0199429890000147,0,null],[119.64931010999999,-4.0199764949999803,0,null],[119.64928641899996,-4.0200136340000086,0,null],[119.64925326699995,-4.020069933000002,0,null],[119.649251091,-4.0201333050000017,0,null],[119.64926437099996,-4.020190647999982,0,null],[119.64928595499998,-4.0202383999999824,0,null],[119.64930280800002,-4.0202957309999761,0,null],[119.64929833799999,-4.020373893999988,0,null],[119.64929979800002,-4.0204328710000254,0,null],[119.64929558200004,-4.0204544050000095,0,null],[119.64926854500004,-4.0204874899999936,0,null],[119.64924017700002,-4.0205507079999734,0,null],[119.649230311,-4.0205923450000114,0,null],[119.649214777,-4.0206483470000194,0,null],[119.64918636200002,-4.0206972189999988,0,null],[119.64915363399996,-4.0207374959999811,0,null],[119.64909803900002,-4.0207749780000199,0,null],[119.64903815299999,-4.0208110400000123,0,null],[119.64896457899999,-4.0208455889999755,0,null],[119.64889404899998,-4.0208688960000245,0,null],[119.64886129299998,-4.0209005649999767,0,null],[119.64884286999995,-4.0209465340000179,0,null],[119.64884304600002,-4.0210010509999847,0,null],[119.64885894099996,-4.0210569509999914,0,null],[119.64886481300005,-4.0211057110000183,0,null],[119.64886904000002,-4.0211805370000206,0,null],[119.64884170200003,-4.021211591999986,0,null],[119.64882030599995,-4.0212217050000163,0,null],[119.64877036899998,-4.0212419530000147,0,null],[119.64873898600001,-4.0212564010000165,0,null],[119.64869761700004,-4.0212751870000147,0,null],[119.64866488400003,-4.0213140289999956,0,null],[119.64865502700002,-4.0213585359999797,0,null],[119.64867231899996,-4.0214043889999971,0,null],[119.64870096100003,-4.0214258159999758,0,null],[119.64871676300004,-4.0214530229999923,0,null],[119.64871688799997,-4.0214917580000247,0,null],[119.64869564900005,-4.0215506490000053,0,null],[119.64865728100006,-4.0216138989999877,0,null],[119.64862173300003,-4.0216656630000216,0,null],[119.64857611900004,-4.0216973739999844,0,null],[119.648543335,-4.0217204350000202,0,null],[119.64853059799998,-4.0217577779999942,0,null],[119.64855071900001,-4.0217950140000198,0,null],[119.64858507500003,-4.0218164219999721,0,null],[119.64862127200001,-4.0218297499999949,0,null],[119.64866095900004,-4.0218678219999902,0,null],[119.64865964600006,-4.0219036930000129,0,null],[119.64863691799997,-4.0219439379999926,0,null],[119.64856231299996,-4.0219742310000015,0,null],[119.64850494999996,-4.0219995229999768,0,null],[119.64846218800005,-4.0220295510000028,0,null],[119.64843491800002,-4.0220643110000083,0,null],[119.64841243399997,-4.0221062279999842,0,null],[119.64840549200005,-4.0221684200000141,0,null],[119.64842120000003,-4.022240102000012,0,null],[119.64845030499998,-4.0224049930000092,0,null],[119.64846658500005,-4.0226536150000243,0,null],[119.64849428000002,-4.022750364999979,0,null],[119.64841700900001,-4.0227852880000228,0,null],[119.64834448099998,-4.0228142170000183,0,null],[119.64827559299999,-4.022864654999978,0,null],[119.64822429200001,-4.0229047540000238,0,null],[119.64820156899998,-4.0229464330000155,0,null],[119.64816885000005,-4.0229895800000008,0,null],[119.64809899199997,-4.023034282000026,0,null],[119.64799627499997,-4.0230790909999996,0,null],[119.64794784599997,-4.0231237230000261,0,null],[119.64789380900004,-4.0232013710000274,0,null],[119.64787396600002,-4.0232502150000187,0,null],[119.64785416999996,-4.0233134040000209,0,null],[119.64783297700001,-4.0233866410000019,0,null],[119.64780607,-4.0234598970000093,0,null],[119.64778622200004,-4.0235073050000096,0,null],[119.64774063200002,-4.0235461899999905,0,null],[119.64768927600005,-4.0235693120000064,0,null],[119.64763646799997,-4.0235852650000083,0,null],[119.647572384,-4.0236485990000119,0,null],[119.64755684099998,-4.0237017329999958,0,null],[119.64755556499995,-4.0237490810000054,0,null],[119.64753711900005,-4.0237878770000179,0,null],[119.64746866999997,-4.023826836000012,0,null],[119.64742302399998,-4.0238485049999895,0,null],[119.64736880199996,-4.023868766000021,0,null],[119.64731877199995,-4.0238603220000186,0,null],[119.64727584000002,-4.0238375069999961,0,null],[119.64723015699997,-4.0238476979999973,0,null],[119.64718308600004,-4.0238708059999908,0,null],[119.64712319099999,-4.0239039990000265,0,null],[119.647029051,-4.0239502150000135,0,null],[119.64697196199995,-4.0239676169999825,0,null],[119.64687340099999,-4.0239722420000135,0,null],[119.64680341300004,-4.0239767740000048,0,null],[119.64676775299995,-4.0239941059999751,0,null],[119.646716481,-4.0240430520000245,0,null],[119.64665954899999,-4.0241092320000007,0,null],[119.64663253499998,-4.0241494900000134,0,null],[119.64660129599997,-4.0242084129999967,0,null],[119.64656855800001,-4.0242458210000223,0,null],[119.64653006399999,-4.0242703359999723,0,null],[119.64648013199997,-4.0242920189999722,0,null],[119.64641167499997,-4.0243281080000202,0,null],[119.64636751299997,-4.024366987999997,0,null],[119.64627072200005,-4.0244514739999886,0,null],[119.64621641799999,-4.0244721909999726,0,null],[119.64619286200002,-4.0244772890000036,0,null],[119.64616571800002,-4.0244773779999718,0,null],[119.64612074199999,-4.0244854150000151,0,null],[119.64605573999995,-4.02448562699999,0,null],[119.64599281599999,-4.0244657459999758,0,null],[119.64594706299999,-4.024446925999996,0,null],[119.64579989599997,-4.0244564210000249,0,null],[119.645789648,-4.0244598369999949,0,null],[119.64565570399998,-4.0244797560000052,0,null],[119.64554575800003,-4.0244980479999981,0,null],[119.64549295999996,-4.0245168700000136,0,null],[119.64545453699998,-4.0245636220000165,0,null],[119.64544107200004,-4.0245966630000112,0,null],[119.64544342099998,-4.0246604980000029,0,null],[119.64543446899995,-4.0247638230000007,0,null],[119.64540764000003,-4.0248614679999832,0,null],[119.64541668200002,-4.0250070569999821,0,null],[119.64542391800001,-4.0250357269999881,0,null],[119.64544254999998,-4.0250543170000128,0,null],[119.64544833599996,-4.0250765359999718,0,null],[119.64544131800005,-4.0251152949999778,0,null],[119.645426466,-4.0251612519999753,0,null],[119.64541658600001,-4.0251985859999877,0,null],[119.64542094900003,-4.0252222440000196,0,null],[119.64543318899996,-4.0252523319999796,0,null],[119.64547775000005,-4.0253368319999936,0,null],[119.64550435299998,-4.0253905449999934,0,null],[119.64549784300004,-4.0254098170000248,0,null],[119.64546995700005,-4.0254305889999955,0,null],[119.64545760299995,-4.0254392370000005,0,null],[119.64542810600005,-4.0254479409999817,0,null],[119.64540716900001,-4.02545279200001,0,null],[119.64537196399999,-4.0254634269999769,0,null],[119.64535011999999,-4.0254826269999739,0,null],[119.64530927099997,-4.0255152789999897,0,null],[119.64526080300004,-4.0255479560000254,0,null],[119.645150468,-4.0255932690000122,0,null],[119.64511814499997,-4.0256115459999933,0,null],[119.645088719,-4.0256422489999864,0,null],[119.64507356399997,-4.0256681220000132,0,null],[119.64504131499996,-4.0257093540000142,0,null],[119.645009974,-4.0257371929999977,0,null],[119.644982422,-4.0257583250000266,0,null],[119.644984454,-4.0257975320000128,0,null],[119.64504761000001,-4.0258891450000078,0,null],[119.64507823500003,-4.0259349550000252,0,null],[119.64511651400005,-4.0259912600000121,0,null],[119.64518257700001,-4.0260981669999865,0,null],[119.64520369700006,-4.0261497459999873,0,null],[119.645204788,-4.0261927829999991,0,null],[119.64519919400004,-4.0262301019999995,0,null],[119.64517641899999,-4.0262560009999788,0,null],[119.64512791699997,-4.0262781569999788,0,null],[119.645068917,-4.0262936519999926,0,null],[119.64502609600004,-4.0263052689999768,0,null],[119.64496135299999,-4.0263121749999868,0,null],[119.64488421399994,-4.0263143390000096,0,null],[119.64481663900006,-4.0263289060000034,0,null],[119.644726311,-4.0263760660000116,0,null],[119.64467692400001,-4.0264192669999943,0,null],[119.64463139700001,-4.0264777579999986,0,null],[119.64459818900002,-4.0265170810000086,0,null],[119.64454401499995,-4.0265526460000274,0,null],[119.64446699600001,-4.0265921110000136,0,null],[119.64442234099999,-4.0266257320000136,0,null],[119.64440055600005,-4.026663104000022,0,null],[119.64439121700002,-4.0267205210000157,0,null],[119.64438949500004,-4.0267769569999814,0,null],[119.64437461399996,-4.0268879530000277,0,null],[119.64437389299997,-4.026959689000023,0,null],[119.64437311400002,-4.0270132530000069,0,null],[119.64435145899995,-4.0270907949999923,0,null],[119.64434610199999,-4.0271042749999992,0,null],[119.64429635700003,-4.0271831119999888,0,null],[119.64427856500004,-4.0272034949999806,0,null],[119.64425480499995,-4.0272191139999904,0,null],[119.64422032599998,-4.0272335729999895,0,null],[119.64417991799996,-4.0272552249999762,0,null],[119.64414669200005,-4.0272888090000265,0,null],[119.64412420300005,-4.0273295310000208,0,null],[119.64407206500005,-4.0274081119999892,0,null],[119.64405905700005,-4.0274325610000119,0,null],[119.64403887599997,-4.027450559999977,0,null],[119.64400798400004,-4.0274697899999978,0,null],[119.64396874700003,-4.0274854599999799,0,null],[119.64388898200002,-4.0274857200000156,0,null],[119.64383296999995,-4.0274679689999857,0,null],[119.64377734899995,-4.0274376350000125,0,null],[119.64366250900002,-4.0274015730000201,0,null],[119.64360770300004,-4.0273885999999948,0,null],[119.64351443299995,-4.0273930179999979,0,null],[119.64343271899997,-4.0273963430000208,0,null],[119.64337200700004,-4.0273977360000117,0,null],[119.64331367099999,-4.0273979259999919,0,null],[119.643276722,-4.0273848950000115,0,null],[119.64324803,-4.0273479269999939,0,null],[119.64322059000006,-4.0273300829999812,0,null],[119.64318843900003,-4.0273277960000087,0,null],[119.64309795899999,-4.0273280910000153,0,null],[119.64305865200004,-4.0273222409999789,0,null],[119.642999003,-4.0272841770000127,0,null],[119.64294770200001,-4.0272508689999995,0,null],[119.64290480099999,-4.0272378569999887,0,null],[119.64281431400002,-4.0272357609999858,0,null],[119.64275356200005,-4.0272251979999965,0,null],[119.64271300400003,-4.027200224000012,0,null],[119.64268188000005,-4.0271477200000163,0,null],[119.64265193999995,-4.027092821999986,0,null],[119.64264472699995,-4.027071325999998,0,null],[119.64259952099997,-4.0270321869999748,0,null],[119.64253380399998,-4.0270083219999719,0,null],[119.64248856100005,-4.0270072740000273,0,null],[119.64245407400006,-4.0270193420000169,0,null],[119.642436363,-4.0270648299999721,0,null],[119.64242830700005,-4.0271509369999876,0,null],[119.64239768100003,-4.0272526589999984,0,null],[119.64236359200004,-4.0273878680000053,0,null],[119.64233188399999,-4.0275230699999724,0,null],[119.64230948099998,-4.0275900940000042,0,null],[119.64228231499999,-4.0276571339999805,0,null],[119.64225034399999,-4.0277110380000067,0,null],[119.64221479399998,-4.0277625630000102,0,null],[119.642123363,-4.0278369850000217,0,null],[119.64203661700003,-4.0278874809999934,0,null],[119.64190824499997,-4.0279512629999772,0,null],[119.64171573600004,-4.0280618809999851,0,null],[119.64156490899995,-4.0281771460000186,0,null],[119.64147117100003,-4.0282742910000024,0,null],[119.64139174100001,-4.0283785629999898,0,null],[119.64133724299995,-4.0284612340000194,0,null],[119.64124965400003,-4.0286193329999946,0,null],[119.64121436999994,-4.0287533509999776,0,null],[119.64115671699994,-4.0289651530000015,0,null],[119.64113328500002,-4.0290823939999996,0,null],[119.64111212199998,-4.0291649559999883,0,null],[119.64108864299999,-4.029267850999986,0,null],[119.64109005800003,-4.0293371889999889,0,null],[119.64110221700003,-4.0294160560000023,0,null],[119.64110833999996,-4.029468640999994,0,null],[119.64111331799995,-4.0295355760000007,0,null],[119.64113640100004,-4.0296789679999847,0,null],[119.64116282400005,-4.0297506160000012,0,null],[119.64118200799999,-4.0297923979999837,0,null],[119.64120471299998,-4.029818626000008,0,null],[119.641230931,-4.029826909999997,0,null],[119.641255355,-4.0298292219999894,0,null],[119.641339292,-4.0298337300000071,0,null],[119.64144040600002,-4.0298082940000199,0,null],[119.64151292400004,-4.029775777999987,0,null],[119.64162229399994,-4.0297264039999732,0,null],[119.64169720500001,-4.0296974670000054,0,null],[119.64177213400001,-4.0296745069999815,0,null],[119.64184236799997,-4.0296718870000063,0,null],[119.64190436000001,-4.0296979880000094,0,null],[119.64195568000002,-4.0297372740000128,0,null],[119.641991512,-4.0297730240000078,0,null],[119.64216165300002,-4.0299334449999833,0,null],[119.64221590499994,-4.0299745120000239,0,null],[119.64225680000004,-4.0300348320000126,0,null],[119.64231937199997,-4.0301271260000249,0,null],[119.64239628999997,-4.0303613560000144,0,null],[119.64241537700002,-4.0305205419999766,0,null],[119.64242008899998,-4.0306525159999751,0,null],[119.64241777400002,-4.0308203800000229,0,null],[119.642396641,-4.0309122680000087,0,null],[119.642346922,-4.0309999450000191,0,null],[119.64228147799997,-4.0310848039999883,0,null],[119.64220031900004,-4.0311697139999865,0,null],[119.64212192100001,-4.0312244869999745,0,null],[119.64198355600001,-4.0312909319999903,0,null],[119.64138132599999,-4.0314951820000147,0,null],[119.64096166000002,-4.0316055839999763,0,null],[119.64088744900005,-4.031630215000007,0,null],[119.64079189300003,-4.031680740000013,0,null],[119.640683502,-4.0317384800000013,0,null],[119.64057094099996,-4.0318320999999742,0,null],[119.640398409,-4.031935959000009,0,null],[119.64005741899996,-4.03207766700001,0,null],[119.63998182600005,-4.0321166489999882,0,null],[119.63993336399994,-4.0321512389999725,0,null],[119.63989637199995,-4.0321987039999954,0,null],[119.639858054,-4.0322777360000259,0,null],[119.63983117800001,-4.0323610340000187,0,null],[119.63980442299999,-4.0324816340000211,0,null],[119.63979906099996,-4.0325906859999918,0,null],[119.639809464,-4.0327154689999816,0,null],[119.63981679699998,-4.0327742669999793,0,null],[119.63984563400004,-4.0328559490000089,0,null],[119.63988302400003,-4.0329318650000232,0,null],[119.63999958700003,-4.0331925959999921,0,null],[119.64011954499995,-4.0336197380000272,0,null],[119.64011972100002,-4.033674254999994,0,null],[119.64011278700002,-4.0337388379999766,0,null],[119.64009722399999,-4.0337862330000007,0,null],[119.64006598000003,-4.0338437219999719,0,null],[119.64001900100004,-4.0338955230000124,0,null],[119.63997776999997,-4.0339573480000013,0,null],[119.63994510600003,-4.03401771099999,0,null],[119.639838639,-4.0342289550000032,0,null],[119.639783233,-4.034325258000024,0,null],[119.63974343899997,-4.0343899480000118,0,null],[119.63970796900003,-4.0344661010000209,0,null],[119.63969531999999,-4.0345307029999731,0,null],[119.63969545400005,-4.0345723080000084,0,null],[119.63970274500002,-4.0346181940000179,0,null],[119.63971858599996,-4.0346568780000212,0,null],[119.63977172,-4.0347402159999888,0,null],[119.639847315,-4.0348011250000013,0,null],[119.64004313700002,-4.0350203159999865,0,null],[119.64018087099998,-4.0352482310000255,0,null],[119.64021894200005,-4.0353700590000017,0,null],[119.64025511,-4.0356003910000027,0,null],[119.64027033800005,-4.0358173980000061,0,null],[119.64028556699998,-4.0361885940000093,0,null],[119.64031221699997,-4.0365426579999735,0,null],[119.64034267399995,-4.036719689999984,0,null],[119.64039026299997,-4.0368358069999886,0,null],[119.64042643100004,-4.0368910110000229,0,null],[119.64049115199998,-4.0369443110000134,0,null],[119.64058447299999,-4.0369955140000116,0,null],[119.64073014999997,-4.0370299950000117,0,null],[119.64104922299998,-4.0371006380000267,0,null],[119.64128263700002,-4.0371715599999902,0,null],[119.64158265900005,-4.0372374859999809,0,null],[119.64182101699998,-4.0373657389999948,0,null],[119.64190667599996,-4.0373654590000001,0,null],[119.64203516400005,-4.0373650399999974,0,null],[119.64216372999999,-4.0373885149999751,0,null],[119.64231153200001,-4.0374740529999826,0,null],[119.64241173000005,-4.0375549670000055,0,null],[119.64263574999995,-4.0376641510000013,0,null],[119.64285519700002,-4.0378306960000145,0,null],[119.643093927,-4.0380736399999932,0,null],[119.64322760699997,-4.0382070129999761,0,null],[119.64338517399995,-4.0383689810000192,0,null],[119.64348066000002,-4.038464246999979,0,null],[119.64363818000004,-4.0386118779999833,0,null],[119.64373834800006,-4.0386832340000183,0,null],[119.64385271399999,-4.0387306499999909,0,null],[119.64396244600005,-4.038816311000005,0,null],[119.64402032999999,-4.038880660000018,0,null],[119.64427592300001,-4.0390977229999976,0,null],[119.644373481,-4.0391810039999996,0,null],[119.64449483400006,-4.0393547049999938,0,null],[119.64476133300002,-4.0398662889999741,0,null],[119.64480855199997,-4.0399326689999953,0,null],[119.64504343299996,-4.0401750689999858,0,null],[119.64512575499998,-4.0402285999999776,0,null],[119.645235447,-4.0402784539999743,0,null],[119.64535222400002,-4.0403103529999953,0,null],[119.64544036300003,-4.0403220200000192,0,null],[119.645527249,-4.0403145629999813,0,null],[119.64559623800005,-4.040295207999975,0,null],[119.64567473600005,-4.0402710399999933,0,null],[119.64579009399995,-4.0402324049999834,0,null],[119.64586981399998,-4.0402177980000147,0,null],[119.64594009400003,-4.040229523999983,0,null],[119.64604968499998,-4.04024829399998,0,null],[119.64613660199996,-4.0402504009999802,0,null],[119.64621398700001,-4.0402501479999842,0,null],[119.64632356300001,-4.0402641370000083,0,null],[119.64643906499998,-4.0402697370000169,0,null],[119.64655097499997,-4.0402693710000221,0,null],[119.64667828500001,-4.0402450430000272,0,null],[119.64681868299999,-4.0402182820000121,0,null],[119.64690673600001,-4.0402036469999985,0,null],[119.647017452,-4.0402020889999903,0,null],[119.64708772899996,-4.0402126199999771,0,null],[119.64715568999998,-4.0402434819999939,0,null],[119.64722253100001,-4.0402958669999975,0,null],[119.64726316400004,-4.0403435570000283,0,null],[119.64733135400002,-4.0404449559999875,0,null],[119.64735654200001,-4.0405022599999825,0,null],[119.64748372400004,-4.0404384789999881,0,null],[119.64764174300001,-4.0403387310000198,0,null],[119.64773663300002,-4.0402296249999949,0,null],[119.64779818800002,-4.0401206290000005,0,null],[119.64789645099995,-4.0399505390000172,0,null],[119.64794489099995,-4.0398356069999863,0,null],[119.64795767199996,-4.0397387250000065,0,null],[119.64795373200002,-4.0396251610000036,0,null],[119.64793559099996,-4.0395379450000064,0,null],[119.64791026800003,-4.0394387970000025,0,null],[119.64785946999996,-4.0391938739999773,0,null],[119.64784947700002,-4.0390492450000011,0,null],[119.64784177900003,-4.0388783060000151,0,null],[119.64784815500002,-4.0386415660000239,0,null],[119.64786306500002,-4.0384669659999872,0,null],[119.64789363499995,-4.0383485059999771,0,null],[119.64794340499998,-4.0382766100000254,0,null],[119.64808005999998,-4.0381972569999789,0,null],[119.64824066200003,-4.038159668999981,0,null],[119.64846314399995,-4.0381135110000059,0,null],[119.64856184999996,-4.0380797120000125,0,null],[119.64900062799995,-4.0379156820000048,0,null],[119.64928104600006,-4.0377461909999965,0,null],[119.64961599599997,-4.0375047900000141,0,null],[119.65038693099996,-4.0369726380000088,0,null],[119.65074908300005,-4.0366761509999947,0,null],[119.65091169300001,-4.0365237839999963,0,null],[119.65122023599997,-4.0362167129999875,0,null],[119.65130795499999,-4.0360992619999934,0,null],[119.65135057700002,-4.0360261939999873,0,null],[119.651374143,-4.0359507979999876,0,null],[119.65138580400003,-4.0358754399999839,0,null],[119.65134169199996,-4.0354894210000225,0,null],[119.65133253600004,-4.0352359949999936,0,null],[119.65129942199997,-4.034937216000003,0,null],[119.65129335200004,-4.0345343349999894,0,null],[119.65129881600001,-4.0343836779999833,0,null],[119.65132338299998,-4.0342496960000176,0,null],[119.65134807699997,-4.0341551669999944,0,null],[119.65137878300004,-4.0340785509999932,0,null],[119.65143562499998,-4.0339851119999821,0,null],[119.65165856700003,-4.0337141890000225,0,null],[119.65176310799995,-4.0336445049999838,0,null],[119.65190462500004,-4.0335962199999926,0,null],[119.65203907600005,-4.0335718690000135,0,null],[119.65227239900003,-4.0335651280000206,0,null],[119.65239143199994,-4.0335587600000053,0,null],[119.65251521899995,-4.0335499860000255,0,null],[119.65268538999999,-4.0335267140000042,0,null],[119.65297820000001,-4.03350782199999,0,null],[119.65319127999999,-4.0334999519999997,0,null],[119.65340081099998,-4.0334992659999784,0,null],[119.65355080899997,-4.0334963839999887,0,null],[119.65365904500004,-4.0334649449999915,0,null],[119.65376842199998,-4.0334179609999978,0,null],[119.65387530099997,-4.033335118000025,0,null],[119.65400703299997,-4.0332067630000097,0,null],[119.65447959000005,-4.032814271999996,0,null],[119.65459352300002,-4.0327039079999736,0,null],[119.65468130299996,-4.0326055859999883,0,null],[119.65476306799997,-4.03248815500001,0,null],[119.65483290099996,-4.0323623940000175,0,null],[119.65488494600004,-4.0322582109999985,0,null],[119.65516502900005,-4.0316200670000057,0,null],[119.65550183400001,-4.0308514239999909,0,null],[119.65558593000003,-4.030718443000012,0,null],[119.65570698199997,-4.0306008829999769,0,null],[119.65582939900003,-4.0305371179999838,0,null],[119.65596971299999,-4.0304852500000266,0,null],[119.65630970999996,-4.0303334980000045,0,null],[119.65650361600001,-4.0302874330000122,0,null],[119.65665123199994,-4.0302845580000053,0,null],[119.656827529,-4.0303150650000248,0,null],[119.65693605599995,-4.0303732909999894,0,null],[119.65702206000003,-4.0304614799999854,0,null],[119.65706633000002,-4.0305294809999737,0,null],[119.65721121700005,-4.0307860479999817,0,null],[119.65724374599995,-4.030904301000021,0,null],[119.65726443100004,-4.0310417200000188,0,null],[119.65726209800005,-4.0311918780000155,0,null],[119.65729194200003,-4.0314753960000189,0,null],[119.65740199200002,-4.0324242059999733,0,null],[119.65747040099996,-4.03256399899999,0,null],[119.65756919800003,-4.0327123019999931,0,null],[119.65776783399997,-4.0328733289999832,0,null],[119.657973062,-4.0329595850000146,0,null],[119.65823182899999,-4.0330517890000124,0,null],[119.65845787800004,-4.0330636859999913,0,null],[119.65857387599999,-4.0330339430000208,0,null],[119.65871664400004,-4.0329179440000189,0,null],[119.65877315600005,-4.0328049199999896,0,null],[119.65879100200004,-4.0326026650000131,0,null],[119.65879100200004,-4.032266567000022,0,null],[119.65884156599998,-4.0311690400000089,0,null],[119.65884246300004,-4.0310546219999992,0,null],[119.65884254100001,-4.0310447190000218,0,null],[119.65884267599995,-4.0310275059999867,0,null]]]},"properties":{"FID":33055,"OBJECTID":113945,"NAMOBJ":"Lompoe","FCODE":"BA03070040","REMARK":"Pemerintah Kota Parepare, Tahun 2010","METADATA":"TASWIL1000020230928_DATA_BATAS_DESAKELURAHAN","SRS_ID":"SRGI 2013","KDBBPS":" ","KDCBPS":" ","KDCPUM":"73.72.01","KDEBPS":" ","KDEPUM":"73.72.01.1004","KDPBPS":" ","KDPKAB":"73.72","KDPPUM":"73","LUASWH":565.64265154999998,"TIPADM":2,"WADMKC":"Bacukiki","WADMKD":"Lompoe","WADMKK":"Kota Parepare","WADMPR":"Sulawesi Selatan","WIADKC":" ","WIADKK":" ","WIADPR":" ","WIADKD":" ","UUPP":"Data dari Pemerintah Daerah","LUAS":565.64265154999998,"SHAPE_AREA":0.000460636234681,"SHAPE_LEN":0.17292884804600001}},{"type":"Feature","id":33097,"geometry":{"type":"Polygon","coordinates":[[[119.68074216900004,-4.0122185769999987,0,null],[119.68068508600004,-4.0121871979999923,0,null],[119.680558324,-4.0120177190000277,0,null],[119.68015731200001,-4.0120604179999759,0,null],[119.67954415099996,-4.0122212150000109,0,null],[119.67929985499995,-4.0122754180000015,0,null],[119.67908997100005,-4.0122992070000123,0,null],[119.67898476100004,-4.0122288289999801,0,null],[119.67893944399998,-4.0120468549999941,0,null],[119.67893296700004,-4.0119374450000009,0,null],[119.67891354000005,-4.011609304999979,0,null],[119.678913771,-4.01124656799999,0,null],[119.67900730500003,-4.0109457159999806,0,null],[119.67920886399997,-4.0105379089999929,0,null],[119.67930573199999,-4.0101582440000243,0,null],[119.67941900400001,-4.0099056660000088,0,null],[119.67951210499996,-4.0097738769999864,0,null],[119.67971735699996,-4.0094568490000029,0,null],[119.67977869699996,-4.0090494120000244,0,null],[119.67973911299998,-4.0086937560000138,0,null],[119.67953889600005,-4.0084028520000174,0,null],[119.67934581400004,-4.0081449470000052,0,null],[119.67889909300004,-4.007840520000002,0,null],[119.67871339400006,-4.0076540779999732,0,null],[119.67847650399995,-4.0074162380000189,0,null],[119.67821267700003,-4.0072559739999747,0,null],[119.67796096500001,-4.0072624210000072,0,null],[119.67766884499997,-4.0073624180000138,0,null],[119.67738138599998,-4.0074669059999906,0,null],[119.677054355,-4.0074926479999817,0,null],[119.67687681300004,-4.0074904090000132,0,null],[119.67670024899996,-4.0074849669999821,0,null],[119.67618844499998,-4.0074156910000056,0,null],[119.67580435399998,-4.0073682810000264,0,null],[119.67560428900003,-4.0072954660000164,0,null],[119.67556346599997,-4.0072230779999813,0,null],[119.67547799099998,-4.0070715090000135,0,null],[119.67553520299998,-4.0069120100000077,0,null],[119.67561885999999,-4.0066833089999818,0,null],[119.675712772,-4.006424509999988,0,null],[119.67578945299999,-4.0063281309999752,0,null],[119.676043596,-4.0061673420000261,0,null],[119.67630143899999,-4.0059757540000192,0,null],[119.67644825299999,-4.005853118999994,0,null],[119.67656436499999,-4.0057540509999967,0,null],[119.676680627,-4.0056301299999859,0,null],[119.67672247600001,-4.0055855240000255,0,null],[119.67689353699996,-4.0055704060000039,0,null],[119.67708001200003,-4.0055600430000027,0,null],[119.67724688199996,-4.0055559809999863,0,null],[119.67744529000004,-4.0055621619999897,0,null],[119.67763060000004,-4.0055836039999804,0,null],[119.67781548100004,-4.0055781629999956,0,null],[119.67802062800001,-4.0055095949999782,0,null],[119.67818888600004,-4.0053653539999914,0,null],[119.678334017,-4.0051656109999954,0,null],[119.67842788600001,-4.0049755260000097,0,null],[119.67850014400005,-4.0047814449999919,0,null],[119.67852509800002,-4.004568541000026,0,null],[119.67851356300002,-4.0044111490000205,0,null],[119.67851238499998,-4.0043950720000225,0,null],[119.67848220899998,-4.0042474159999983,0,null],[119.67843715900005,-4.0040916749999838,0,null],[119.678400141,-4.0039155750000077,0,null],[119.67838647400004,-4.0037614209999788,0,null],[119.67840620300001,-4.003602079000018,0,null],[119.678429424,-4.0035556349999979,0,null],[119.67844869800001,-4.0035170880000237,0,null],[119.67847493800002,-4.0034646080000016,0,null],[119.67855727899996,-4.0033626719999802,0,null],[119.67866503100004,-4.0032911519999743,0,null],[119.67879140299999,-4.003236515000026,0,null],[119.67896503700001,-4.0031901909999874,0,null],[119.67910996399996,-4.003135493000002,0,null],[119.679237908,-4.0030469629999743,0,null],[119.67924593099997,-4.0030282060000104,0,null],[119.67925968199995,-4.0029960580000079,0,null],[119.67925777999994,-4.0029316760000029,0,null],[119.67921876299999,-4.0028657249999924,0,null],[119.67915677200006,-4.0028156629999785,0,null],[119.67911218100005,-4.002779653999994,0,null],[119.67897855700005,-4.0026767360000122,0,null],[119.67895201900001,-4.0026489979999837,0,null],[119.67883634299994,-4.0025280919999773,0,null],[119.67876674199999,-4.0023995419999778,0,null],[119.67875413499996,-4.0023080930000106,0,null],[119.67875303300002,-4.0023000919999845,0,null],[119.67874082599997,-4.0022115400000189,0,null],[119.67873821399996,-4.0021554200000082,0,null],[119.67873719800002,-4.0021336059999726,0,null],[119.67875528499997,-4.001989524999999,0,null],[119.67877518,-4.0018810160000271,0,null],[119.67882874199995,-4.0017486739999981,0,null],[119.67892629899995,-4.0016551549999804,0,null],[119.67905445199995,-4.0015809480000257,0,null],[119.67916265899999,-4.0015182820000064,0,null],[119.67919407500005,-4.0015000880000002,0,null],[119.67932040999995,-4.0014369749999901,0,null],[119.67945336299999,-4.0013792400000057,0,null],[119.679520916,-4.0013499049999837,0,null],[119.67973156300002,-4.0012712700000179,0,null],[119.67997420100005,-4.0011704980000218,0,null],[119.68023027699996,-4.0010510469999758,0,null],[119.68029486199998,-4.0010065160000181,0,null],[119.68033329800005,-4.0009800149999819,0,null],[119.680341387,-4.0009744370000249,0,null],[119.68039407599997,-4.0009085300000038,0,null],[119.68041001200004,-4.0008885970000279,0,null],[119.680410736,-4.0008876910000026,0,null],[119.68044053699998,-4.0008504140000127,0,null],[119.68047905799995,-4.0007638750000183,0,null],[119.680535878,-4.0005959349999785,0,null],[119.68054164600005,-4.0005604670000139,0,null],[119.68056565300003,-4.0004128379999884,0,null],[119.68056627299995,-4.0003874889999906,0,null],[119.68056750200003,-4.0003371280000124,0,null],[119.68057012400004,-4.0002298239999732,0,null],[119.68055478799999,-4.0000851199999943,0,null],[119.680549412,-4.0000540770000157,0,null],[119.68054004700002,-4,0,null],[119.680516291,-3.9998995990000026,0,null],[119.68047410300005,-3.9997856630000115,0,null],[119.68038730499995,-3.9996096630000011,0,null],[119.680327648,-3.9995222269999999,0,null],[119.68024218100004,-3.9994374780000044,0,null],[119.68014160799999,-3.9993673810000132,0,null],[119.680113334,-3.9993476750000241,0,null],[119.67995401300004,-3.9992569409999987,0,null],[119.67991983299999,-3.9992228390000264,0,null],[119.67990217399995,-3.9991912680000041,0,null],[119.67989118100002,-3.9991451519999828,0,null],[119.67988898099998,-3.9991052429999741,0,null],[119.67989557299995,-3.9990678890000027,0,null],[119.67992635300004,-3.9990363050000042,0,null],[119.67995079599996,-3.9990112250000038,0,null],[119.68001353299996,-3.9989835029999767,0,null],[119.68006305200004,-3.9989693429999988,0,null],[119.680169836,-3.9989404720000152,0,null],[119.68038294400003,-3.9989019259999736,0,null],[119.68063723399996,-3.9988259049999897,0,null],[119.68067954000003,-3.9988185089999888,0,null],[119.68073011499996,-3.9988110869999787,0,null],[119.68078635899997,-3.9988005280000039,0,null],[119.68084003299998,-3.9987941339999793,0,null],[119.68090660999997,-3.9987871739999719,0,null],[119.68099486899996,-3.9987785889999827,0,null],[119.68119346699996,-3.998722459000021,0,null],[119.68139513599999,-3.9986611329999846,0,null],[119.68140038000001,-3.9986591570000201,0,null],[119.68154777300003,-3.998603600000024,0,null],[119.68166687200005,-3.9985513550000178,0,null],[119.68178489399997,-3.998486153999977,0,null],[119.68185289400003,-3.9984408270000245,0,null],[119.681960989,-3.9983393670000282,0,null],[119.68204994799999,-3.9982281100000137,0,null],[119.68215066200003,-3.9980789769999774,0,null],[119.68223640199994,-3.9979324770000062,0,null],[119.68230243000005,-3.9978051780000214,0,null],[119.682370827,-3.9976733070000137,0,null],[119.68246468400002,-3.997479597999984,0,null],[119.68249897400005,-3.997387190999973,0,null],[119.68253019899998,-3.9973041289999856,0,null],[119.68255115600005,-3.9972402860000216,0,null],[119.68256752100001,-3.9971920109999814,0,null],[119.68258032599999,-3.9971587850000105,0,null],[119.68260861900001,-3.9971286179999765,0,null],[119.68263749899995,-3.9971186719999992,0,null],[119.68266744300001,-3.9971175439999911,0,null],[119.68270773699999,-3.9971251840000264,0,null],[119.68275270799995,-3.9971405890000256,0,null],[119.68278012400003,-3.9971560609999983,0,null],[119.68280135400005,-3.9971762069999954,0,null],[119.68283662800002,-3.9972258669999974,0,null],[119.68290942900001,-3.9973868839999795,0,null],[119.68301115400004,-3.9975483210000107,0,null],[119.683160004,-3.9977567860000249,0,null],[119.68320353900003,-3.9978022209999722,0,null],[119.68331749399999,-3.9979211489999784,0,null],[119.68346305,-3.998065849999989,0,null],[119.68349773,-3.9980932180000082,0,null],[119.68353187399998,-3.9981133310000132,0,null],[119.68355771500001,-3.9981236109999827,0,null],[119.68359230600004,-3.9981209040000181,0,null],[119.68361446500001,-3.9981083879999915,0,null],[119.68363709000005,-3.9980813560000001,0,null],[119.68365043699998,-3.99805693899998,0,null],[119.68366168299997,-3.9980232039999919,0,null],[119.68367136799998,-3.9979853250000019,0,null],[119.68367847699994,-3.9979464069999722,0,null],[119.68368554200003,-3.9978971319999914,0,null],[119.68368883899996,-3.9978011929999866,0,null],[119.68369019199997,-3.9977221120000195,0,null],[119.68369057799998,-3.9976995669999837,0,null],[119.68369322800004,-3.9975626749999833,0,null],[119.68370515499998,-3.9974200500000165,0,null],[119.68372753200003,-3.9973141990000158,0,null],[119.68377417600004,-3.9972103470000206,0,null],[119.68379368499996,-3.9971770989999982,0,null],[119.68381531199998,-3.9971588820000079,0,null],[119.68385294400002,-3.9971421660000033,0,null],[119.68389446100002,-3.9971272550000094,0,null],[119.683941162,-3.9971211370000219,0,null],[119.68398401499996,-3.9971215200000074,0,null],[119.68410284599997,-3.9971449789999838,0,null],[119.68427545300005,-3.9971957430000202,0,null],[119.68441686100005,-3.9972481539999762,0,null],[119.68450703400003,-3.9972815749999882,0,null],[119.68479682300006,-3.9973272810000253,0,null],[119.68501865300004,-3.997270560000004,0,null],[119.68532008900002,-3.9970036259999802,0,null],[119.68558751600006,-3.9967550719999849,0,null],[119.68541201000005,-3.9967272360000266,0,null],[119.68519061699999,-3.9965902380000102,0,null],[119.68512092699996,-3.9962461580000195,0,null],[119.68530253300003,-3.995862996000028,0,null],[119.68533955600003,-3.9955338679999954,0,null],[119.68533745000002,-3.9954233860000272,0,null],[119.68533547200002,-3.9953196399999911,0,null],[119.68533278699999,-3.9951787399999716,0,null],[119.68533036899998,-3.9950518649999935,0,null],[119.68508592000001,-3.9948537330000136,0,null],[119.68518434199996,-3.9946621270000264,0,null],[119.68471691699995,-3.9944887049999807,0,null],[119.68503678100001,-3.9942317719999778,0,null],[119.68517857200004,-3.9941178779999973,0,null],[119.685619643,-3.9937635850000106,0,null],[119.68569473100001,-3.9933125430000018,0,null],[119.68596284700004,-3.9917019999999752,0,null],[119.68644769499997,-3.9905370359999779,0,null],[119.68637036300004,-3.9901705990000096,0,null],[119.68606698200006,-3.9897541930000102,0,null],[119.68576360099996,-3.9893377870000108,0,null],[119.68554346500002,-3.9888660930000128,0,null],[119.68435971899999,-3.9868012819999876,0,null],[119.68401378800002,-3.9862872599999832,0,null],[119.68396319299995,-3.9863107140000125,0,null],[119.68375396700003,-3.9864077060000227,0,null],[119.68352028799995,-3.9865225440000245,0,null],[119.683446108,-3.9865614110000251,0,null],[119.68341099899999,-3.9865798060000088,0,null],[119.683266699,-3.986655412999994,0,null],[119.68317665500001,-3.9866958050000108,0,null],[119.68310859099995,-3.9867236810000009,0,null],[119.68301651100001,-3.986774453999999,0,null],[119.68293751600004,-3.9868251749999786,0,null],[119.68283731199995,-3.9869181409999896,0,null],[119.68274956300002,-3.987030424000011,0,null],[119.682705091,-3.9871162939999749,0,null],[119.68268266600001,-3.9872048579999841,0,null],[119.68265422800005,-3.9873508260000108,0,null],[119.68260876500005,-3.9875556079999797,0,null],[119.68254290699997,-3.9878365029999827,0,null],[119.68249252999999,-3.9880101879999756,0,null],[119.68242439999995,-3.9882288709999898,0,null],[119.68238987999996,-3.9883520610000005,0,null],[119.68238969000004,-3.9883527370000138,0,null],[119.68237416900001,-3.9884474950000026,0,null],[119.68237582200004,-3.9885325280000075,0,null],[119.68238781299999,-3.9886230480000222,0,null],[119.682437779,-3.9887466370000197,0,null],[119.68248435999999,-3.9888868200000047,0,null],[119.68254270099999,-3.989045635000025,0,null],[119.68260732800002,-3.989234161000013,0,null],[119.68268726500003,-3.9894703339999751,0,null],[119.68274635900002,-3.9896505730000058,0,null],[119.68278672300005,-3.9897852550000152,0,null],[119.68280146999996,-3.9898736970000073,0,null],[119.68280655599995,-3.9899573270000133,0,null],[119.68280811,-3.9900119409999775,0,null],[119.68280759699996,-3.9900644840000155,0,null],[119.682796618,-3.9901223289999734,0,null],[119.682770699,-3.9901963909999836,0,null],[119.68274465000002,-3.990230347000022,0,null],[119.68270966800003,-3.9902705590000096,0,null],[119.682689579,-3.9902836229999821,0,null],[119.68264234799994,-3.9903143369999725,0,null],[119.68260868699997,-3.9903344919999881,0,null],[119.68257979700002,-3.9903414999999995,0,null],[119.68254264200004,-3.9903471520000267,0,null],[119.68251168500001,-3.9903548620000038,0,null],[119.68245527800002,-3.9903674909999722,0,null],[119.68241606900006,-3.9903752189999864,0,null],[119.68236105699998,-3.990393374000007,0,null],[119.68230400100003,-3.990419830999997,0,null],[119.68224285600002,-3.9904559810000251,0,null],[119.68219887999999,-3.9904810130000214,0,null],[119.68215215800001,-3.9905081320000022,0,null],[119.681959764,-3.9906179920000113,0,null],[119.68188829999997,-3.9906576270000187,0,null],[119.68182372199999,-3.9906979360000037,0,null],[119.68177285499996,-3.9907209209999905,0,null],[119.68173434400001,-3.9907327949999853,0,null],[119.68169986299995,-3.9907415760000049,0,null],[119.68169307400001,-3.9907433050000236,0,null],[119.68164627099998,-3.9907455270000014,0,null],[119.68158775999996,-3.9907477969999832,0,null],[119.68146087000002,-3.9906783839999775,0,null],[119.68124335599998,-3.9904703139999924,0,null],[119.68107381499999,-3.9902991480000196,0,null],[119.68105986900002,-3.9902836229999821,0,null],[119.68090625900004,-3.9901126209999802,0,null],[119.68085438499998,-3.9900388140000018,0,null],[119.68080384100006,-3.9899477239999896,0,null],[119.68074703299999,-3.9898366099999976,0,null],[119.68068399499998,-3.9897165250000057,0,null],[119.68066668699998,-3.9896847800000046,0,null],[119.68063385699998,-3.9896451339999999,0,null],[119.68060520100005,-3.9896186130000046,0,null],[119.68057690099999,-3.989593818000003,0,null],[119.68052656999998,-3.9895711639999831,0,null],[119.68049900799997,-3.9895629580000218,0,null],[119.68044739200002,-3.9895658930000195,0,null],[119.68036274200006,-3.9895741220000218,0,null],[119.68029396199995,-3.9895923220000213,0,null],[119.68022658899997,-3.9896201949999863,0,null],[119.68017576800003,-3.9896569979999867,0,null],[119.68006727800002,-3.9897423909999929,0,null],[119.67995126899996,-3.9898423220000154,0,null],[119.67985453599999,-3.9899456420000092,0,null],[119.67970759299999,-3.9900608840000018,0,null],[119.67962957500004,-3.9901439650000157,0,null],[119.67961772800004,-3.9901565810000079,0,null],[119.67956357699995,-3.9902293530000179,0,null],[119.67953552100005,-3.9902799070000015,0,null],[119.67953353799999,-3.9902836229999821,0,null],[119.67944793900006,-3.9904440440000144,0,null],[119.67933709900001,-3.9906538750000209,0,null],[119.67924945599998,-3.9907993410000131,0,null],[119.67918159299995,-3.9908894359999749,0,null],[119.67913636599997,-3.9909531870000023,0,null],[119.67911511099999,-3.9909781439999961,0,null],[119.679067078,-3.9910260080000057,0,null],[119.67903684299995,-3.9910426989999905,0,null],[119.67897979899999,-3.9910726080000245,0,null],[119.67893716000003,-3.9910851910000247,0,null],[119.67886151699997,-3.9911103270000012,0,null],[119.67882229500003,-3.9911139160000175,0,null],[119.67876379500001,-3.9911196379999865,0,null],[119.67870528699996,-3.9911198300000024,0,null],[119.67867100800004,-3.9911120269999856,0,null],[119.67855854599998,-3.9910864299999957,0,null],[119.67852544300001,-3.9910678759999882,0,null],[119.67849987800003,-3.9910375410000256,0,null],[119.678416148,-3.9909050800000045,0,null],[119.67827332299998,-3.9905916820000016,0,null],[119.67815904199995,-3.9903756639999983,0,null],[119.678097084,-3.9902836229999821,0,null],[119.67802484699996,-3.9901763120000169,0,null],[119.67786990399998,-3.9899472960000253,0,null],[119.67778543899999,-3.9897989309999957,0,null],[119.67768284099998,-3.9895780400000262,0,null],[119.67761285300003,-3.9893245009999987,0,null],[119.67758247899997,-3.9891974480000272,0,null],[119.67752612599998,-3.9890158079999765,0,null],[119.67748869100001,-3.9889350479999734,0,null],[119.67743013799998,-3.9888159870000095,0,null],[119.67739890200005,-3.9887392919999911,0,null],[119.67735485100002,-3.9886311280000086,0,null],[119.67731720500001,-3.9885380879999843,0,null],[119.67729519800002,-3.9884389599999963,0,null],[119.67727152999998,-3.9881994840000061,0,null],[119.67726222099998,-3.9879285119999963,0,null],[119.67724099600002,-3.9876987150000218,0,null],[119.67721527399999,-3.9875669310000035,0,null],[119.67716301899998,-3.98742796800002,0,null],[119.67711179399998,-3.9873208380000165,0,null],[119.67705386499995,-3.987199669000006,0,null],[119.67704123700003,-3.987178426000014,0,null],[119.67693758099995,-3.9870040540000105,0,null],[119.676827549,-3.9868798009999864,0,null],[119.67669108300004,-3.9867762029999767,0,null],[119.67660056900002,-3.9867244729999811,0,null],[119.67644863700002,-3.9866826209999999,0,null],[119.67626176099998,-3.9866348379999863,0,null],[119.67611825999995,-3.9865903740000022,0,null],[119.67601767300005,-3.9865651179999873,0,null],[119.675922593,-3.9865398540000001,0,null],[119.67583855600003,-3.9865235359999929,0,null],[119.67577725900003,-3.9865154409999946,0,null],[119.67574145599997,-3.9865134780000062,0,null],[119.67567676099998,-3.9865178370000081,0,null],[119.675637897,-3.9865266080000197,0,null],[119.67559078700003,-3.9865395539999895,0,null],[119.67554951399995,-3.9865490189999946,0,null],[119.67549654899994,-3.9865633669999738,0,null],[119.67546009199998,-3.9865703990000156,0,null],[119.67466089499999,-3.9851158239999904,0,null],[119.67454984300002,-3.9849137019999716,0,null],[119.67350383999997,-3.9830463470000268,0,null],[119.67262146500002,-3.9816014529999961,0,null],[119.67205640300006,-3.9806761570000049,0,null],[119.67191346899995,-3.9804420990000153,0,null],[119.67191354199997,-3.9804648499999757,0,null],[119.67192321200002,-3.9805102490000195,0,null],[119.67194599599998,-3.9805615829999965,0,null],[119.67197724000005,-3.9806523409999954,0,null],[119.67198943000005,-3.9807407710000007,0,null],[119.67198612899995,-3.9808244690000265,0,null],[119.67197568100005,-3.980906994999998,0,null],[119.67195218500001,-3.9810039089999805,0,null],[119.67191309899999,-3.9811124650000238,0,null],[119.67190683900003,-3.9811375059999818,0,null],[119.67186222400005,-3.9812564790000238,0,null],[119.67181463500003,-3.9813724780000257,0,null],[119.67178368999998,-3.9814568720000238,0,null],[119.67178725700001,-3.9815412390000233,0,null],[119.67179334800005,-3.9815842589999875,0,null],[119.67180299500001,-3.9816224840000132,0,null],[119.671830548,-3.9816761939999878,0,null],[119.67185449600004,-3.9817191550000075,0,null],[119.67193344199995,-3.9818360599999778,0,null],[119.67201363699996,-3.9819708940000282,0,null],[119.67212135800003,-3.9821510689999968,0,null],[119.67219204000003,-3.9822895199999948,0,null],[119.67224366899995,-3.9824256429999991,0,null],[119.67227505599999,-3.982558838999978,0,null],[119.67228701900001,-3.9825826730000244,0,null],[119.67232363100004,-3.9827244890000202,0,null],[119.67234296599997,-3.9829465710000136,0,null],[119.67235544200003,-3.9831234690000201,0,null],[119.672373634,-3.983227420999981,0,null],[119.67237628099997,-3.9833099040000093,0,null],[119.67237293799997,-3.9833804510000164,0,null],[119.67236119200004,-3.9834295059999931,0,null],[119.67236016699997,-3.9834809170000085,0,null],[119.67237705299999,-3.9835490070000219,0,null],[119.67241638300004,-3.9836382770000114,0,null],[119.67247091199999,-3.9837126489999832,0,null],[119.67250151099995,-3.9837508059999891,0,null],[119.67256651699995,-3.9838271080000141,0,null],[119.67266406399995,-3.9839530390000277,0,null],[119.67277892000004,-3.9841305599999828,0,null],[119.67286125999999,-3.984266104000028,0,null],[119.67294180099998,-3.9844341720000216,0,null],[119.67303777699999,-3.9846634009999775,0,null],[119.67313741999999,-3.9848486230000049,0,null],[119.67321977300003,-3.9849879920000149,0,null],[119.67325823099998,-3.9851007249999952,0,null],[119.67327572600004,-3.9852096999999844,0,null],[119.67327512600002,-3.985317565999992,0,null],[119.67324323299999,-3.9853958310000053,0,null],[119.67322190899995,-3.9854281789999959,0,null],[119.67316139000002,-3.9854881530000057,0,null],[119.67295840199995,-3.9856669490000058,0,null],[119.672865742,-3.9857270269999958,0,null],[119.67275998599996,-3.9857871479999858,0,null],[119.67267674499999,-3.9858149170000274,0,null],[119.67257082699996,-3.9858248259999982,0,null],[119.67244340900004,-3.9858120900000245,0,null],[119.67232780899997,-3.9857730150000066,0,null],[119.67228246499997,-3.9857396880000238,0,null],[119.67223106699998,-3.9856752960000108,0,null],[119.67207729300003,-3.9856112389999794,0,null],[119.67181153700005,-3.9855224390000217,0,null],[119.67147305599997,-3.985400401999982,0,null],[119.67126436000001,-3.9852863109999817,0,null],[119.67099968599996,-3.9851640329999896,0,null],[119.670623019,-3.9850134270000126,0,null],[119.67042870800003,-3.984930372000008,0,null],[119.67033207099996,-3.9848649319999936,0,null],[119.67010510600005,-3.9846229780000044,0,null],[119.67006213000002,-3.9845860560000119,0,null],[119.67002514599994,-3.9845610699999838,0,null],[119.66996558999995,-3.9845505040000262,0,null],[119.66988942099999,-3.9845567300000084,0,null],[119.66982880900002,-3.984588011000028,0,null],[119.66978604999997,-3.9846180380000078,0,null],[119.66971118399999,-3.9846589300000232,0,null],[119.66961611500005,-3.9847106469999858,0,null],[119.66949251799997,-3.9847756080000067,0,null],[119.66926300700004,-3.9848516740000264,0,null],[119.66901192600005,-3.9848835750000262,0,null],[119.66864182799998,-3.9849242309999795,0,null],[119.66839792400003,-3.984966868000015,0,null],[119.66823253400003,-3.9849925130000088,0,null],[119.66803731100003,-3.9849955390000105,0,null],[119.66786475499998,-3.9850140330000272,0,null],[119.66766492399995,-3.9850648949999936,0,null],[119.66747346399995,-3.9851276859999984,0,null],[119.66729995699995,-3.9852203059999738,0,null],[119.66703643200003,-3.9854542919999858,0,null],[119.66692845600005,-3.9855646330000241,0,null],[119.66683371800002,-3.9857191649999777,0,null],[119.66677579600002,-3.9858460799999875,0,null],[119.66673785600005,-3.9860328500000151,0,null],[119.66673785600005,-3.9861518230000001,0,null],[119.66677683499995,-3.9863296199999922,0,null],[119.66689816500002,-3.9866555379999795,0,null],[119.66697158399995,-3.9869039710000038,0,null],[119.66700168399996,-3.9870090800000071,0,null],[119.66700787900004,-3.9870843790000094,0,null],[119.66699256899994,-3.9871358369999825,0,null],[119.666962044,-3.9871881430000258,0,null],[119.66690131799999,-3.987264056000015,0,null],[119.66685271799997,-3.9873287730000015,0,null],[119.66677681099998,-3.9874162940000133,0,null],[119.66670206000003,-3.9874930519999907,0,null],[119.66660703699995,-3.9875591150000105,0,null],[119.666528599,-3.9876000190000127,0,null],[119.66643352599999,-3.9876505400000042,0,null],[119.66640034399995,-3.9876972740000269,0,null],[119.66637558299999,-3.9877714780000133,0,null],[119.66636016099994,-3.9878507639999725,0,null],[119.66635633700002,-3.9880787939999891,0,null],[119.66636530200003,-3.9882748320000019,0,null],[119.66635027799998,-3.9884147590000225,0,null],[119.66632382099999,-3.9885367709999855,0,null],[119.66626774899999,-3.9886636990000284,0,null],[119.66624052700001,-3.9887128049999774,0,null],[119.66619666500003,-3.9887703329999908,0,null],[119.66614207500004,-3.988823114000013,0,null],[119.66606844900002,-3.9888795439999853,0,null],[119.66593061200001,-3.9889588980000212,0,null],[119.66579046699997,-3.9890609739999832,0,null],[119.66563851000001,-3.9891917819999776,0,null],[119.66553654899997,-3.9893212320000089,0,null],[119.66540954499999,-3.9894376120000175,0,null],[119.66530861900003,-3.9895192370000245,0,null],[119.66525517299999,-3.9895576679999749,0,null],[119.66516865599999,-3.9896775029999958,0,null],[119.66513771899997,-3.9898262049999857,0,null],[119.66512596999996,-3.9898497039999938,0,null],[119.66510217500002,-3.9899419079999916,0,null],[119.66509920099998,-3.9900698039999725,0,null],[119.66511704699997,-3.9902214950000143,0,null],[119.66515273899995,-3.9904118520000225,0,null],[119.665221148,-3.99064682300002,0,null],[119.66522043199996,-3.990684052000006,0,null],[119.66519836999998,-3.9907701280000083,0,null],[119.66518661199996,-3.9908155969999939,0,null],[119.66517124799998,-3.9908503170000245,0,null],[119.66515115300001,-3.9908946180000271,0,null],[119.66512035999995,-3.9909437349999735,0,null],[119.66508243199996,-3.9909952660000272,0,null],[119.66503141600003,-3.991049232000023,0,null],[119.66496371799997,-3.9910984690000078,0,null],[119.66488292199995,-3.9911465530000214,0,null],[119.66480327800002,-3.9911826790000191,0,null],[119.66472002800003,-3.9912080560000049,0,null],[119.66464863500005,-3.9912190480000049,0,null],[119.66458439400003,-3.9912324079999735,0,null],[119.66450709599997,-3.9912577659999897,0,null],[119.66444881799998,-3.9912746929999798,0,null],[119.66439289699997,-3.9912844390000259,0,null],[119.664329823,-3.9912906220000082,0,null],[119.66426077699998,-3.9912908460000267,0,null],[119.664159348,-3.9912741589999996,0,null],[119.66411172400001,-3.9912416889999918,0,null],[119.66403141800004,-3.9911405619999982,0,null],[119.663945162,-3.9910275369999795,0,null],[119.66369973200005,-3.9908168470000192,0,null],[119.66360435299998,-3.9907729220000192,0,null],[119.66345906100003,-3.990755460999992,0,null],[119.66338408900003,-3.9907640740000261,0,null],[119.66328534000002,-3.990782328000023,0,null],[119.663219927,-3.9908016690000068,0,null],[119.66312948699999,-3.9908127229999764,0,null],[119.66305211999997,-3.9908165609999742,0,null],[119.66297120000002,-3.9908263880000163,0,null],[119.66289982700005,-3.9908433580000064,0,null],[119.66284514699998,-3.9908686420000095,0,null],[119.662781075,-3.9909346050000067,0,null],[119.66263526600005,-3.9911263660000031,0,null],[119.66245628299998,-3.9913672509999856,0,null],[119.66238532600005,-3.9915133380000043,0,null],[119.66234858799999,-3.9915648649999866,0,null],[119.662316584,-3.9916080090000037,0,null],[119.66227736500002,-3.9916284600000154,0,null],[119.66222741199999,-3.9916429689999973,0,null],[119.66215475199999,-3.9916300539999838,0,null],[119.66205825300005,-3.9916076530000169,0,null],[119.66196772800004,-3.9915924050000058,0,null],[119.661809275,-3.9915546629999881,0,null],[119.66153415700001,-3.9915172999999982,0,null],[119.66146871299998,-3.9915270770000006,0,null],[119.66140091499994,-3.9915452299999856,0,null],[119.66133431900005,-3.9915669659999935,0,null],[119.661270081,-3.9915815210000005,0,null],[119.66117842000006,-3.9915830150000033,0,null],[119.66108795699995,-3.9915868950000117,0,null],[119.66100822400006,-3.9915955230000009,0,null],[119.66090229700001,-3.9916030410000189,0,null],[119.660821446,-3.9916343869999764,0,null],[119.66073463600003,-3.9916633619999971,0,null],[119.66063599799998,-3.9917162869999743,0,null],[119.66057066500002,-3.9917607340000245,0,null],[119.66050539399998,-3.9918243100000268,0,null],[119.66046038800005,-3.9918961879999983,0,null],[119.66042966800001,-3.991968020999991,0,null],[119.660381616,-3.9921624629999997,0,null],[119.66032094000002,-3.9924622749999799,0,null],[119.66029595500004,-3.9925586429999953,0,null],[119.66024598700005,-3.9926228880000281,0,null],[119.66019244899996,-3.9926692880000019,0,null],[119.660121065,-3.9927228259999765,0,null],[119.66004254300003,-3.9927620870000169,0,null],[119.65993189799997,-3.9928084860000013,0,null],[119.65984980600001,-3.992869163000023,0,null],[119.65976771500004,-3.9929476849999901,0,null],[119.65964993199998,-3.9930618989999971,0,null],[119.65957140900002,-3.9930833139999891,0,null],[119.65950359500005,-3.9930975909999802,0,null],[119.65936796599999,-3.9930726069999878,0,null],[119.65921448999995,-3.9930440530000055,0,null],[119.659096707,-3.993047622000006,0,null],[119.65899320000005,-3.9930618989999971,0,null],[119.65887184799999,-3.993104728999981,0,null],[119.65877904900003,-3.9931546980000121,0,null],[119.65865055799998,-3.9932582050000178,0,null],[119.65847923700005,-3.9935044790000234,0,null],[119.65841360800005,-3.9936232630000177,0,null],[119.65832420499999,-3.9937544960000082,0,null],[119.65825362099997,-3.9938318370000161,0,null],[119.65820490800002,-3.9938618840000117,0,null],[119.65811637700006,-3.9939111890000163,0,null],[119.658018932,-3.9939653050000175,0,null],[119.65778405000003,-3.9940383979999865,0,null],[119.65770440599999,-3.9940751209999803,0,null],[119.65764506000005,-3.9941303090000133,0,null],[119.65753826900004,-3.9942394500000091,0,null],[119.65749742399998,-3.9943095219999805,0,null],[119.65743479399998,-3.9944351379999716,0,null],[119.65747253100005,-3.9944596209999759,0,null],[119.657806166,-3.9946217520000005,0,null],[119.65834304700002,-3.9947999380000283,0,null],[119.65874166000003,-3.9949241749999942,0,null],[119.65886743099998,-3.9949787610000271,0,null],[119.65900416800002,-3.9950539409999806,0,null],[119.65906202600002,-3.9950801790000128,0,null],[119.65920552299997,-3.9951629720000028,0,null],[119.65928129099996,-3.9952165249999894,0,null],[119.65947352499995,-3.9953928410000117,0,null],[119.659668248,-3.9956026230000248,0,null],[119.65992868299998,-3.9958857180000109,0,null],[119.66000272899998,-3.9959590029999958,0,null],[119.66004690900002,-3.9960001059999968,0,null],[119.66009940599997,-3.9960363989999905,0,null],[119.66017933299997,-3.9960875479999913,0,null],[119.660262203,-3.9961285240000279,0,null],[119.66042792200005,-3.9962039019999906,0,null],[119.66052515000001,-3.9962675479999916,0,null],[119.66065339800002,-3.9963520140000242,0,null],[119.66074704799996,-3.9964132800000129,0,null],[119.66086879700003,-3.9965127120000261,0,null],[119.66093747000002,-3.9965812319999827,0,null],[119.66098350899995,-3.9966450430000009,0,null],[119.661114709,-3.9969064399999752,0,null],[119.66118676099995,-3.997099884000022,0,null],[119.66128327000001,-3.997309386999973,0,null],[119.66137246300002,-3.9974651150000113,0,null],[119.66148495100003,-3.9976458730000104,0,null],[119.66166484999997,-3.9978730380000229,0,null],[119.66180587600002,-3.9980435420000049,0,null],[119.66196183900001,-3.9982313319999889,0,null],[119.66206578200001,-3.998346362999996,0,null],[119.66212490800001,-3.9984077409999941,0,null],[119.66222042699997,-3.9984947039999952,0,null],[119.66230518700002,-3.9985679540000092,0,null],[119.66246151899998,-3.9986858030000008,0,null],[119.66262554800005,-3.998790477,0,null],[119.662874268,-3.998947477999991,0,null],[119.66313793500001,-3.999124753999979,0,null],[119.66332471400005,-3.9992700010000135,0,null],[119.66344106999998,-3.9993580920000227,0,null],[119.66352578299995,-3.99941699499999,0,null],[119.663644449,-3.9994829610000124,0,null],[119.66370560200005,-3.9995083460000274,0,null],[119.66379618500002,-3.9995415259999731,0,null],[119.66398015899995,-3.9995925740000189,0,null],[119.66452728900003,-3.9997361680000267,0,null],[119.66465970800004,-3.999785562999989,0,null],[119.66511568199996,-3.9999762260000011,0,null],[119.66532936500005,-4.0000845629999731,0,null],[119.66563378900003,-4.0002748559999759,0,null],[119.66584476100002,-4.000428152999973,0,null],[119.66596609800001,-4.0005473109999912,0,null],[119.66606461599997,-4.0006780200000094,0,null],[119.66611631299997,-4.0007610609999915,0,null],[119.66612691600005,-4.0008002399999896,0,null],[119.66613372799998,-4.000845169999991,0,null],[119.66613338599996,-4.0009104229999934,0,null],[119.66612467799996,-4.0009915329999899,0,null],[119.66610493200005,-4.0010700240000006,0,null],[119.66598506399998,-4.0014051659999836,0,null],[119.66594169400003,-4.0015411200000131,0,null],[119.66592384099999,-4.0016157800000087,0,null],[119.66592411299996,-4.0016999449999844,0,null],[119.665925378,-4.0017965399999866,0,null],[119.66593517700005,-4.001881630000014,0,null],[119.66596543699995,-4.0019925120000153,0,null],[119.66615708799998,-4.0025456239999926,0,null],[119.66622632200006,-4.0027505520000091,0,null],[119.66623513000002,-4.0028236910000032,0,null],[119.66624687900003,-4.0029226429999767,0,null],[119.66625438899996,-4.003035954999973,0,null],[119.66625692100001,-4.0031762940000135,0,null],[119.66624883300005,-4.003344525999978,0,null],[119.66621865399998,-4.0034707689999891,0,null],[119.66617053300001,-4.0036100859999806,0,null],[119.66588149500001,-4.004348436999976,0,null],[119.66546621999998,-4.0053669559999889,0,null],[119.66535419100001,-4.0056226880000168,0,null],[119.66527623800005,-4.0058137510000051,0,null],[119.66518035000001,-4.0062014179999892,0,null],[119.66505072500001,-4.0067584839999881,0,null],[119.66497960300001,-4.0069505160000176,0,null],[119.664778351,-4.0072362640000279,0,null],[119.66463591399997,-4.0074385039999925,0,null],[119.66445677700005,-4.0077194649999797,0,null],[119.66411387100004,-4.0082572860000028,0,null],[119.66351300999997,-4.0087906609999777,0,null],[119.66288776700003,-4.0093794730000241,0,null],[119.66197213299995,-4.0102303489999827,0,null],[119.66191543499997,-4.0102802600000018,0,null],[119.66183857999999,-4.0103694590000032,0,null],[119.66170443999999,-4.0105680899999925,0,null],[119.66166158700003,-4.0106418540000277,0,null],[119.66152179400001,-4.0108262620000232,0,null],[119.66128174799996,-4.0110560830000281,0,null],[119.66101837899998,-4.0112731130000157,0,null],[119.66092953600003,-4.0113305340000238,0,null],[119.66085251599998,-4.0113688029999821,0,null],[119.66074690400001,-4.0114007110000216,0,null],[119.66043349100005,-4.011451228999988,0,null],[119.66025359699995,-4.0114848129999814,0,null],[119.660094448,-4.011527655000009,0,null],[119.66001170200002,-4.0115623570000025,0,null],[119.65993044200002,-4.0116149869999731,0,null],[119.65977655300003,-4.0117381520000208,0,null],[119.659567928,-4.0119432700000175,0,null],[119.659321589,-4.0121929860000023,0,null],[119.65915551299997,-4.0123307289999843,0,null],[119.65887824699996,-4.0124871020000228,0,null],[119.65883620600005,-4.0125188019999882,0,null],[119.65878636299999,-4.0125660420000031,0,null],[119.65875508399995,-4.0126137529999824,0,null],[119.65871529699996,-4.0126798769999823,0,null],[119.65866351600005,-4.0127919490000181,0,null],[119.65859237300003,-4.0130049219999933,0,null],[119.65857126200001,-4.0130837759999736,0,null],[119.65854900299996,-4.0131462449999731,0,null],[119.65851221699995,-4.0132744860000003,0,null],[119.65848390999997,-4.0133563539999955,0,null],[119.65842892600006,-4.0134717290000026,0,null],[119.65835251399994,-4.0136046090000264,0,null],[119.65833988500003,-4.0136207209999952,0,null],[119.65825379299997,-4.0137631110000029,0,null],[119.65819278000004,-4.0138917119999746,0,null],[119.65812897399996,-4.014053419999982,0,null],[119.65802812799996,-4.014346675000013,0,null],[119.65787954899997,-4.0146609910000279,0,null],[119.65744489899998,-4.0154342530000235,0,null],[119.65700310099999,-4.0162312119999797,0,null],[119.65695334999998,-4.0163129239999762,0,null],[119.656922323,-4.0163638820000074,0,null],[119.65688373399996,-4.016402324000012,0,null],[119.65683597300006,-4.0164326080000023,0,null],[119.65677603799998,-4.0164528880000034,0,null],[119.65643256099997,-4.016484853999998,0,null],[119.65588768400005,-4.0165268029999766,0,null],[119.65552355800003,-4.0165789210000185,0,null],[119.65539504699996,-4.0165987080000036,0,null],[119.65530941500003,-4.0166248109999856,0,null],[119.65521090499999,-4.0166445009999734,0,null],[119.65506234700001,-4.0166500070000097,0,null],[119.654940184,-4.0166446659999906,0,null],[119.65484229100002,-4.0166342260000079,0,null],[119.65474518300005,-4.016646019999996,0,null],[119.65456079399996,-4.0166889440000091,0,null],[119.654205176,-4.0167953119999993,0,null],[119.65405380599998,-4.0170401569999967,0,null],[119.65403131799997,-4.0170659589999786,0,null],[119.65407419500002,-4.017513431999987,0,null],[119.65410780399998,-4.0177457369999843,0,null],[119.65413099600005,-4.0178489570000124,0,null],[119.65415703999997,-4.0179507319999743,0,null],[119.654193126,-4.0180653869999787,0,null],[119.65442211300001,-4.0186030309999978,0,null],[119.65445604599995,-4.0186992430000146,0,null],[119.65445761499996,-4.0187026959999912,0,null],[119.65451575999998,-4.0188306969999985,0,null],[119.65455227300004,-4.0189198670000224,0,null],[119.65460854399998,-4.0190089739999735,0,null],[119.65468127999998,-4.0190980259999947,0,null],[119.65474739900003,-4.0191771799999856,0,null],[119.65484982700002,-4.0192826709999849,0,null],[119.65496872000006,-4.0193881079999869,0,null],[119.65516302799995,-4.0195856670000012,0,null],[119.65531563699994,-4.0197408289999998,0,null],[119.65544120200002,-4.0198727000000076,0,null],[119.65550972100004,-4.0199608919999719,0,null],[119.655549716,-4.0200895639999885,0,null],[119.65556711500005,-4.0201684130000217,0,null],[119.655599682,-4.0205197970000199,0,null],[119.65559885300001,-4.0207048710000208,0,null],[119.65559080599996,-4.0208670129999859,0,null],[119.65557696200005,-4.0210033500000009,0,null],[119.65556872900004,-4.021108106999975,0,null],[119.65559640699996,-4.0212730019999867,0,null],[119.65568020399996,-4.0215625289999934,0,null],[119.65572360199997,-4.0217288069999881,0,null],[119.65576517700003,-4.0219688579999797,0,null],[119.65589049100004,-4.0220897949999994,0,null],[119.65640450700005,-4.0224424749999912,0,null],[119.65674242399996,-4.0226780880000206,0,null],[119.65687844299998,-4.0227708959999973,0,null],[119.65723521200005,-4.0230925270000171,0,null],[119.65764008400004,-4.0234343629999785,0,null],[119.65767978400004,-4.0234904519999759,0,null],[119.65778563399999,-4.0236356149999892,0,null],[119.65780925599995,-4.0236743030000071,0,null],[119.65794514799995,-4.023911188999989,0,null],[119.65800126399995,-4.0240343859999825,0,null],[119.658027221,-4.0241089030000126,0,null],[119.6580606,-4.0242694749999828,0,null],[119.65807236900002,-4.0243741659999728,0,null],[119.65807065700005,-4.0247270959999923,0,null],[119.65806173600004,-4.0250599639999791,0,null],[119.65806985200004,-4.0253597799999739,0,null],[119.65810180799997,-4.0255217910000169,0,null],[119.65817410399995,-4.0257884000000104,0,null],[119.65820612499999,-4.0259704960000136,0,null],[119.65823141199996,-4.0262788640000053,0,null],[119.65824538799995,-4.0266231339999763,0,null],[119.65823053500003,-4.0268885940000132,0,null],[119.65820815200004,-4.027035001999991,0,null],[119.658172777,-4.0271398470000008,0,null],[119.65812039800005,-4.0272877880000237,0,null],[119.65801263900005,-4.0275392049999823,0,null],[119.657977297,-4.0276540930000237,0,null],[119.65795334999996,-4.027758901000027,0,null],[119.65794510900002,-4.0278607879999981,0,null],[119.65793486899997,-4.0282266579999941,0,null],[119.65794070599998,-4.0287043779999863,0,null],[119.65793308000002,-4.0289956380000262,0,null],[119.65792631900001,-4.0291133009999953,0,null],[119.65790816699996,-4.0292424799999935,0,null],[119.65779234399997,-4.0296503000000143,0,null],[119.65763692999997,-4.0301845000000185,0,null],[119.65760465400001,-4.0303810710000221,0,null],[119.65765784400003,-4.0305684369999994,0,null],[119.65771914599998,-4.0306753560000175,0,null],[119.65783959099997,-4.0308107760000098,0,null],[119.65799053800004,-4.0309537460000229,0,null],[119.65809359100001,-4.0310127070000021,0,null],[119.65821370000003,-4.0310448320000205,0,null],[119.65835848500001,-4.0310500969999907,0,null],[119.65884267599995,-4.0310275059999867,0,null],[119.65884751399994,-4.0304105870000058,0,null],[119.65885048899997,-4.0296461849999901,0,null],[119.65881479699999,-4.0286527599999999,0,null],[119.65887428300005,-4.0281382019999796,0,null],[119.65893079499995,-4.02789728099998,0,null],[119.658988626,-4.0277519229999825,0,null],[119.65918453100005,-4.0272472409999978,0,null],[119.65934115599998,-4.0269030090000228,0,null],[119.65961636600002,-4.0264149239999938,0,null],[119.659791101,-4.0261483439999779,0,null],[119.66001044200004,-4.025869661999991,0,null],[119.66025667500003,-4.0256237689999921,0,null],[119.66052674699995,-4.0253867650000075,0,null],[119.66078793899999,-4.0251647339999863,0,null],[119.66119781700002,-4.0249033609999856,0,null],[119.66141153399997,-4.024726319000024,0,null],[119.66162514400003,-4.0245163989999924,0,null],[119.66181489500002,-4.024291613999992,0,null],[119.66224513999998,-4.0238867090000099,0,null],[119.66247972899998,-4.0237215540000193,0,null],[119.66296112299995,-4.0234868460000257,0,null],[119.66352279700004,-4.0232279640000002,0,null],[119.66376636200005,-4.023077724000018,0,null],[119.66394461599998,-4.0229785070000048,0,null],[119.66406355900006,-4.0229452400000127,0,null],[119.66418853100004,-4.0229358639999759,0,null],[119.66431361100001,-4.0229593650000197,0,null],[119.66449248599997,-4.0230514319999884,0,null],[119.66469013400001,-4.023164907000023,0,null],[119.66556887599995,-4.0236318020000112,0,null],[119.66589312600001,-4.0237646389999782,0,null],[119.66602659299997,-4.0238048489999869,0,null],[119.66625292699996,-4.0238471459999801,0,null],[119.66643620100001,-4.0238274160000174,0,null],[119.66676230300004,-4.0237976519999847,0,null],[119.66702660800001,-4.0238015670000209,0,null],[119.66720761700003,-4.023817710000003,0,null],[119.66731721999997,-4.0238412609999727,0,null],[119.66742217000001,-4.0238983020000205,0,null],[119.66750577799996,-4.0239949649999858,0,null],[119.66761285400003,-4.0241109639999877,0,null],[119.66797572200005,-4.0249348520000012,0,null],[119.66810659199996,-4.025098440000022,0,null],[119.66825233400004,-4.0252798739999776,0,null],[119.668442691,-4.0254464359999815,0,null],[119.66863924799998,-4.0254771919999826,0,null],[119.66875115400001,-4.0254768240000089,0,null],[119.66886535599997,-4.025450147000015,0,null],[119.66901043200005,-4.0253994579999812,0,null],[119.66912444699994,-4.0253153959999963,0,null],[119.66933780800002,-4.0250301579999928,0,null],[119.66958389599995,-4.0245583089999855,0,null],[119.67013264499997,-4.0234398790000228,0,null],[119.670288691,-4.0231022259999918,0,null],[119.67032889400002,-4.023018406999995,0,null],[119.67058957899997,-4.0226421529999925,0,null],[119.67076939499998,-4.0222924669999998,0,null],[119.67093733800004,-4.0219523839999738,0,null],[119.67121398699999,-4.0213608829999998,0,null],[119.67129185099998,-4.0211430400000268,0,null],[119.67132232799997,-4.0209970849999763,0,null],[119.67142759399997,-4.0204204940000068,0,null],[119.67159480500004,-4.0198556540000254,0,null],[119.67168682099998,-4.0195971169999893,0,null],[119.6718194,-4.0193647479999868,0,null],[119.67194967499995,-4.0191562979999844,0,null],[119.67208001300003,-4.0189669760000015,0,null],[119.67218892200003,-4.0187777250000067,0,null],[119.67222427000002,-4.0186652290000211,0,null],[119.67224062499997,-4.018569532000015,0,null],[119.67222652099997,-4.0184502070000008,0,null],[119.67197619000001,-4.0180016979999778,0,null],[119.67181260300003,-4.0177191369999719,0,null],[119.67165496300004,-4.0173473460000082,0,null],[119.67136645400001,-4.0166097129999798,0,null],[119.671195571,-4.0162319219999745,0,null],[119.67100656000002,-4.0158810030000041,0,null],[119.67080727999996,-4.0156014170000276,0,null],[119.67027190199997,-4.0150690120000263,0,null],[119.66999231499994,-4.0147507589999805,0,null],[119.66990903400006,-4.0146317859999954,0,null],[119.66986441899996,-4.0144979410000019,0,null],[119.66980790699995,-4.0142778410000233,0,null],[119.66963837000003,-4.0134836959999802,0,null],[119.66943063199994,-4.0125795729999822,0,null],[119.66935597600002,-4.0123191910000173,0,null],[119.66925045300002,-4.0120852129999776,0,null],[119.66914508599996,-4.0118990540000254,0,null],[119.66906852199998,-4.0117845340000144,0,null],[119.66896102299995,-4.0116748969999776,0,null],[119.668527111,-4.0112734690000025,0,null],[119.66838178199998,-4.0110798310000177,0,null],[119.668267206,-4.0108216739999989,0,null],[119.66825530799997,-4.0106699840000033,0,null],[119.668267206,-4.0105212670000014,0,null],[119.66832371800001,-4.0103903969999806,0,null],[119.66842433800002,-4.0102669959999844,0,null],[119.66888645400002,-4.0100378540000179,0,null],[119.66907279700001,-4.0099377760000152,0,null],[119.66940133200001,-4.0096325559999855,0,null],[119.66987614699997,-4.0092082610000261,0,null],[119.67034732000002,-4.0088356250000174,0,null],[119.67055262300005,-4.0087087050000036,0,null],[119.67076191599995,-4.0086372439999991,0,null],[119.67090659600001,-4.0086119029999736,0,null],[119.67102283500003,-4.0086268250000217,0,null],[119.67118300799996,-4.0086798599999725,0,null],[119.67128815399997,-4.0087981120000222,0,null],[119.67169463200003,-4.0096193059999905,0,null],[119.67178705900005,-4.0098809439999741,0,null],[119.67198696399998,-4.0104829559999757,0,null],[119.67203307600005,-4.010605226999985,0,null],[119.67206380100004,-4.010681639999973,0,null],[119.67210203900004,-4.0107255109999755,0,null],[119.67215553300002,-4.0107750689999762,0,null],[119.67221467399997,-4.0108035679999716,0,null],[119.67227186599996,-4.010818683000025,0,null],[119.67236715900003,-4.0108355869999741,0,null],[119.67270265900004,-4.0108625390000157,0,null],[119.67296981899995,-4.0108937900000114,0,null],[119.67306419700003,-4.0109221729999831,0,null],[119.67316729100003,-4.0109950010000261,0,null],[119.67327045599995,-4.0110893489999739,0,null],[119.67336933399997,-4.0111837100000116,0,null],[119.67353130799995,-4.0113510310000038,0,null],[119.67366605500001,-4.011492617999977,0,null],[119.67383514400001,-4.0117288440000038,0,null],[119.67434891000005,-4.0125230880000231,0,null],[119.67448450899997,-4.0128182149999816,0,null],[119.67453457299996,-4.0130844830000001,0,null],[119.67455220099998,-4.0132336269999769,0,null],[119.67456026900004,-4.013517658000012,0,null],[119.67455762199995,-4.0135822249999933,0,null],[119.67455074999998,-4.0136654570000019,0,null],[119.67453991000002,-4.0138462560000221,0,null],[119.67457376899995,-4.0140114409999796,0,null],[119.67460946100005,-4.0141542090000257,0,null],[119.67463070500003,-4.0142406019999726,0,null],[119.67464754399998,-4.0144355369999971,0,null],[119.67463632099998,-4.0144986980000112,0,null],[119.67460798800005,-4.0145719569999869,0,null],[119.67457099000001,-4.0146165520000068,0,null],[119.67451257300002,-4.0146640870000283,0,null],[119.67443414700006,-4.0147088179999741,0,null],[119.67438006700002,-4.0147721199999751,0,null],[119.67435460499996,-4.0148496740000041,0,null],[119.674354838,-4.0149214049999955,0,null],[119.674377929,-4.0149930599999948,0,null],[119.674410964,-4.0150474679999775,0,null],[119.67446399400001,-4.0151003749999745,0,null],[119.67454556200005,-4.015143146000014,0,null],[119.67468242699999,-4.0151740640000071,0,null],[119.67468441400001,-4.0151749969999742,0,null],[119.674712699,-4.0151809029999868,0,null],[119.67500920999998,-4.0152428119999968,0,null],[119.67534471399995,-4.0152999189999719,0,null],[119.67590864600004,-4.0154177019999793,0,null],[119.67660106899996,-4.015542623999977,0,null],[119.67731133899997,-4.0157746209999914,0,null],[119.67757545899997,-4.0159352349999722,0,null],[119.67776352999999,-4.0160606160000043,0,null],[119.67807702899995,-4.0161825999999792,0,null],[119.67822434499999,-4.0162351970000145,0,null],[119.67831013800003,-4.0162593030000266,0,null],[119.67844447899995,-4.0162760769999863,0,null],[119.67854586999999,-4.0162642660000074,0,null],[119.67861719999996,-4.0162339039999893,0,null],[119.67868704,-4.0161848970000165,0,null],[119.67874254799995,-4.0161215900000116,0,null],[119.67883364399995,-4.0160194320000073,0,null],[119.67891609399999,-4.0158943480000175,0,null],[119.678994182,-4.0157463240000197,0,null],[119.67912463699997,-4.0154474920000212,0,null],[119.67920905999995,-4.0152705159999869,0,null],[119.67925864599999,-4.0151436269999863,0,null],[119.67927749800003,-4.0150837890000162,0,null],[119.67930185,-4.0148852519999991,0,null],[119.67932740499998,-4.014690298000005,0,null],[119.67934611700002,-4.0145874209999874,0,null],[119.67939790900004,-4.0144067269999937,0,null],[119.67946599200002,-4.0141112090000206,0,null],[119.67951900599996,-4.0139400740000042,0,null],[119.67956619100005,-4.0138072159999751,0,null],[119.67962985600002,-4.0136169180000252,0,null],[119.67966876699995,-4.0135020199999758,0,null],[119.67971961800004,-4.0133978420000176,0,null],[119.67978124499996,-4.0133127569999942,0,null],[119.67992725900001,-4.0131855519999817,0,null],[119.680035213,-4.0130692309999745,0,null],[119.68014134199996,-4.0129435189999754,0,null],[119.68015261699998,-4.0129301640000108,0,null],[119.68042289200002,-4.012576595999974,0,null],[119.68074216900004,-4.0122185769999987,0,null]]]},"properties":{"FID":33097,"OBJECTID":113758,"NAMOBJ":"Galung Maloang","FCODE":"BA03070040","REMARK":"Pemerintah Kota Parepare, Tahun 2010","METADATA":"TASWIL1000020230928_DATA_BATAS_DESAKELURAHAN","SRS_ID":"SRGI 2013","KDBBPS":" ","KDCBPS":" ","KDCPUM":"73.72.01","KDEBPS":" ","KDEPUM":"73.72.01.1010","KDPBPS":" ","KDPKAB":"73.72","KDPPUM":"73","LUASWH":805.77855404000002,"TIPADM":2,"WADMKC":"Bacukiki","WADMKD":"Galung Maloang","WADMKK":"Kota Parepare","WADMPR":"Sulawesi Selatan","WIADKC":" ","WIADKK":" ","WIADPR":" ","WIADKD":" ","UUPP":"Data dari Pemerintah Daerah","LUAS":805.77855404000002,"SHAPE_AREA":0.00065618065708699996,"SHAPE_LEN":0.19947504710399999}},{"type":"Feature","id":33106,"geometry":{"type":"Polygon","coordinates":[[[119.68074216900004,-4.0122185769999987,0,null],[119.68042289200002,-4.012576595999974,0,null],[119.68015261699998,-4.0129301640000108,0,null],[119.68014134199996,-4.0129435189999754,0,null],[119.680035213,-4.0130692309999745,0,null],[119.67992725900001,-4.0131855519999817,0,null],[119.67978124499996,-4.0133127569999942,0,null],[119.67971961800004,-4.0133978420000176,0,null],[119.67966876699995,-4.0135020199999758,0,null],[119.67962985600002,-4.0136169180000252,0,null],[119.67956619100005,-4.0138072159999751,0,null],[119.67951900599996,-4.0139400740000042,0,null],[119.67946599200002,-4.0141112090000206,0,null],[119.67939790900004,-4.0144067269999937,0,null],[119.67934611700002,-4.0145874209999874,0,null],[119.67932740499998,-4.014690298000005,0,null],[119.67930185,-4.0148852519999991,0,null],[119.67927749800003,-4.0150837890000162,0,null],[119.67925864599999,-4.0151436269999863,0,null],[119.67920905999995,-4.0152705159999869,0,null],[119.67912463699997,-4.0154474920000212,0,null],[119.678994182,-4.0157463240000197,0,null],[119.67891609399999,-4.0158943480000175,0,null],[119.67883364399995,-4.0160194320000073,0,null],[119.67874254799995,-4.0161215900000116,0,null],[119.67868704,-4.0161848970000165,0,null],[119.67861719999996,-4.0162339039999893,0,null],[119.67854586999999,-4.0162642660000074,0,null],[119.67844447899995,-4.0162760769999863,0,null],[119.67831013800003,-4.0162593030000266,0,null],[119.67822434499999,-4.0162351970000145,0,null],[119.67807702899995,-4.0161825999999792,0,null],[119.67776352999999,-4.0160606160000043,0,null],[119.67757545899997,-4.0159352349999722,0,null],[119.67731133899997,-4.0157746209999914,0,null],[119.67660106899996,-4.015542623999977,0,null],[119.67590864600004,-4.0154177019999793,0,null],[119.67534471399995,-4.0152999189999719,0,null],[119.67500920999998,-4.0152428119999968,0,null],[119.674712699,-4.0151809029999868,0,null],[119.67468441400001,-4.0151749969999742,0,null],[119.67468242699999,-4.0151740640000071,0,null],[119.67454556200005,-4.015143146000014,0,null],[119.67446399400001,-4.0151003749999745,0,null],[119.674410964,-4.0150474679999775,0,null],[119.674377929,-4.0149930599999948,0,null],[119.674354838,-4.0149214049999955,0,null],[119.67435460499996,-4.0148496740000041,0,null],[119.67438006700002,-4.0147721199999751,0,null],[119.67443414700006,-4.0147088179999741,0,null],[119.67451257300002,-4.0146640870000283,0,null],[119.67457099000001,-4.0146165520000068,0,null],[119.67460798800005,-4.0145719569999869,0,null],[119.67463632099998,-4.0144986980000112,0,null],[119.67464754399998,-4.0144355369999971,0,null],[119.67463070500003,-4.0142406019999726,0,null],[119.67460946100005,-4.0141542090000257,0,null],[119.67457376899995,-4.0140114409999796,0,null],[119.67453991000002,-4.0138462560000221,0,null],[119.67455074999998,-4.0136654570000019,0,null],[119.67455762199995,-4.0135822249999933,0,null],[119.67456026900004,-4.013517658000012,0,null],[119.67455220099998,-4.0132336269999769,0,null],[119.67453457299996,-4.0130844830000001,0,null],[119.67448450899997,-4.0128182149999816,0,null],[119.67434891000005,-4.0125230880000231,0,null],[119.67383514400001,-4.0117288440000038,0,null],[119.67366605500001,-4.011492617999977,0,null],[119.67353130799995,-4.0113510310000038,0,null],[119.67336933399997,-4.0111837100000116,0,null],[119.67327045599995,-4.0110893489999739,0,null],[119.67316729100003,-4.0109950010000261,0,null],[119.67306419700003,-4.0109221729999831,0,null],[119.67296981899995,-4.0108937900000114,0,null],[119.67270265900004,-4.0108625390000157,0,null],[119.67236715900003,-4.0108355869999741,0,null],[119.67227186599996,-4.010818683000025,0,null],[119.67221467399997,-4.0108035679999716,0,null],[119.67215553300002,-4.0107750689999762,0,null],[119.67210203900004,-4.0107255109999755,0,null],[119.67206380100004,-4.010681639999973,0,null],[119.67203307600005,-4.010605226999985,0,null],[119.67198696399998,-4.0104829559999757,0,null],[119.67178705900005,-4.0098809439999741,0,null],[119.67169463200003,-4.0096193059999905,0,null],[119.67128815399997,-4.0087981120000222,0,null],[119.67118300799996,-4.0086798599999725,0,null],[119.67102283500003,-4.0086268250000217,0,null],[119.67090659600001,-4.0086119029999736,0,null],[119.67076191599995,-4.0086372439999991,0,null],[119.67055262300005,-4.0087087050000036,0,null],[119.67034732000002,-4.0088356250000174,0,null],[119.66987614699997,-4.0092082610000261,0,null],[119.66940133200001,-4.0096325559999855,0,null],[119.66907279700001,-4.0099377760000152,0,null],[119.66888645400002,-4.0100378540000179,0,null],[119.66842433800002,-4.0102669959999844,0,null],[119.66832371800001,-4.0103903969999806,0,null],[119.668267206,-4.0105212670000014,0,null],[119.66825530799997,-4.0106699840000033,0,null],[119.668267206,-4.0108216739999989,0,null],[119.66838178199998,-4.0110798310000177,0,null],[119.668527111,-4.0112734690000025,0,null],[119.66896102299995,-4.0116748969999776,0,null],[119.66906852199998,-4.0117845340000144,0,null],[119.66914508599996,-4.0118990540000254,0,null],[119.66925045300002,-4.0120852129999776,0,null],[119.66935597600002,-4.0123191910000173,0,null],[119.66943063199994,-4.0125795729999822,0,null],[119.66963837000003,-4.0134836959999802,0,null],[119.66980790699995,-4.0142778410000233,0,null],[119.66986441899996,-4.0144979410000019,0,null],[119.66990903400006,-4.0146317859999954,0,null],[119.66999231499994,-4.0147507589999805,0,null],[119.67027190199997,-4.0150690120000263,0,null],[119.67080727999996,-4.0156014170000276,0,null],[119.67100656000002,-4.0158810030000041,0,null],[119.671195571,-4.0162319219999745,0,null],[119.67136645400001,-4.0166097129999798,0,null],[119.67165496300004,-4.0173473460000082,0,null],[119.67181260300003,-4.0177191369999719,0,null],[119.67197619000001,-4.0180016979999778,0,null],[119.67222652099997,-4.0184502070000008,0,null],[119.67224062499997,-4.018569532000015,0,null],[119.67222427000002,-4.0186652290000211,0,null],[119.67218892200003,-4.0187777250000067,0,null],[119.67208001300003,-4.0189669760000015,0,null],[119.67194967499995,-4.0191562979999844,0,null],[119.6718194,-4.0193647479999868,0,null],[119.67168682099998,-4.0195971169999893,0,null],[119.67159480500004,-4.0198556540000254,0,null],[119.67142759399997,-4.0204204940000068,0,null],[119.67132232799997,-4.0209970849999763,0,null],[119.67129185099998,-4.0211430400000268,0,null],[119.67121398699999,-4.0213608829999998,0,null],[119.67093733800004,-4.0219523839999738,0,null],[119.67076939499998,-4.0222924669999998,0,null],[119.67058957899997,-4.0226421529999925,0,null],[119.67032889400002,-4.023018406999995,0,null],[119.670288691,-4.0231022259999918,0,null],[119.67013264499997,-4.0234398790000228,0,null],[119.66958389599995,-4.0245583089999855,0,null],[119.66933780800002,-4.0250301579999928,0,null],[119.66912444699994,-4.0253153959999963,0,null],[119.66901043200005,-4.0253994579999812,0,null],[119.66886535599997,-4.025450147000015,0,null],[119.66875115400001,-4.0254768240000089,0,null],[119.66863924799998,-4.0254771919999826,0,null],[119.668442691,-4.0254464359999815,0,null],[119.66825233400004,-4.0252798739999776,0,null],[119.66810659199996,-4.025098440000022,0,null],[119.66797572200005,-4.0249348520000012,0,null],[119.66761285400003,-4.0241109639999877,0,null],[119.66750577799996,-4.0239949649999858,0,null],[119.66742217000001,-4.0238983020000205,0,null],[119.66731721999997,-4.0238412609999727,0,null],[119.66720761700003,-4.023817710000003,0,null],[119.66702660800001,-4.0238015670000209,0,null],[119.66676230300004,-4.0237976519999847,0,null],[119.66643620100001,-4.0238274160000174,0,null],[119.66625292699996,-4.0238471459999801,0,null],[119.66602659299997,-4.0238048489999869,0,null],[119.66589312600001,-4.0237646389999782,0,null],[119.66556887599995,-4.0236318020000112,0,null],[119.66469013400001,-4.023164907000023,0,null],[119.66449248599997,-4.0230514319999884,0,null],[119.66431361100001,-4.0229593650000197,0,null],[119.66418853100004,-4.0229358639999759,0,null],[119.66406355900006,-4.0229452400000127,0,null],[119.66394461599998,-4.0229785070000048,0,null],[119.66376636200005,-4.023077724000018,0,null],[119.66352279700004,-4.0232279640000002,0,null],[119.66296112299995,-4.0234868460000257,0,null],[119.66247972899998,-4.0237215540000193,0,null],[119.66224513999998,-4.0238867090000099,0,null],[119.66181489500002,-4.024291613999992,0,null],[119.66162514400003,-4.0245163989999924,0,null],[119.66141153399997,-4.024726319000024,0,null],[119.66119781700002,-4.0249033609999856,0,null],[119.66078793899999,-4.0251647339999863,0,null],[119.66052674699995,-4.0253867650000075,0,null],[119.66025667500003,-4.0256237689999921,0,null],[119.66001044200004,-4.025869661999991,0,null],[119.659791101,-4.0261483439999779,0,null],[119.65961636600002,-4.0264149239999938,0,null],[119.65934115599998,-4.0269030090000228,0,null],[119.65918453100005,-4.0272472409999978,0,null],[119.658988626,-4.0277519229999825,0,null],[119.65893079499995,-4.02789728099998,0,null],[119.65887428300005,-4.0281382019999796,0,null],[119.65881479699999,-4.0286527599999999,0,null],[119.65885048899997,-4.0296461849999901,0,null],[119.65884751399994,-4.0304105870000058,0,null],[119.65884267599995,-4.0310275059999867,0,null],[119.65884254100001,-4.0310447190000218,0,null],[119.65884246300004,-4.0310546219999992,0,null],[119.65884156599998,-4.0311690400000089,0,null],[119.65879100200004,-4.032266567000022,0,null],[119.65879100200004,-4.0326026650000131,0,null],[119.65877315600005,-4.0328049199999896,0,null],[119.65871664400004,-4.0329179440000189,0,null],[119.65857387599999,-4.0330339430000208,0,null],[119.65845787800004,-4.0330636859999913,0,null],[119.65823182899999,-4.0330517890000124,0,null],[119.657973062,-4.0329595850000146,0,null],[119.65776783399997,-4.0328733289999832,0,null],[119.65756919800003,-4.0327123019999931,0,null],[119.65747040099996,-4.03256399899999,0,null],[119.65740199200002,-4.0324242059999733,0,null],[119.65729194200003,-4.0314753960000189,0,null],[119.65726209800005,-4.0311918780000155,0,null],[119.65726443100004,-4.0310417200000188,0,null],[119.65724374599995,-4.030904301000021,0,null],[119.65721121700005,-4.0307860479999817,0,null],[119.65706633000002,-4.0305294809999737,0,null],[119.65702206000003,-4.0304614799999854,0,null],[119.65693605599995,-4.0303732909999894,0,null],[119.656827529,-4.0303150650000248,0,null],[119.65665123199994,-4.0302845580000053,0,null],[119.65650361600001,-4.0302874330000122,0,null],[119.65630970999996,-4.0303334980000045,0,null],[119.65596971299999,-4.0304852500000266,0,null],[119.65582939900003,-4.0305371179999838,0,null],[119.65570698199997,-4.0306008829999769,0,null],[119.65558593000003,-4.030718443000012,0,null],[119.65550183400001,-4.0308514239999909,0,null],[119.65516502900005,-4.0316200670000057,0,null],[119.65488494600004,-4.0322582109999985,0,null],[119.65483290099996,-4.0323623940000175,0,null],[119.65476306799997,-4.03248815500001,0,null],[119.65468130299996,-4.0326055859999883,0,null],[119.65459352300002,-4.0327039079999736,0,null],[119.65447959000005,-4.032814271999996,0,null],[119.65400703299997,-4.0332067630000097,0,null],[119.65387530099997,-4.033335118000025,0,null],[119.65376842199998,-4.0334179609999978,0,null],[119.65365904500004,-4.0334649449999915,0,null],[119.65355080899997,-4.0334963839999887,0,null],[119.65340081099998,-4.0334992659999784,0,null],[119.65319127999999,-4.0334999519999997,0,null],[119.65297820000001,-4.03350782199999,0,null],[119.65268538999999,-4.0335267140000042,0,null],[119.65251521899995,-4.0335499860000255,0,null],[119.65239143199994,-4.0335587600000053,0,null],[119.65227239900003,-4.0335651280000206,0,null],[119.65203907600005,-4.0335718690000135,0,null],[119.65190462500004,-4.0335962199999926,0,null],[119.65176310799995,-4.0336445049999838,0,null],[119.65165856700003,-4.0337141890000225,0,null],[119.65143562499998,-4.0339851119999821,0,null],[119.65137878300004,-4.0340785509999932,0,null],[119.65134807699997,-4.0341551669999944,0,null],[119.65132338299998,-4.0342496960000176,0,null],[119.65129881600001,-4.0343836779999833,0,null],[119.65129335200004,-4.0345343349999894,0,null],[119.65129942199997,-4.034937216000003,0,null],[119.65133253600004,-4.0352359949999936,0,null],[119.65134169199996,-4.0354894210000225,0,null],[119.65138580400003,-4.0358754399999839,0,null],[119.651374143,-4.0359507979999876,0,null],[119.65135057700002,-4.0360261939999873,0,null],[119.65130795499999,-4.0360992619999934,0,null],[119.65122023599997,-4.0362167129999875,0,null],[119.65091169300001,-4.0365237839999963,0,null],[119.65074908300005,-4.0366761509999947,0,null],[119.65038693099996,-4.0369726380000088,0,null],[119.64961599599997,-4.0375047900000141,0,null],[119.64928104600006,-4.0377461909999965,0,null],[119.64900062799995,-4.0379156820000048,0,null],[119.64856184999996,-4.0380797120000125,0,null],[119.64846314399995,-4.0381135110000059,0,null],[119.64824066200003,-4.038159668999981,0,null],[119.64808005999998,-4.0381972569999789,0,null],[119.64794340499998,-4.0382766100000254,0,null],[119.64789363499995,-4.0383485059999771,0,null],[119.64786306500002,-4.0384669659999872,0,null],[119.64784815500002,-4.0386415660000239,0,null],[119.64784177900003,-4.0388783060000151,0,null],[119.64784947700002,-4.0390492450000011,0,null],[119.64785946999996,-4.0391938739999773,0,null],[119.64791026800003,-4.0394387970000025,0,null],[119.64793559099996,-4.0395379450000064,0,null],[119.64795373200002,-4.0396251610000036,0,null],[119.64795767199996,-4.0397387250000065,0,null],[119.64794489099995,-4.0398356069999863,0,null],[119.64789645099995,-4.0399505390000172,0,null],[119.64779818800002,-4.0401206290000005,0,null],[119.64773663300002,-4.0402296249999949,0,null],[119.64764174300001,-4.0403387310000198,0,null],[119.64748372400004,-4.0404384789999881,0,null],[119.64735654200001,-4.0405022599999825,0,null],[119.64731884399998,-4.0405196199999978,0,null],[119.647244806,-4.0405932479999933,0,null],[119.64720509599999,-4.0406832840000106,0,null],[119.64718448999997,-4.0407904730000155,0,null],[119.64717346400005,-4.0409148470000105,0,null],[119.64717604600003,-4.0411233429999811,0,null],[119.64714043699996,-4.0413032710000039,0,null],[119.64708979399995,-4.041546373000017,0,null],[119.64696499199999,-4.0418298879999952,0,null],[119.64686086999995,-4.0420291689999885,0,null],[119.64668644200003,-4.0422822410000094,0,null],[119.646531149,-4.0425620309999886,0,null],[119.646446008,-4.0427402079999979,0,null],[119.64641020600004,-4.0428608369999779,0,null],[119.64638582199996,-4.0429776029999971,0,null],[119.64635800600001,-4.0432110660000262,0,null],[119.64637969800003,-4.0434386289999793,0,null],[119.64644328400004,-4.0436619000000178,0,null],[119.64650783599996,-4.0438895350000053,0,null],[119.64657480000005,-4.0441256720000069,0,null],[119.646641434,-4.0443828009999834,0,null],[119.64671377499997,-4.0446619510000232,0,null],[119.646769027,-4.04483793899999,0,null],[119.64682815499998,-4.0450262740000085,0,null],[119.646914068,-4.0452774060000252,0,null],[119.64701229599996,-4.0455022699999859,0,null],[119.64710724300005,-4.0457196240000144,0,null],[119.64723325900002,-4.0459225609999976,0,null],[119.64733475000003,-4.0460860019999814,0,null],[119.64745667800003,-4.0462823550000167,0,null],[119.64754227000003,-4.0464484550000179,0,null],[119.64765243500005,-4.046680044000027,0,null],[119.64774661700005,-4.0468780339999739,0,null],[119.64778952799998,-4.0469935780000128,0,null],[119.64792149499999,-4.0473489159999758,0,null],[119.64802365200001,-4.0476677199999926,0,null],[119.64812715100004,-4.047841625999979,0,null],[119.64827783999999,-4.0480948219999959,0,null],[119.64845705699997,-4.0483647699999779,0,null],[119.64858388799996,-4.0485558120000178,0,null],[119.64870276500005,-4.0487097430000176,0,null],[119.64885751400004,-4.0488964219999843,0,null],[119.649044624,-4.0491043600000012,0,null],[119.64920620099997,-4.0492740409999897,0,null],[119.64953184000001,-4.0494615540000041,0,null],[119.649543085,-4.0494727729999909,0,null],[119.64958355399995,-4.0495131470000274,0,null],[119.64975544100002,-4.0494205489999899,0,null],[119.64990750699997,-4.0492863580000176,0,null],[119.649979712,-4.0492306470000017,0,null],[119.65003676399999,-4.0492017669999996,0,null],[119.65011479600003,-4.0491804690000208,0,null],[119.65022324300003,-4.0491399420000107,0,null],[119.65028599799996,-4.0491072180000174,0,null],[119.65033723600004,-4.0490477499999997,0,null],[119.65037704600002,-4.0489883199999781,0,null],[119.65042066499996,-4.0489288780000265,0,null],[119.65045289800003,-4.0488828630000171,0,null],[119.65050406199998,-4.0488004410000258,0,null],[119.650536214,-4.0487295589999803,0,null],[119.65055695599995,-4.0486644530000149,0,null],[119.650577742,-4.0486127369999849,0,null],[119.65059475500004,-4.0485725099999854,0,null],[119.65065386399999,-4.0485031509999772,0,null],[119.650691349,-4.0484019470000021,0,null],[119.65069490999997,-4.048325420000026,0,null],[119.650698508,-4.04826036999998,0,null],[119.65069832100005,-4.0482029839999996,0,null],[119.650661743,-4.0480845060000092,0,null],[119.650615733,-4.0479947509999761,0,null],[119.650514187,-4.0478926449999904,0,null],[119.65035202700005,-4.0477392910000276,0,null],[119.65028126000004,-4.047651529999996,0,null],[119.65021799500005,-4.0475274010000248,0,null],[119.65015088899997,-4.0473937190000129,0,null],[119.65011965199994,-4.0471604499999785,0,null],[119.65009821900003,-4.0470132290000151,0,null],[119.65009415400004,-4.0469348139999965,0,null],[119.65009958300004,-4.046846802999994,0,null],[119.65012417800006,-4.0467950749999773,0,null],[119.65017536100004,-4.0467183920000025,0,null],[119.65021713099998,-4.0466761710000014,0,null],[119.65028746200005,-4.0466300319999959,0,null],[119.65034261599999,-4.0466030700000033,0,null],[119.65038065700003,-4.0465857300000039,0,null],[119.650485613,-4.0465664569999831,0,null],[119.65051105600003,-4.046559478000006,0,null],[119.65049842600001,-4.0464830039999811,0,null],[119.65048492400001,-4.0464314010000066,0,null],[119.650472433,-4.0463979659999723,0,null],[119.65045998300002,-4.046376964999979,0,null],[119.65043133200004,-4.0463531479999801,0,null],[119.65040366200003,-4.0463379359999863,0,null],[119.65038841000001,-4.0463286660000222,0,null],[119.650364534,-4.0463141530000257,0,null],[119.65034823999997,-4.0462826439999731,0,null],[119.65034621100006,-4.0462443929999949,0,null],[119.65035279699998,-4.0462195040000211,0,null],[119.65035461499997,-4.0461927179999861,0,null],[119.65033732200004,-4.0461468650000256,0,null],[119.65031337400001,-4.0461048610000034,0,null],[119.65029896299995,-4.0460666500000002,0,null],[119.65029118500001,-4.0460178970000129,0,null],[119.65029862400002,-4.0459623990000182,0,null],[119.65030327399995,-4.0459279519999996,0,null],[119.65029936200006,-4.045896402999972,0,null],[119.65027153300002,-4.0458324119999816,0,null],[119.65024168100001,-4.0457320840000079,0,null],[119.65024159100005,-4.0457043470000258,0,null],[119.650243424,-4.04568234300001,0,null],[119.65024906400004,-4.0456593700000099,0,null],[119.65026514500005,-4.045639068000014,0,null],[119.65033092399995,-4.045643799000004,0,null],[119.650359493,-4.0456427490000237,0,null],[119.65039277300002,-4.04562542299999,0,null],[119.65045639599998,-4.0455668719999949,0,null],[119.65046491199996,-4.0455496280000034,0,null],[119.65047054900003,-4.0455256989999953,0,null],[119.65046474099995,-4.0454970239999852,0,null],[119.65046271100005,-4.0454587730000071,0,null],[119.65047409700003,-4.0454453460000082,0,null],[119.65049025999997,-4.045436685000027,0,null],[119.65051024000002,-4.0454299240000182,0,null],[119.65052640299996,-4.0454212629999802,0,null],[119.65054255999996,-4.0454106899999829,0,null],[119.65055109800005,-4.045400141000016,0,null],[119.650557693,-4.0453781209999988,0,null],[119.65055855900005,-4.045351337999989,0,null],[119.65055750399995,-4.0453197790000104,0,null],[119.65055154599997,-4.0452451959999962,0,null],[119.65055140300001,-4.0452012000000082,0,null],[119.65055127599999,-4.0451619859999823,0,null],[119.65056166800002,-4.0451361280000242,0,null],[119.65057777899995,-4.0451112079999803,0,null],[119.65060907899999,-4.0450709350000125,0,null],[119.65064135499995,-4.0450383099999954,0,null],[119.65067174000001,-4.0450095169999827,0,null],[119.65070309600003,-4.0449864600000183,0,null],[119.65073732999997,-4.0449700880000137,0,null],[119.65081160099999,-4.044964106000009,0,null],[119.65085356099996,-4.0449802279999858,0,null],[119.65088024800002,-4.0449858790000235,0,null],[119.65089834699995,-4.0449867759999734,0,null],[119.65092213000003,-4.0449780899999723,0,null],[119.65095158700001,-4.0449569520000068,0,null],[119.650963897,-4.0449349130000201,0,null],[119.65097714700005,-4.0449090459999866,0,null],[119.65097782600003,-4.0448248769999964,0,null],[119.65097294199995,-4.0447875919999774,0,null],[119.65095756999995,-4.0447465149999857,0,null],[119.650952717,-4.0447187940000049,0,null],[119.65095643699999,-4.0446910460000254,0,null],[119.65096682599994,-4.0446642310000129,0,null],[119.65097311399995,-4.0445475249999845,0,null],[119.65097010700003,-4.0445016259999989,0,null],[119.65096229799997,-4.044443307999984,0,null],[119.65095734600004,-4.0443849819999969,0,null],[119.65095529200005,-4.0443390789999967,0,null],[119.65095610799995,-4.044296992999989,0,null],[119.65098064100005,-4.0442261360000202,0,null],[119.65098715500005,-4.0441792490000239,0,null],[119.65099935299997,-4.0441227790000198,0,null],[119.65102019799997,-4.0440892359999907,0,null],[119.65103821599996,-4.044065264999972,0,null],[119.65106383299997,-4.044034575000012,0,null],[119.651092275,-4.0439943119999953,0,null],[119.65111687299998,-4.0439435399999866,0,null],[119.65113572899998,-4.0438841789999742,0,null],[119.65115555600005,-4.0438305530000207,0,null],[119.65117920499995,-4.0437807399999883,0,null],[119.65122173099996,-4.0436782620000145,0,null],[119.65123669399998,-4.0435930900000017,0,null],[119.651237434,-4.0435280489999741,0,null],[119.65123727599996,-4.0434792710000238,0,null],[119.651253268,-4.0434180070000139,0,null],[119.65126173399995,-4.0433854600000245,0,null],[119.651283541,-4.0433547829999839,0,null],[119.65131104299996,-4.0433183480000139,0,null],[119.65133668399994,-4.0432953089999728,0,null],[119.651354696,-4.0432694259999948,0,null],[119.65141247099996,-4.0431697669999949,0,null],[119.65143615399995,-4.0431304749999981,0,null],[119.65147605300001,-4.0430987820000155,0,null],[119.65150736500004,-4.0430623350000019,0,null],[119.65153864900003,-4.0430172790000256,0,null],[119.65155757000002,-4.0429780029999733,0,null],[119.65160767299994,-4.0428621099999873,0,null],[119.65163131199995,-4.0428094279999982,0,null],[119.65165785299996,-4.0427701269999829,0,null],[119.65167968399999,-4.0427471009999749,0,null],[119.651708192,-4.0427269219999857,0,null],[119.65179403299999,-4.042663484000002,0,null],[119.65185239200002,-4.0425514209999847,0,null],[119.65188644900002,-4.0424805330000027,0,null],[119.65191292999998,-4.0424230589999866,0,null],[119.65193367200004,-4.0423579540000105,0,null],[119.65195442000004,-4.0422947609999937,0,null],[119.65197520599997,-4.0422430450000206,0,null],[119.65200741399997,-4.0421893779999891,0,null],[119.652041596,-4.0421567469999786,0,null],[119.65208720700002,-4.0421240790000184,0,null],[119.65211952699997,-4.0421048439999936,0,null],[119.65214231100003,-4.0420818150000173,0,null],[119.65221633900001,-4.042001230999972,0,null],[119.65246096999999,-4.0416710889999763,0,null],[119.652504163,-4.0415067650000083,0,null],[119.65250403100003,-4.0414663359999849,0,null],[119.65250373699996,-4.0413756959999887,0,null],[119.65250354900002,-4.0413180159999911,0,null],[119.65250342900003,-4.0412809349999748,0,null],[119.65251962499997,-4.0412149609999801,0,null],[119.65252700899998,-4.0411767190000205,0,null],[119.65255842099998,-4.0411708770000132,0,null],[119.65283135100003,-4.0411886329999902,0,null],[119.65295559599997,-4.0411738789999845,0,null],[119.653015557,-4.0411607699999763,0,null],[119.65303695900002,-4.0411520920000044,0,null],[119.65314277799996,-4.0410687149999944,0,null],[119.65347047499995,-4.0413472179999985,0,null],[119.65365715300004,-4.0415367150000066,0,null],[119.65416620600001,-4.0416298060000031,0,null],[119.65447424900003,-4.0417317960000219,0,null],[119.65460996199999,-4.0418302319999952,0,null],[119.65462233799997,-4.0418507919999911,0,null],[119.65462244499997,-4.0418837519999897,0,null],[119.65461025699994,-4.0419208729999809,0,null],[119.65458578799996,-4.0419662740000035,0,null],[119.65456126499998,-4.0419951939999805,0,null],[119.65454493499999,-4.0420199679999769,0,null],[119.654536904,-4.0420735559999912,0,null],[119.65451236700005,-4.0420983559999968,0,null],[119.65448374200002,-4.0421272909999857,0,null],[119.65447158100005,-4.0421726509999871,0,null],[119.65447179600005,-4.0422385719999738,0,null],[119.65447202400003,-4.0423087230000192,0,null],[119.65476259699994,-4.0425619580000216,0,null],[119.65500739900006,-4.0427160980000281,0,null],[119.65517883999996,-4.0427169690000255,0,null],[119.65519365399996,-4.0428790369999774,0,null],[119.65514813200002,-4.0428840929999978,0,null],[119.65515910700003,-4.0429515619999847,0,null],[119.65515926,-4.0429986579999877,0,null],[119.65515937500004,-4.0430339800000183,0,null],[119.655361309,-4.0430334289999905,0,null],[119.65574415000003,-4.0430141479999975,0,null],[119.65576506599996,-4.0430045179999752,0,null],[119.65583931000003,-4.0430003490000104,0,null],[119.656198819,-4.042983468999978,0,null],[119.65628089200004,-4.0429831999999806,0,null],[119.65634734599996,-4.0429869060000101,0,null],[119.656417809,-4.0430219969999825,0,null],[119.656453124,-4.0430650530000207,0,null],[119.65649260299995,-4.0431865890000154,0,null],[119.65649278199999,-4.0432415340000034,0,null],[119.65649316600002,-4.0433592750000003,0,null],[119.65650116100005,-4.043414193999979,0,null],[119.65657193200002,-4.0435434770000143,0,null],[119.65662285500002,-4.0435786329999814,0,null],[119.65667367499998,-4.0435823899999832,0,null],[119.65673621999997,-4.0435861089999889,0,null],[119.65678319599999,-4.0436095030000274,0,null],[119.65685757999995,-4.0436485060000109,0,null],[119.65695558100003,-4.0437384520000137,0,null],[119.65703018299996,-4.0438441740000144,0,null],[119.65703051599996,-4.0439462159999948,0,null],[119.65707328200006,-4.0439966339999955,0,null],[119.65710225199996,-4.0439864570000168,0,null],[119.657135584,-4.0439853909999783,0,null],[119.65717654800005,-4.0439881259999879,0,null],[119.65721559400004,-4.0439870409999799,0,null],[119.65725745400005,-4.0439725570000178,0,null],[119.65727930699995,-4.0439562259999775,0,null],[119.657307833,-4.0439417860000049,0,null],[119.65733066300004,-4.0439331029999721,0,null],[119.65737825899998,-4.0439252950000082,0,null],[119.657417302,-4.0439232530000027,0,null],[119.65746202599996,-4.0439106730000276,0,null],[119.65752573700001,-4.043879378999975,0,null],[119.65756379799996,-4.0438682550000067,0,null],[119.65758802899995,-4.0438509599999861,0,null],[119.65766597799995,-4.0438047950000282,0,null],[119.65773352199994,-4.0437806620000174,0,null],[119.65776302999996,-4.0437753040000075,0,null],[119.65781961499999,-4.0437492940000084,0,null],[119.65789521900001,-4.0437141360000055,0,null],[119.65790140700005,-4.0437131589999922,0,null],[119.65792429199996,-4.0437212140000156,0,null],[119.65794007800002,-4.0437431600000195,0,null],[119.65795205999996,-4.0437665530000118,0,null],[119.65796833700006,-4.0437928019999845,0,null],[119.65799181299997,-4.0438362419999976,0,null],[119.65800471299997,-4.0438491119999753,0,null],[119.658030027,-4.0438719829999741,0,null],[119.65803437099999,-4.0438896630000158,0,null],[119.65803586499999,-4.043909742999972,0,null],[119.65803737500005,-4.043934605000004,0,null],[119.65804170900003,-4.0439494159999754,0,null],[119.65805602199998,-4.0439574979999975,0,null],[119.65808649899998,-4.043957397999975,0,null],[119.65811744400003,-4.0439544270000169,0,null],[119.65813503699997,-4.043946238999979,0,null],[119.65814167300005,-4.0439366530000029,0,null],[119.65815068500001,-4.0439256249999858,0,null],[119.65816923099999,-4.0439174339999795,0,null],[119.65818396999998,-4.0439102120000143,0,null],[119.65819873700002,-4.0439115980000224,0,null],[119.65821162600002,-4.0439211199999932,0,null],[119.65822501000002,-4.0439363790000016,0,null],[119.65824742200004,-4.0439453920000119,0,null],[119.65827934699996,-4.0439510250000126,0,null],[119.65830458599999,-4.0439509419999808,0,null],[119.65832314900001,-4.0439480119999871,0,null],[119.65834692999999,-4.043938847999982,0,null],[119.65836353199995,-4.0439187079999783,0,null],[119.65837819599994,-4.0438885319999827,0,null],[119.65838435199998,-4.043877990999988,0,null],[119.65839718699999,-4.0438708949999977,0,null],[119.65840730499997,-4.0438702640000201,0,null],[119.65841923200003,-4.0438768000000209,0,null],[119.65842998899996,-4.0438899160000119,0,null],[119.65844800100001,-4.0439370810000241,0,null],[119.65847741699997,-4.0440129009999737,0,null],[119.65848877899998,-4.0440290029999915,0,null],[119.65850489000002,-4.0440409060000206,0,null],[119.65852514100004,-4.0440444260000277,0,null],[119.65854537200005,-4.0440419679999877,0,null],[119.65855783400002,-4.0440299719999757,0,null],[119.65857025699995,-4.0440060199999834,0,null],[119.65858381700002,-4.0439659250000091,0,null],[119.65859328500005,-4.043948558000011,0,null],[119.65860931600002,-4.0439359530000161,0,null],[119.658621799,-4.0439305319999903,0,null],[119.65864798300004,-4.0439280539999913,0,null],[119.65867478200005,-4.0439315529999931,0,null],[119.65872840199995,-4.0439457229999789,0,null],[119.65875818500001,-4.0439516029999822,0,null],[119.65877489100001,-4.0439635029999863,0,null],[119.65879043799998,-4.0439849719999756,0,null],[119.65882030900002,-4.0440177510000126,0,null],[119.658859054,-4.0440337630000158,0,null],[119.65891089599995,-4.044050330999994,0,null],[119.65894782800001,-4.0440579799999909,0,null],[119.658962729,-4.0440639089999877,0,null],[119.65898658699996,-4.0440781770000171,0,null],[119.659012244,-4.0440966229999731,0,null],[119.65907483599995,-4.0441239150000001,0,null],[119.65911836600003,-4.0441470850000201,0,null],[119.65914345299996,-4.0441733040000258,0,null],[119.65916441800005,-4.0442132860000015,0,null],[119.65918235799995,-4.0442383330000098,0,null],[119.65920026900005,-4.0442544140000223,0,null],[119.65922232100002,-4.0442627109999876,0,null],[119.65925150400005,-4.0442673969999987,0,null],[119.65928246399994,-4.0442690880000214,0,null],[119.65931523300003,-4.0442779470000119,0,null],[119.659339682,-4.044291018000024,0,null],[119.65938029599999,-4.0443327279999721,0,null],[119.65940540700001,-4.0443661200000065,0,null],[119.65942808299997,-4.0443833809999887,0,null],[119.65945371099997,-4.0443928610000057,0,null],[119.65948287699996,-4.0443921680000017,0,null],[119.65951557200003,-4.0443783110000027,0,null],[119.65953278200004,-4.0443621150000126,0,null],[119.65953987800003,-4.0443477449999818,0,null],[119.65954158600005,-4.0443238280000173,0,null],[119.65955164100001,-4.0443040690000203,0,null],[119.65957362100005,-4.0442902479999816,0,null],[119.65959384600001,-4.0442859969999745,0,null],[119.65962243299998,-4.0442900869999789,0,null],[119.65965463500004,-4.0443079140000009,0,null],[119.65973572999997,-4.0443500889999768,0,null],[119.65976733699995,-4.0443679190000239,0,null],[119.65979597299997,-4.0443869530000143,0,null],[119.65981204699995,-4.0443874979999919,0,null],[119.65982869100003,-4.0443802699999765,0,null],[119.65984827800003,-4.0443628699999863,0,null],[119.65987501999996,-4.0443490330000031,0,null],[119.65989823899997,-4.0443501519999927,0,null],[119.65992149199997,-4.0443614339999954,0,null],[119.65993404300002,-4.0443769340000131,0,null],[119.65993469299997,-4.0443936699999767,0,null],[119.65993116799996,-4.0444080280000207,0,null],[119.65993003799997,-4.0444265630000018,0,null],[119.65993485800004,-4.0444444799999815,0,null],[119.65995582000005,-4.0444832659999861,0,null],[119.65997860200002,-4.0445328060000065,0,null],[119.65999653899996,-4.0445572549999724,0,null],[119.66001682900003,-4.0445727310000166,0,null],[119.66004184799999,-4.0445780279999894,0,null],[119.66007280199995,-4.0445779259999881,0,null],[119.66010254499997,-4.0445718510000006,0,null],[119.66013346800003,-4.044562185000018,0,null],[119.66015488000005,-4.0445567340000252,0,null],[119.66017513099996,-4.0445602539999754,0,null],[119.660203153,-4.0445739109999863,0,null],[119.66022643700001,-4.0445947559999809,0,null],[119.66024079700003,-4.0446174240000232,0,null],[119.66024743100002,-4.0446437040000092,0,null],[119.66024928900003,-4.0446658160000197,0,null],[119.66025766300004,-4.044678341000008,0,null],[119.66027437399998,-4.0446914369999831,0,null],[119.66029167199997,-4.0447021400000267,0,null],[119.66030896699999,-4.0447122450000279,0,null],[119.66032092299997,-4.0447277480000139,0,null],[119.66032396399999,-4.0447474650000004,0,null],[119.66032045099996,-4.0447654089999787,0,null],[119.66031870999996,-4.0447791639999764,0,null],[119.66032352900004,-4.0447964830000274,0,null],[119.66033130400001,-4.0448078150000129,0,null],[119.66036230099996,-4.0448208639999734,0,null],[119.66038615699995,-4.0448345340000174,0,null],[119.66040584500001,-4.0448482180000269,0,null],[119.66041899799995,-4.0448655100000224,0,null],[119.66042800299999,-4.0448887939999736,0,null],[119.66044472900001,-4.0449066720000246,0,null],[119.66046442100003,-4.0449215510000158,0,null],[119.660496567,-4.0449220429999855,0,null],[119.660518561,-4.0449124059999804,0,null],[119.66054768799995,-4.044899756999996,0,null],[119.66056612,-4.0448931209999728,0,null],[119.66058457500003,-4.0448936579999781,0,null],[119.66061614900002,-4.0449013250000121,0,null],[119.66064174600001,-4.0449012409999909,0,null],[119.66066198700003,-4.0449017720000029,0,null],[119.66068343200004,-4.0449064840000233,0,null],[119.66070015599996,-4.0449237639999751,0,null],[119.66071391699995,-4.0449452390000147,0,null],[119.66073599699996,-4.0449619030000008,0,null],[119.66077235499995,-4.0449761300000091,0,null],[119.66081047299997,-4.0449825800000099,0,null],[119.66086048099999,-4.0449842090000061,0,null],[119.660918251,-4.0449929850000217,0,null],[119.66096586599997,-4.0449910350000096,0,null],[119.66099204600005,-4.0449873619999721,0,null],[119.66101463300004,-4.044977125999992,0,null],[119.66102292999994,-4.0449657409999986,0,null],[119.66103356999997,-4.0449429910000276,0,null],[119.66104125000004,-4.0449250319999805,0,null],[119.66106024800001,-4.0449094279999827,0,null],[119.66108820600004,-4.0449033579999991,0,null],[119.661129888,-4.0449074050000036,0,null],[119.661187047,-4.0449114009999789,0,null],[119.66121266300001,-4.0449172950000047,0,null],[119.66123531599999,-4.0449273820000258,0,null],[119.66125799099996,-4.0449440450000225,0,null],[119.66127828699996,-4.0449613139999769,0,null],[119.66130151200002,-4.0449642259999905,0,null],[119.66131994299997,-4.0449575900000241,0,null],[119.66133239299995,-4.0449420069999746,0,null],[119.661367961,-4.0448964589999719,0,null],[119.66138455400005,-4.044873688999985,0,null],[119.66141187000005,-4.0448532749999799,0,null],[119.66143743700002,-4.0448442239999736,0,null],[119.661479074,-4.04483452300002,0,null],[119.66150703000005,-4.0448278559999835,0,null],[119.66153559700001,-4.0448259679999978,0,null],[119.66156594799997,-4.0448234770000226,0,null],[119.66159390400003,-4.0448168099999862,0,null],[119.66160876000004,-4.0448089899999786,0,null],[119.66162119000001,-4.0447874289999959,0,null],[119.66162230800001,-4.0447653080000237,0,null],[119.66161989,-4.0447539580000011,0,null],[119.661609107,-4.0447330719999854,0,null],[119.66161322300002,-4.0447175159999915,0,null],[119.66162986100005,-4.044708495000009,0,null],[119.6616477,-4.0447024580000175,0,null],[119.66171548600005,-4.0446795199999883,0,null],[119.66175531800002,-4.0446638469999812,0,null],[119.66178382600003,-4.0446440260000145,0,null],[119.66184141799999,-4.0445984059999773,0,null],[119.66187347300001,-4.0445708029999992,0,null],[119.66191683500006,-4.044542564999972,0,null],[119.66195667700003,-4.0445298810000168,0,null],[119.66200070100001,-4.0445219650000013,0,null],[119.66205842600004,-4.044516993000002,0,null],[119.66208580800003,-4.0445169029999875,0,null],[119.66211020399999,-4.0445138329999963,0,null],[119.66217204700001,-4.0444939029999887,0,null],[119.66220832500005,-4.0444836219999729,0,null],[119.66223805100003,-4.0444721659999914,0,null],[119.66227493999997,-4.0444666650000158,0,null],[119.66230232199996,-4.0444665750000013,0,null],[119.66232374399999,-4.0444641130000036,0,null],[119.662342749,-4.0444508990000259,0,null],[119.66235577099997,-4.0444281410000258,0,null],[119.66236640800003,-4.0444041960000163,0,null],[119.66237526800001,-4.0443832440000165,0,null],[119.662391286,-4.0443664539999986,0,null],[119.66241206899997,-4.0443508440000073,0,null],[119.66245665400004,-4.0443321660000038,0,null],[119.66250362899996,-4.0443164690000231,0,null],[119.66258805400003,-4.0442851070000074,0,null],[119.66263324199997,-4.044268819000024,0,null],[119.66265705199999,-4.0442687400000068,0,null],[119.66267253499996,-4.0442704820000017,0,null],[119.66268802900004,-4.0442758109999772,0,null],[119.66270116400005,-4.0442877230000249,0,null],[119.66271551099999,-4.0443062069999769,0,null],[119.66273400299997,-4.044318101999977,0,null],[119.66275305199997,-4.044318039000018,0,null],[119.66277923200005,-4.0443143659999805,0,null],[119.66279646299995,-4.0443047449999767,0,null],[119.66281188699998,-4.0442885539999907,0,null],[119.662826698,-4.0442669860000251,0,null],[119.66284212699998,-4.0442519910000101,0,null],[119.66286113599995,-4.0442399730000034,0,null],[119.662877181,-4.0442315509999958,0,null],[119.66289558899996,-4.0442177420000007,0,null],[119.66291100700005,-4.0441997579999907,0,null],[119.66296615199997,-4.0441338219999921,0,null],[119.66297563900002,-4.0441224329999841,0,null],[119.66298990600001,-4.0441164079999794,0,null],[119.66302734099997,-4.0440959609999823,0,null],[119.66303561200004,-4.0440768049999747,0,null],[119.66304029399998,-4.0440522810000061,0,null],[119.66305451400001,-4.0440319100000011,0,null],[119.66307233500004,-4.044020493000005,0,null],[119.66309789000002,-4.0440078560000075,0,null],[119.66311750099999,-4.043997628999989,0,null],[119.66312580099998,-4.0439874400000235,0,null],[119.66312993099996,-4.0439760689999957,0,null],[119.663136334,-4.043931812999972,0,null],[119.66314047399999,-4.0439234300000066,0,null],[119.66315235599996,-4.0439162179999926,0,null],[119.66316187999996,-4.0439161869999793,0,null],[119.66317320200005,-4.0439197360000207,0,null],[119.66318335999995,-4.0439316580000195,0,null],[119.66319470500002,-4.0439423799999759,0,null],[119.66320961199995,-4.0439501019999966,0,null],[119.66322925400004,-4.0439494400000058,0,null],[119.66324113799999,-4.0439428249999878,0,null],[119.66325061500004,-4.0439284479999742,0,null],[119.66325651700004,-4.0439128859999869,0,null],[119.66325943499999,-4.043894942999998,0,null],[119.66325937199997,-4.0438758149999785,0,null],[119.66325632799999,-4.0438549030000104,0,null],[119.66325507500005,-4.0438357790000055,0,null],[119.66326217699998,-4.0438232019999987,0,null],[119.66327938999996,-4.0438082009999903,0,null],[119.66331446599997,-4.0437943370000085,0,null],[119.66340544599996,-4.0437647470000115,0,null],[119.66350592799995,-4.0437285489999795,0,null],[119.66353032200004,-4.0437248819999922,0,null],[119.66354461599997,-4.0437272259999872,0,null],[119.66355415999999,-4.043733173000021,0,null],[119.66356789199995,-4.0437456810000185,0,null],[119.663577476,-4.0437641799999824,0,null],[119.66357931899995,-4.0437815089999845,0,null],[119.66357581399996,-4.0438018450000186,0,null],[119.66355563100001,-4.0438192459999982,0,null],[119.66353840399995,-4.0438300629999731,0,null],[119.66352475600002,-4.0438432590000275,0,null],[119.66351944500002,-4.0438576230000081,0,null],[119.66352067299999,-4.0438689759999988,0,null],[119.66352843499999,-4.0438761240000076,0,null],[119.66354213199998,-4.0438778719999959,0,null],[119.66355701099997,-4.0438772260000064,0,null],[119.66357306999998,-4.0438729879999755,0,null],[119.66359089399998,-4.0438627670000074,0,null],[119.66361822199997,-4.0438459399999829,0,null],[119.66363962599996,-4.0438380979999806,0,null],[119.66365627200003,-4.0438314680000076,0,null],[119.66367353400005,-4.0438314109999851,0,null],[119.66368842600002,-4.0438343509999868,0,null],[119.66370869000002,-4.0438420550000274,0,null],[119.66372420200003,-4.0438527640000075,0,null],[119.66375102999996,-4.043865229000005,0,null],[119.66376888800005,-4.0438651700000037,0,null],[119.66379267699995,-4.0438585160000002,0,null],[119.66381526199996,-4.0438476819999778,0,null],[119.66383668100002,-4.0438446219999946,0,null],[119.663855152,-4.043849941000019,0,null],[119.66386887199997,-4.0438588630000254,0,null],[119.66387903500004,-4.0438719800000058,0,null],[119.66388742300001,-4.043888690000017,0,null],[119.66389996700002,-4.0439018000000146,0,null],[119.66391308599998,-4.0439089299999864,0,null],[119.66393157000005,-4.0439184329999875,0,null],[119.66393875100005,-4.0439297670000087,0,null],[119.66394059300001,-4.0439470960000108,0,null],[119.66393708199996,-4.0439656390000209,0,null],[119.66392702300004,-4.0439842029999795,0,null],[119.66391754999995,-4.043999776000021,0,null],[119.66391225300003,-4.0440183239999783,0,null],[119.66391230900001,-4.0440356589999737,0,null],[119.66391711599999,-4.0440493919999767,0,null],[119.66392787200004,-4.0440619099999822,0,null],[119.66394756499994,-4.0440767889999734,0,null],[119.66395593000004,-4.0440863260000128,0,null],[119.66395836499998,-4.0441030549999937,0,null],[119.66395305499998,-4.0441174189999742,0,null],[119.66394714299997,-4.0441299920000233,0,null],[119.66394599,-4.0441413529999863,0,null],[119.66395073599995,-4.0441727400000218,0,null],[119.66394981400003,-4.0441823080000177,0,null],[119.66394792799997,-4.0441880530000276,0,null],[119.66393842900004,-4.0441957350000166,0,null],[119.66392226300002,-4.0442034399999898,0,null],[119.66391562399997,-4.0442120700000146,0,null],[119.66392234099999,-4.0442273510000177,0,null],[119.66393951299995,-4.0442359020000254,0,null],[119.66396999000006,-4.0442358010000135,0,null],[119.66399376899994,-4.0442261590000044,0,null],[119.66401283300002,-4.0442308780000076,0,null],[119.66402622400005,-4.0442480500000215,0,null],[119.66403105500001,-4.0442690749999883,0,null],[119.66404542800001,-4.0442958080000153,0,null],[119.66407215499999,-4.044313891999991,0,null],[119.66408556099998,-4.044335846000024,0,null],[119.66410946899998,-4.0443654160000051,0,null],[119.664129516,-4.0443796970000108,0,null],[119.66416481800002,-4.0443987090000064,0,null],[119.66417816199998,-4.0444015339999737,0,null],[119.66424519300006,-4.0443972429999917,0,null],[119.66626235199999,-4.046308109999984,0,null],[119.67349672099999,-4.0531612749999795,0,null],[119.68027677800001,-4.0531425209999838,0,null],[119.68297508600006,-4.0531350580000094,0,null],[119.68413089900002,-4.0531318609999971,0,null],[119.68483836400003,-4.0531299040000022,0,null],[119.68519876300002,-4.0531329240000105,0,null],[119.68550879700001,-4.053044108999984,0,null],[119.68576286500002,-4.0529304730000035,0,null],[119.68591916900004,-4.0528979029999732,0,null],[119.68615642600003,-4.0529675600000132,0,null],[119.68631822899999,-4.0530770149999853,0,null],[119.686484791,-4.0531864700000142,0,null],[119.68666562999999,-4.0533006850000106,0,null],[119.686817916,-4.0533625510000206,0,null],[119.68726049600002,-4.0535386309999808,0,null],[119.687574584,-4.0536290499999836,0,null],[119.68779825399997,-4.0536861570000156,0,null],[119.68797909299997,-4.0536909159999936,0,null],[119.68803620000006,-4.0536242910000055,0,null],[119.68802668199999,-4.0535195950000116,0,null],[119.68794577999995,-4.0534148990000176,0,null],[119.68795053899998,-4.0533102019999774,0,null],[119.68803620000006,-4.0532245420000095,0,null],[119.68818372600003,-4.0531769529999906,0,null],[119.68838835999998,-4.0531626759999995,0,null],[119.688588235,-4.0532150239999964,0,null],[119.68882618099997,-4.0534053810000046,0,null],[119.68918785899996,-4.0538336839999829,0,null],[119.68947339399995,-4.0541953619999731,0,null],[119.68976368899996,-4.0544571030000043,0,null],[119.69009205400005,-4.0545903519999911,0,null],[119.69047276799995,-4.0547093249999762,0,null],[119.69084247900003,-4.0547644079999827,0,null],[119.69145786499996,-4.0548092629999815,0,null],[119.69180050700004,-4.0547711909999862,0,null],[119.69205748900004,-4.0547902270000122,0,null],[119.69226688200001,-4.0547949859999903,0,null],[119.69249055099999,-4.0547949859999903,0,null],[119.69271897900001,-4.0547711909999862,0,null],[119.69291409499999,-4.0547711909999862,0,null],[119.69316155900003,-4.0548330569999962,0,null],[119.69336619299997,-4.0548949230000062,0,null],[119.69353275499998,-4.0549329950000015,0,null],[119.69384146300001,-4.0549540950000278,0,null],[119.69433225399996,-4.0548949230000062,0,null],[119.69458923599996,-4.0548473339999873,0,null],[119.69497946700005,-4.0548758880000264,0,null],[119.69541305200005,-4.0548828089999915,0,null],[119.69552408300001,-4.0549155520000113,0,null],[119.695664179,-4.054985309000017,0,null],[119.69582633200002,-4.0551164380000273,0,null],[119.69602824399999,-4.0553747179999959,0,null],[119.69615996300001,-4.0555542289999948,0,null],[119.69629643099995,-4.0558478390000232,0,null],[119.69651183999997,-4.0561827289999997,0,null],[119.69664159000001,-4.0563844470000276,0,null],[119.69689045999996,-4.0567779439999754,0,null],[119.69706247199997,-4.0571631249999882,0,null],[119.69721718300002,-4.0574797849999982,0,null],[119.69744935000006,-4.0579847779999909,0,null],[119.69768080599999,-4.0582754640000189,0,null],[119.69794652200005,-4.0586003239999968,0,null],[119.69827188099998,-4.0588906940000129,0,null],[119.69853688499995,-4.0590012470000261,0,null],[119.69883541000002,-4.0589230960000009,0,null],[119.69909087999997,-4.0587336469999968,0,null],[119.69926104199999,-4.0585616299999856,0,null],[119.69955871100001,-4.0582263100000091,0,null],[119.69995045300004,-4.0579421090000096,0,null],[119.70032506500002,-4.0576408210000068,0,null],[119.70042759399996,-4.0575504560000013,0,null],[119.70065702099998,-4.0573482479999825,0,null],[119.70140560200002,-4.0565527969999948,0,null],[119.70144811299997,-4.0565012199999728,0,null],[119.701689547,-4.0563225999999872,0,null],[119.70193701100004,-4.0562274220000063,0,null],[119.70224158200006,-4.0562369389999731,0,null],[119.70255567100003,-4.0562369389999731,0,null],[119.70287927799995,-4.056189350000011,0,null],[119.70342179500005,-4.0561036899999863,0,null],[119.70365974100002,-4.0561322429999791,0,null],[119.70388816900004,-4.0562654930000122,0,null],[119.70416418699995,-4.0566081349999763,0,null],[119.70446875799996,-4.0568746349999856,0,null],[119.70473525700004,-4.0570078850000186,0,null],[119.70509693500003,-4.0570364380000115,0,null],[119.705411024,-4.0570174029999748,0,null],[119.70568704200002,-4.0569983670000056,0,null],[119.70596305900006,-4.0570935449999865,0,null],[119.70645798700002,-4.0571696879999877,0,null],[119.70681966500001,-4.0571125810000126,0,null],[119.70695291499999,-4.0570649919999937,0,null],[119.70727652200003,-4.0570269209999879,0,null],[119.70783807400005,-4.0570935449999865,0,null],[119.70815216300002,-4.0571030629999996,0,null],[119.708361556,-4.0570269209999879,0,null],[119.708618538,-4.0567509030000224,0,null],[119.70883744800005,-4.0565890999999965,0,null],[119.70918009000002,-4.0565224750000084,0,null],[119.70950369699995,-4.0564844030000131,0,null],[119.70977019700001,-4.0563892249999753,0,null],[119.71000814299998,-4.0562369389999731,0,null],[119.71025560700002,-4.056056099999978,0,null],[119.71052210599998,-4.0558562260000031,0,null],[119.71072198100001,-4.0557515290000197,0,null],[119.71090282,-4.0557610469999759,0,null],[119.711083659,-4.0558657440000161,0,null],[119.71142630199995,-4.056056099999978,0,null],[119.711749908,-4.0562179039999933,0,null],[119.711890133,-4.0562734090000276,0,null],[119.71295942899997,-4.0565590389999784,0,null],[119.71443469500002,-4.0573204670000109,0,null],[119.71557681900003,-4.057879875000026,0,null],[119.71561339899995,-4.0578240039999969,0,null],[119.71630243000004,-4.0564993529999924,0,null],[119.71660379000002,-4.0560657990000095,0,null],[119.71686804000001,-4.0556856349999748,0,null],[119.71698771399997,-4.0554619069999944,0,null],[119.71706623700004,-4.0552306229999999,0,null],[119.71736697300003,-4.0543925599999966,0,null],[119.71744457099999,-4.0541384509999716,0,null],[119.71749329900001,-4.053612376999979,0,null],[119.71750212899997,-4.0535170429999994,0,null],[119.71761400800006,-4.0529874489999997,0,null],[119.71778721299995,-4.0522681940000211,0,null],[119.71789428900001,-4.0516471550000119,0,null],[119.71795853499998,-4.0509475939999788,0,null],[119.71808314600003,-4.0503665850000061,0,null],[119.71851532899996,-4.049995808999995,0,null],[119.71884369199995,-4.0494654770000125,0,null],[119.71900522199996,-4.0488909119999903,0,null],[119.71900311800005,-4.0484253650000142,0,null],[119.71904398599997,-4.0474478360000035,0,null],[119.71901449100005,-4.0471721659999957,0,null],[119.71894363199999,-4.0465098990000001,0,null],[119.71880086299996,-4.0459507260000009,0,null],[119.71847963599998,-4.0455462169999805,0,null],[119.71771778300001,-4.0452370149999979,0,null],[119.71752291200005,-4.0451579260000017,0,null],[119.71727057299995,-4.0451080000000275,0,null],[119.71710698499999,-4.0450395899999876,0,null],[119.71696124300001,-4.0448789769999962,0,null],[119.71651806800003,-4.0442067800000245,0,null],[119.716303917,-4.0437219639999853,0,null],[119.71612178800001,-4.0432683020000013,0,null],[119.71552864900002,-4.0424384259999897,0,null],[119.71526337700004,-4.0422028610000211,0,null],[119.71495952199996,-4.0421336740000129,0,null],[119.71464347400001,-4.0422154699999737,0,null],[119.71433700399996,-4.0423714789999963,0,null],[119.71385901999997,-4.0425203359999955,0,null],[119.71317492599997,-4.0425143879999723,0,null],[119.71340548000001,-4.0418633140000111,0,null],[119.71349539699997,-4.0414846709999779,0,null],[119.713518561,-4.0411846449999871,0,null],[119.71353698500002,-4.0410688279999931,0,null],[119.71356694500003,-4.0408804959999998,0,null],[119.71353169400004,-4.0405387810000093,0,null],[119.71355828100002,-4.0401668289999861,0,null],[119.71357089399999,-4.0397624110000265,0,null],[119.71371513400004,-4.0392335120000098,0,null],[119.71374992300002,-4.0386464520000231,0,null],[119.71375363899995,-4.0385837489999972,0,null],[119.71379197700003,-4.0378238200000283,0,null],[119.71384704599996,-4.0368504310000048,0,null],[119.71361130399998,-4.0367398970000181,0,null],[119.71338304699998,-4.0365988390000211,0,null],[119.71321220499999,-4.0364895239999896,0,null],[119.71315782099998,-4.0364547259999881,0,null],[119.71295552300001,-4.0363562790000174,0,null],[119.71272747299997,-4.0362746999999786,0,null],[119.71244163699998,-4.0361704329999952,0,null],[119.71215879299996,-4.0360539569999787,0,null],[119.71200513799999,-4.0359675469999843,0,null],[119.71195938999995,-4.0359112830000186,0,null],[119.71194393600001,-4.0358289829999876,0,null],[119.71197854100001,-4.0357327969999801,0,null],[119.71204485600003,-4.0355816069999833,0,null],[119.71208384800002,-4.0354350810000028,0,null],[119.71207893999997,-4.0353283459999716,0,null],[119.71203146699997,-4.0352080359999718,0,null],[119.71194921899996,-4.0351351130000239,0,null],[119.711808894,-4.0351010169999881,0,null],[119.71161152299999,-4.0351123500000199,0,null],[119.71137788099998,-4.0351787029999855,0,null],[119.71114889099999,-4.0352724940000257,0,null],[119.71093065599996,-4.0354043749999846,0,null],[119.71070338100003,-4.0355591489999938,0,null],[119.71054573100002,-4.035643556000025,0,null],[119.71034247800003,-4.0357128520000174,0,null],[119.71011494899994,-4.0357913930000109,0,null],[119.70992399600004,-4.035906400999977,0,null],[119.70977568000001,-4.0360593930000164,0,null],[119.70960926099997,-4.0362459899999976,0,null],[119.70957975099998,-4.0362857759999997,0,null],[119.70957936499997,-4.036291527000003,0,null],[119.70957244500005,-4.0363079250000169,0,null],[119.70949673400003,-4.0364559480000253,0,null],[119.70944456899997,-4.0366085460000249,0,null],[119.70942857299997,-4.0366421979999814,0,null],[119.70941446200004,-4.0366611410000246,0,null],[119.70941279099998,-4.0366624889999798,0,null],[119.70934167500002,-4.0366083019999905,0,null],[119.70921899899997,-4.0367078369999945,0,null],[119.70905056900006,-4.0367465269999911,0,null],[119.70888492799997,-4.0367120000000227,0,null],[119.70877378299997,-4.0366254560000243,0,null],[119.70865776699998,-4.036442849000025,0,null],[119.70854737399998,-4.0361245000000281,0,null],[119.70850196100002,-4.0359386019999874,0,null],[119.70845654799996,-4.0357527140000116,0,null],[119.70834789499997,-4.0354999290000251,0,null],[119.70820145699997,-4.0353021789999843,0,null],[119.70801349600004,-4.0351799430000028,0,null],[119.70786038599999,-4.0351709299999925,0,null],[119.70778057799998,-4.0351788329999749,0,null],[119.70769594900003,-4.0351872119999825,0,null],[119.70751545300004,-4.0352726890000099,0,null],[119.70739499199999,-4.0353889159999881,0,null],[119.70723946400005,-4.0355546380000078,0,null],[119.707134731,-4.0356399180000153,0,null],[119.70708100700006,-4.0356836619999967,0,null],[119.70704738799998,-4.0357026909999831,0,null],[119.706915396,-4.0357774020000079,0,null],[119.70690547900006,-4.0357829779999861,0,null],[119.70681863300001,-4.0358318099999906,0,null],[119.70676382099998,-4.0358626290000075,0,null],[119.70667414599995,-4.0359575350000227,0,null],[119.70659036300003,-4.0361329030000093,0,null],[119.70652949600003,-4.036309062999976,0,null],[119.70652491099997,-4.0363223339999763,0,null],[119.70648066599995,-4.036548401999994,0,null],[119.70644057100003,-4.0367560939999976,0,null],[119.70637076800006,-4.0369060030000128,0,null],[119.70625856300001,-4.0369910979999872,0,null],[119.70604779799999,-4.0370369870000218,0,null],[119.70574550499998,-4.0370394070000089,0,null],[119.70556068600001,-4.0370041020000258,0,null],[119.70554571900004,-4.0370012430000202,0,null],[119.70534592399997,-4.0369630789999746,0,null],[119.70518942599995,-4.0368715440000074,0,null],[119.70503292800004,-4.0367800000000216,0,null],[119.70492015499997,-4.0366228010000214,0,null],[119.70481244200005,-4.0363661719999868,0,null],[119.70481443599999,-4.0361176530000193,0,null],[119.70486860200003,-4.0359169719999954,0,null],[119.70494962600003,-4.0357764190000012,0,null],[119.70495144200004,-4.0357732670000246,0,null],[119.704986039,-4.0357132519999936,0,null],[119.70512742200003,-4.0355207470000209,0,null],[119.70523092899998,-4.0353580190000002,0,null],[119.70525357899999,-4.0352358929999923,0,null],[119.70526132500004,-4.0351941249999754,0,null],[119.705250998,-4.0350487210000097,0,null],[119.70518526700005,-4.0349445929999774,0,null],[119.70507900799998,-4.0348900399999934,0,null],[119.70492672900002,-4.0348659320000024,0,null],[119.70465986600004,-4.0348741970000219,0,null],[119.70438418599997,-4.0348855639999783,0,null],[119.70410200900005,-4.0348837399999979,0,null],[119.70403177699995,-4.0348780979999788,0,null],[119.70388725800001,-4.0348664900000131,0,null],[119.70384148400001,-4.0348628130000179,0,null],[119.70364379499995,-4.0348218220000263,0,null],[119.703446106,-4.0347808210000267,0,null],[119.70323265000002,-4.0346933789999753,0,null],[119.70316813800002,-4.0346669520000091,0,null],[119.70301919400003,-4.0346059369999807,0,null],[119.70271110600004,-4.0344698040000253,0,null],[119.70254347599996,-4.0343778800000223,0,null],[119.70239712499995,-4.0342976260000114,0,null],[119.70238322900002,-4.0342900050000026,0,null],[119.70237584500001,-4.0342859560000193,0,null],[119.70222354199996,-4.0341509109999834,0,null],[119.70214324599999,-4.0339832369999726,0,null],[119.70212160000005,-4.033938035999995,0,null],[119.70209123400002,-4.0336839760000203,0,null],[119.70211613699996,-4.0334315569999717,0,null],[119.70220199300002,-4.0331775980000089,0,null],[119.70219390099999,-4.0329919719999907,0,null],[119.70211146600002,-4.032821604999981,0,null],[119.70203930000002,-4.0326490699999908,0,null],[119.70195328600005,-4.0324712220000265,0,null],[119.701895939,-4.0323359239999945,0,null],[119.70183990199996,-4.0321752639999886,0,null],[119.70183748099998,-4.0321268330000066,0,null],[119.70183311899996,-4.0320396170000095,0,null],[119.701892477,-4.0319175390000055,0,null],[119.70200233399999,-4.0318517100000122,0,null],[119.70213700700003,-4.0318609220000212,0,null],[119.70233175700002,-4.0319386130000225,0,null],[119.70254774600005,-4.0319786669999758,0,null],[119.70271333599999,-4.031965237999998,0,null],[119.70280511299995,-4.0319263000000092,0,null],[119.702875328,-4.0318327059999888,0,null],[119.70289310999999,-4.0317156739999973,0,null],[119.70285217699995,-4.0316160169999762,0,null],[119.70274706500004,-4.0315004700000259,0,null],[119.70265068399999,-4.0314605429999801,0,null],[119.70257409500005,-4.0314288150000266,0,null],[119.70240112500005,-4.031357168999989,0,null],[119.70225441100001,-4.0313066269999922,0,null],[119.70198558000004,-4.0312256299999945,0,null],[119.70175239000002,-4.0311353519999784,0,null],[119.70166726399998,-4.0310758350000242,0,null],[119.70156404900001,-4.0310036710000077,0,null],[119.70145673299999,-4.0308716929999946,0,null],[119.70138248299997,-4.0307056259999854,0,null],[119.70130570699996,-4.0305293829999869,0,null],[119.70121664800001,-4.0303856510000173,0,null],[119.70113349200005,-4.0303266280000116,0,null],[119.70098852000001,-4.0302805169999942,0,null],[119.70095289999995,-4.0302796859999717,0,null],[119.70084643500002,-4.0302772030000256,0,null],[119.70068126900003,-4.0302990440000031,0,null],[119.70060299700003,-4.0302775170000018,0,null],[119.70051853300004,-4.0302145399999745,0,null],[119.70046305999995,-4.0301071860000093,0,null],[119.70044697000003,-4.0300036589999877,0,null],[119.70041516699996,-4.0298889430000031,0,null],[119.70037807400001,-4.0297908630000165,0,null],[119.70033184399995,-4.0296892979999939,0,null],[119.70025191299999,-4.029535721000002,0,null],[119.70014035600002,-4.0292854460000171,0,null],[119.70006225700001,-4.0290706289999889,0,null],[119.70000488000005,-4.0288497419999771,0,null],[119.70000270599996,-4.028705892000005,0,null],[119.70000158699997,-4.0286318650000226,0,null],[119.70007374299996,-4.0284029779999742,0,null],[119.70008798900005,-4.0283577879999939,0,null],[119.70020612099995,-4.0281783930000188,0,null],[119.700302674,-4.0280378649999875,0,null],[119.70031849899999,-4.0278347000000281,0,null],[119.700186325,-4.027636283999982,0,null],[119.70013853800003,-4.0275953739999864,0,null],[119.70002121599998,-4.0274949369999717,0,null],[119.69986960400001,-4.0273644069999932,0,null],[119.69971799300004,-4.0272338760000252,0,null],[119.69958526300002,-4.0270987650000052,0,null],[119.69955694800001,-4.0270699420000255,0,null],[119.69945253399999,-4.0269636529999957,0,null],[119.69933037999999,-4.026818177999985,0,null],[119.69920822799997,-4.0266727019999848,0,null],[119.69914291800001,-4.0265156770000203,0,null],[119.699142854,-4.0265144090000149,0,null],[119.69913137499998,-4.0262897939999789,0,null],[119.69919714399998,-4.0260401580000007,0,null],[119.69927063299997,-4.0259442789999866,0,null],[119.69930825200004,-4.02589519899999,0,null],[119.69955110399997,-4.0257451570000171,0,null],[119.69976135399997,-4.0256468599999948,0,null],[119.69995536900001,-4.0255377729999964,0,null],[119.70006997600001,-4.0253620770000111,0,null],[119.70009865199995,-4.0252878530000089,0,null],[119.70015241299996,-4.0251487049999923,0,null],[119.70015887099999,-4.0248148620000279,0,null],[119.70012069999996,-4.0244576810000012,0,null],[119.70001350200005,-4.0241507840000281,0,null],[119.69993519699995,-4.0240231129999984,0,null],[119.69989479900005,-4.0239572469999985,0,null],[119.69987392799999,-4.0239232160000142,0,null],[119.69977609700004,-4.0237637019999966,0,null],[119.69969096399996,-4.0235986100000218,0,null],[119.69960583099999,-4.0234335189999797,0,null],[119.69951305899997,-4.0231969769999978,0,null],[119.69949057700001,-4.0231396519999976,0,null],[119.69943378699998,-4.0228833030000146,0,null],[119.69946212399998,-4.0226729209999803,0,null],[119.69966795899995,-4.0224446710000166,0,null],[119.69997261599997,-4.022286959999974,0,null],[119.70019855199996,-4.0220671960000232,0,null],[119.70021112200004,-4.0220549690000098,0,null],[119.70033128600005,-4.0219137390000128,0,null],[119.70045144899996,-4.0217725100000052,0,null],[119.70062146199996,-4.0215862829999764,0,null],[119.70076160799999,-4.0214737640000067,0,null],[119.70088646900001,-4.0213735149999934,0,null],[119.70108621700001,-4.0213656220000189,0,null],[119.70128755500002,-4.0214391459999774,0,null],[119.70137247000002,-4.0216365079999719,0,null],[119.70142570200005,-4.0218370399999799,0,null],[119.701539991,-4.0219719780000105,0,null],[119.70166038800005,-4.0220671960000232,0,null],[119.70167827600005,-4.0220813430000248,0,null],[119.701820892,-4.0221203959999912,0,null],[119.70199574200001,-4.0221133620000273,0,null],[119.70213148200003,-4.0220676459999822,0,null],[119.70213179999996,-4.0220671960000232,0,null],[119.70220498399999,-4.0219636580000042,0,null],[119.70225201300002,-4.0218032070000049,0,null],[119.70226657700005,-4.021583201999988,0,null],[119.70220747500002,-4.0214064570000119,0,null],[119.70214836499997,-4.0212297209999974,0,null],[119.70197651299998,-4.0209641569999803,0,null],[119.70184052499997,-4.0208090670000161,0,null],[119.70170453699996,-4.0206539860000134,0,null],[119.70166003300005,-4.0206008640000164,0,null],[119.70152379599995,-4.0204382439999904,0,null],[119.70141302100001,-4.0202334219999898,0,null],[119.70143794600006,-4.0200471069999821,0,null],[119.70156530199995,-4.0199282560000142,0,null],[119.70164667300003,-4.019828662000009,0,null],[119.70173459900002,-4.0196807980000244,0,null],[119.70173511999997,-4.01965442300002,0,null],[119.70173809300002,-4.0195037280000179,0,null],[119.70169275900003,-4.0194061359999864,0,null],[119.70155236799997,-4.0193101340000226,0,null],[119.70134098200003,-4.0192977689999907,0,null],[119.70110980300001,-4.0193223399999738,0,null],[119.70087861599995,-4.0193469010000058,0,null],[119.70064346499998,-4.0193293469999958,0,null],[119.70040831400001,-4.0193117910000069,0,null],[119.70030943400002,-4.0192979639999749,0,null],[119.70020454999997,-4.0192832970000154,0,null],[119.70000079600004,-4.0192548019999776,0,null],[119.69987080299995,-4.0192366239999728,0,null],[119.69979703299998,-4.0192263079999861,0,null],[119.69957070400005,-4.0191607190000127,0,null],[119.699344376,-4.0190951220000102,0,null],[119.69915972700005,-4.0190069750000248,0,null],[119.698975088,-4.0189188179999746,0,null],[119.69877347700003,-4.0188170719999903,0,null],[119.69857186700006,-4.0187153260000059,0,null],[119.69833618899997,-4.0185703800000283,0,null],[119.69819681299998,-4.0184601220000218,0,null],[119.69810757599998,-4.01830886099998,0,null],[119.69807776899995,-4.0181968580000103,0,null],[119.69779378700002,-4.0182531720000156,0,null],[119.69765804300005,-4.0182681939999725,0,null],[119.69754966000005,-4.0182801880000056,0,null],[119.69730588300001,-4.0182910259999858,0,null],[119.69710634,-4.0182942069999967,0,null],[119.69691215099999,-4.018287670999996,0,null],[119.69671796099999,-4.0182811340000057,0,null],[119.69653368199999,-4.0182557009999869,0,null],[119.69634940499998,-4.0182302669999785,0,null],[119.69612342200003,-4.0181562440000107,0,null],[119.69589743899996,-4.018082220999986,0,null],[119.69573603599997,-4.0180105979999894,0,null],[119.69565647399997,-4.0179693950000228,0,null],[119.69542994100004,-4.0178167459999941,0,null],[119.69535636199998,-4.0177035570000044,0,null],[119.69532017500001,-4.0176478879999991,0,null],[119.69530092499997,-4.0174658720000025,0,null],[119.69529828700001,-4.0174409300000207,0,null],[119.69533710200005,-4.0172476230000029,0,null],[119.69543302800002,-4.0170545679999918,0,null],[119.69556919299998,-4.0169275050000124,0,null],[119.69570535599996,-4.0168004430000224,0,null],[119.69586924999999,-4.0166848490000007,0,null],[119.69603314300002,-4.0165692560000252,0,null],[119.69621350800003,-4.016447970999991,0,null],[119.69639387300003,-4.0163266879999924,0,null],[119.69654199399997,-4.0162164029999872,0,null],[119.69669011400003,-4.016106117999982,0,null],[119.69683823399998,-4.015995834000023,0,null],[119.69698635300006,-4.0158855480000284,0,null],[119.69713447300001,-4.0157752630000232,0,null],[119.69728259299995,-4.015664978000018,0,null],[119.69743071400001,-4.0155546940000022,0,null],[119.69757883399996,-4.0154444080000076,0,null],[119.69772695400002,-4.0153341230000024,0,null],[119.69801112799996,-4.0151132340000117,0,null],[119.69814762199996,-4.0150046269999962,0,null],[119.69820548500002,-4.0149585859999775,0,null],[119.69834625500005,-4.0148465780000038,0,null],[119.69837932799999,-4.0148202620000006,0,null],[119.69839984199996,-4.0148039389999894,0,null],[119.69850113999996,-4.0147188909999727,0,null],[119.69859299100006,-4.0146332379999876,0,null],[119.69876881499999,-4.0144431859999941,0,null],[119.69888058000004,-4.0142132839999931,0,null],[119.69885877399997,-4.0139634910000268,0,null],[119.69873765700004,-4.0137928610000131,0,null],[119.69849689700004,-4.0136861700000281,0,null],[119.698142297,-4.013646451999989,0,null],[119.69781773299997,-4.0136499899999762,0,null],[119.69760198500001,-4.0136971420000123,0,null],[119.69738623800004,-4.0137442960000271,0,null],[119.69722736200004,-4.0138455320000048,0,null],[119.69706848500005,-4.0139467689999719,0,null],[119.69690960800006,-4.0140480069999853,0,null],[119.69675073200005,-4.0141492430000199,0,null],[119.69655618499996,-4.0142870920000178,0,null],[119.69636163899997,-4.0144249400000263,0,null],[119.696167092,-4.0145627900000136,0,null],[119.69612452900003,-4.0145946609999896,0,null],[119.69598282000004,-4.0147007759999838,0,null],[119.69579854799997,-4.0148387620000108,0,null],[119.69561427600001,-4.0149767479999809,0,null],[119.69557981000003,-4.0150046279999856,0,null],[119.69544088700002,-4.0151170049999791,0,null],[119.69526749800002,-4.0152572619999773,0,null],[119.69509411000001,-4.0153975200000218,0,null],[119.69493544600004,-4.0155112319999944,0,null],[119.69477678099997,-4.0156249440000238,0,null],[119.69465197500006,-4.0157143900000278,0,null],[119.69461811500003,-4.0157386569999858,0,null],[119.69453283300004,-4.0157782780000275,0,null],[119.69444182500001,-4.0158205590000193,0,null],[119.694265535,-4.015902460999996,0,null],[119.69405115500001,-4.015967857000021,0,null],[119.69401060799999,-4.0159858740000232,0,null],[119.69382536000001,-4.0159919189999869,0,null],[119.69360987100004,-4.0159453239999721,0,null],[119.69357567600002,-4.0159182279999754,0,null],[119.69348580400003,-4.0158672910000064,0,null],[119.69344969700001,-4.0158468270000185,0,null],[119.69335816900002,-4.015754706999985,0,null],[119.69329822400005,-4.015669929000012,0,null],[119.69326099900002,-4.0155909569999721,0,null],[119.69324322600005,-4.0155006040000103,0,null],[119.69324588999996,-4.0154223349999825,0,null],[119.69324449800001,-4.0154012579999971,0,null],[119.69324059099995,-4.0153420820000179,0,null],[119.69321690300001,-4.0151659580000114,0,null],[119.69315693800002,-4.015029711000011,0,null],[119.69313805499996,-4.0150046279999856,0,null],[119.69305660600003,-4.0148964429999978,0,null],[119.69282232299997,-4.0146448649999797,0,null],[119.69256248199997,-4.014441526999974,0,null],[119.69236426800001,-4.0143510720000108,0,null],[119.69216605500003,-4.0142606169999908,0,null],[119.69191617599995,-4.0141958350000095,0,null],[119.69166629599999,-4.0141310530000283,0,null],[119.69145398000001,-4.0141273309999974,0,null],[119.69124166400002,-4.0141236090000234,0,null],[119.69102934800003,-4.0141198869999926,0,null],[119.690991403,-4.0141260949999946,0,null],[119.69084388299996,-4.0141502289999949,0,null],[119.690658418,-4.0141805690000183,0,null],[119.69047295300004,-4.0142109110000206,0,null],[119.69023078600003,-4.0142629179999858,0,null],[119.68998861800003,-4.0143149259999973,0,null],[119.68979316399998,-4.0143191139999885,0,null],[119.68959771100003,-4.0143233019999798,0,null],[119.68929209500004,-4.0142470999999773,0,null],[119.68900127100005,-4.0140772529999822,0,null],[119.68892164500005,-4.0140189470000109,0,null],[119.68869713200002,-4.0138260649999893,0,null],[119.68857613900002,-4.0137151769999946,0,null],[119.68844500700004,-4.0135782340000219,0,null],[119.68831387299997,-4.0134412900000029,0,null],[119.68817707100004,-4.0132843869999988,0,null],[119.68804651799996,-4.013134650999973,0,null],[119.688040269,-4.0131274839999946,0,null],[119.68802905400003,-4.0131162339999946,0,null],[119.68790904499997,-4.0129958549999856,0,null],[119.68786922699996,-4.0129559119999954,0,null],[119.68777782200004,-4.0128642239999976,0,null],[119.68764659700003,-4.0127325949999886,0,null],[119.68750226700001,-4.0125642959999936,0,null],[119.68735793500002,-4.0123959979999881,0,null],[119.68724799799998,-4.0122934209999812,0,null],[119.68712027599997,-4.0121742489999974,0,null],[119.68709492699998,-4.0121505970000158,0,null],[119.68693161299996,-4.0120488520000208,0,null],[119.68676829799995,-4.0119471049999902,0,null],[119.68657344300004,-4.0118409959999894,0,null],[119.68633743700002,-4.0117338430000018,0,null],[119.686252728,-4.011695383000017,0,null],[119.686069503,-4.0116186270000185,0,null],[119.68603736399996,-4.0116051640000023,0,null],[119.68588627899999,-4.0115418720000093,0,null],[119.685703053,-4.0114651170000002,0,null],[119.68552200800002,-4.0113864190000186,0,null],[119.68534096200005,-4.0113077199999907,0,null],[119.68515991699996,-4.0112290220000091,0,null],[119.68511063000005,-4.0112075979999986,0,null],[119.68497887199999,-4.0111503240000275,0,null],[119.684774941,-4.0110499419999996,0,null],[119.684571011,-4.0109495610000181,0,null],[119.68436708000002,-4.0108491799999797,0,null],[119.68428130300003,-4.0107960459999958,0,null],[119.68417023799998,-4.0107272490000128,0,null],[119.68397339600006,-4.0106053169999996,0,null],[119.68381852899995,-4.0105035949999888,0,null],[119.68378644899997,-4.0104825239999968,0,null],[119.68359950199999,-4.0103597329999729,0,null],[119.68341255500002,-4.0102369400000271,0,null],[119.68319713999995,-4.0101120530000003,0,null],[119.68298172499999,-4.0099871670000198,0,null],[119.68274920199997,-4.009882000999994,0,null],[119.68251667799996,-4.0097768339999789,0,null],[119.68232963900005,-4.0097160509999981,0,null],[119.68214695799998,-4.0096763170000145,0,null],[119.68198488400003,-4.0096733660000154,0,null],[119.68191091000006,-4.0096906200000149,0,null],[119.68178361699995,-4.009742555999992,0,null],[119.68173909200004,-4.0097661980000225,0,null],[119.68172374000005,-4.0097917649999886,0,null],[119.68171542499999,-4.0098407959999918,0,null],[119.68171799799995,-4.0098810090000256,0,null],[119.68171929200003,-4.0098901609999871,0,null],[119.68172815299999,-4.0099528480000117,0,null],[119.681715693,-4.010028095999985,0,null],[119.68170186500004,-4.0100886359999777,0,null],[119.68166462500005,-4.0101875629999881,0,null],[119.68159441600005,-4.0103587869999728,0,null],[119.68157383699997,-4.0104089750000185,0,null],[119.68152420700005,-4.0105300110000144,0,null],[119.68145874899994,-4.0106414919999906,0,null],[119.68144398000004,-4.010699518000024,0,null],[119.68134183300003,-4.010790835000023,0,null],[119.68131143200003,-4.0108747749999907,0,null],[119.68130069400002,-4.0109841259999826,0,null],[119.68130307199999,-4.0111746840000251,0,null],[119.68129632,-4.0113586489999875,0,null],[119.68129983799997,-4.0114390329999878,0,null],[119.68127880999998,-4.0114814649999744,0,null],[119.68124498600002,-4.0116011889999754,0,null],[119.68121677900001,-4.0116637919999789,0,null],[119.68116550000002,-4.0117516569999907,0,null],[119.68099566800004,-4.0119914649999942,0,null],[119.68083969500003,-4.0121784199999979,0,null],[119.68078936200004,-4.012244518999978,0,null],[119.68074216900004,-4.0122185769999987,0,null]]]},"properties":{"FID":33106,"OBJECTID":113892,"NAMOBJ":"Lemoe","FCODE":"BA03070040","REMARK":"Pemerintah Kota Parepare, Tahun 2010","METADATA":"TASWIL1000020230928_DATA_BATAS_DESAKELURAHAN","SRS_ID":"SRGI 2013","KDBBPS":" ","KDCBPS":" ","KDCPUM":"73.72.01","KDEBPS":" ","KDEPUM":"73.72.01.1009","KDPBPS":" ","KDPKAB":"73.72","KDPPUM":"73","LUASWH":2359.1140184699998,"TIPADM":2,"WADMKC":"Bacukiki","WADMKD":"Lemoe","WADMKK":"Kota Parepare","WADMPR":"Sulawesi Selatan","WIADKC":" ","WIADKK":" ","WIADPR":" ","WIADKD":" ","UUPP":"Data dari Pemerintah Daerah","LUAS":2359.1140184699998,"SHAPE_AREA":0.0019212042001199999,"SHAPE_LEN":0.274907922267}},{"type":"Feature","id":33115,"geometry":{"type":"Polygon","coordinates":[[[119.66388543100004,-3.9605898329999718,0,null],[119.663739416,-3.9605654160000086,0,null],[119.66359272,-3.9605444530000113,0,null],[119.66339508500005,-3.960520898000027,0,null],[119.66323495699999,-3.9605026190000103,0,null],[119.66317127499997,-3.9604953499999738,0,null],[119.66309270199997,-3.9604930269999841,0,null],[119.66300261100002,-3.9604903630000194,0,null],[119.66294531599999,-3.9604944029999842,0,null],[119.66285876799998,-3.9605005060000167,0,null],[119.662680572,-3.9605287339999791,0,null],[119.66249554000001,-3.9605742640000017,0,null],[119.66231874300001,-3.9606094009999993,0,null],[119.66216667699996,-3.9606313279999767,0,null],[119.66198432900001,-3.9606526559999793,0,null],[119.66181921199995,-3.9606822250000278,0,null],[119.66167614799997,-3.960719322999978,0,null],[119.66155581999999,-3.9607639569999833,0,null],[119.66142316699995,-3.9608266060000119,0,null],[119.66127951800001,-3.9608975859999873,0,null],[119.66109880299996,-3.9609991039999954,0,null],[119.66093938400002,-3.9610881099999915,0,null],[119.66076755799997,-3.9611723209999923,0,null],[119.66058883000005,-3.9612510150000162,0,null],[119.66041420900001,-3.9613220950000141,0,null],[119.66028283100002,-3.9613557029999811,0,null],[119.66013277399998,-3.9613589520000119,0,null],[119.65993173799995,-3.9613499210000214,0,null],[119.65977201099997,-3.9613428349999822,0,null],[119.65960471200003,-3.9613343830000076,0,null],[119.65939473499998,-3.961329529000011,0,null],[119.65923505399996,-3.9613369570000145,0,null],[119.65914805600005,-3.9613619539999831,0,null],[119.65907336500004,-3.9614140410000118,0,null],[119.65900389000001,-3.9614851339999859,0,null],[119.65895849900005,-3.9615518210000005,0,null],[119.65888766099999,-3.9617343919999826,0,null],[119.65883138900006,-3.961896175999982,0,null],[119.65877070399995,-3.962025992000008,0,null],[119.65870642200002,-3.9621031140000014,0,null],[119.65863945800004,-3.962151724000023,0,null],[119.65851998699998,-3.9621944570000096,0,null],[119.65838411599998,-3.9622216810000168,0,null],[119.65824387999999,-3.9622290460000045,0,null],[119.65815009300002,-3.9622302160000231,0,null],[119.65798743799996,-3.9622220919999904,0,null],[119.65776969900003,-3.9622098340000207,0,null],[119.657596743,-3.9622112580000248,0,null],[119.65744276500004,-3.9622264399999949,0,null],[119.65726562500004,-3.9622615779999819,0,null],[119.65711608900006,-3.9623208279999744,0,null],[119.656988931,-3.9623825909999937,0,null],[119.65688506200001,-3.9624589730000253,0,null],[119.65672644000006,-3.9626375080000003,0,null],[119.65667080499998,-3.962728420000019,0,null],[119.65660061999995,-3.9628479099999936,0,null],[119.65651587399998,-3.9629864519999956,0,null],[119.65641907099996,-3.9631198449999943,0,null],[119.65631461400005,-3.9632826430000136,0,null],[119.65621441999997,-3.9634359290000134,0,null],[119.65610407500003,-3.9636402360000034,0,null],[119.65607663699996,-3.9636707430000229,0,null],[119.65605089400003,-3.9636936360000163,0,null],[119.65602081899999,-3.9637072159999889,0,null],[119.65592761899995,-3.9637318810000011,0,null],[119.65575656700003,-3.9637348539999948,0,null],[119.65575788700005,-3.9637858809999784,0,null],[119.65576003700005,-3.9638689729999896,0,null],[119.65575418599997,-3.9639782240000159,0,null],[119.65574497900002,-3.9641130609999777,0,null],[119.65573801799997,-3.9643032079999898,0,null],[119.65572877,-3.9644249149999951,0,null],[119.65572164599996,-3.9645666590000133,0,null],[119.65571923000005,-3.9646724469999981,0,null],[119.65571683799999,-3.9647858349999865,0,null],[119.65571029499995,-3.964892323000015,0,null],[119.65570093999997,-3.9649808460000031,0,null],[119.65569383900004,-3.9650703469999939,0,null],[119.65569035199997,-3.965114304999986,0,null],[119.65567625200003,-3.9652242789999832,0,null],[119.65565704999995,-3.9653009040000029,0,null],[119.655630352,-3.9653486970000245,0,null],[119.65557406100004,-3.9653979589999722,0,null],[119.65548134000005,-3.9654625580000129,0,null],[119.65533494900001,-3.9655376950000232,0,null],[119.65524197399998,-3.9655860670000038,0,null],[119.655211936,-3.9656016949999753,0,null],[119.65510199799996,-3.9656656519999842,0,null],[119.65501684200001,-3.965729529999976,0,null],[119.65493995300005,-3.9657954510000195,0,null],[119.654866535,-3.9658717359999969,0,null],[119.654815794,-3.9659341199999858,0,null],[119.65475686900004,-3.9660207329999935,0,null],[119.65469865499995,-3.9661128650000137,0,null],[119.65461440499996,-3.9662465709999992,0,null],[119.65451233800002,-3.9664024479999966,0,null],[119.65441232000001,-3.966554866000024,0,null],[119.65432733299997,-3.9666719809999904,0,null],[119.65428433299996,-3.9667243650000046,0,null],[119.65422036099994,-3.966802298999994,0,null],[119.65411060400004,-3.9669229470000005,0,null],[119.65393562099996,-3.9670984159999989,0,null],[119.653859506,-3.9671899190000204,0,null],[119.65372438700001,-3.9673459119999848,0,null],[119.65362901699996,-3.9674436939999964,0,null],[119.65351657300005,-3.9675850909999895,0,null],[119.65344057100003,-3.9677146220000168,0,null],[119.65338508299999,-3.9678385270000263,0,null],[119.65338042099995,-3.9678489369999852,0,null],[119.65333125699999,-3.9679742239999882,0,null],[119.65327933699996,-3.9680988339999885,0,null],[119.65324385199995,-3.9681960799999842,0,null],[119.65319876700005,-3.9683054579999748,0,null],[119.65314950200002,-3.968398953000019,0,null],[119.65309331000003,-3.9684793299999797,0,null],[119.65301993100002,-3.9685652939999727,0,null],[119.65295273499999,-3.9686484719999839,0,null],[119.65290361400002,-3.9687113649999901,0,null],[119.65288074299997,-3.9687406479999936,0,null],[119.65279500700001,-3.968837026000017,0,null],[119.65268173899995,-3.9689376310000171,0,null],[119.652569793,-3.9690181880000068,0,null],[119.65238085099998,-3.969134256000018,0,null],[119.65221320299997,-3.969234350000022,0,null],[119.65205862599998,-3.9693304250000097,0,null],[119.65195643200002,-3.9693960839999818,0,null],[119.65186507800001,-3.9694580849999852,0,null],[119.65174976900005,-3.9695649239999966,0,null],[119.65161047799995,-3.9697081329999833,0,null],[119.65152396899998,-3.9697797970000011,0,null],[119.651408479,-3.9698297740000044,0,null],[119.65125074900004,-3.9698544739999875,0,null],[119.65105197599996,-3.9698563250000234,0,null],[119.65089600600004,-3.9698449640000035,0,null],[119.650813395,-3.9698389459999817,0,null],[119.65065687200001,-3.9698176840000201,0,null],[119.65053499199996,-3.9698011269999824,0,null],[119.65039513800002,-3.9697652840000046,0,null],[119.65018914799998,-3.9696996320000153,0,null],[119.64997526399998,-3.9696557299999995,0,null],[119.64972524200005,-3.9696119449999969,0,null],[119.649645179,-3.9697635850000097,0,null],[119.64956627100003,-3.969952582000019,0,null],[119.64949248400001,-3.9701280780000161,0,null],[119.64940264899997,-3.9703216990000101,0,null],[119.64937250200001,-3.9703866759999755,0,null],[119.64919277700005,-3.9706952529999739,0,null],[119.64909210899998,-3.9708589069999789,0,null],[119.64899143299999,-3.9710225609999839,0,null],[119.64890125099998,-3.9711517459999754,0,null],[119.64885575000005,-3.9712169270000004,0,null],[119.64872610299994,-3.9713594099999909,0,null],[119.64859016599996,-3.9714739240000085,0,null],[119.64843148099999,-3.9715802069999881,0,null],[119.64821708399995,-3.9717001610000011,0,null],[119.64800379799999,-3.971843951999972,0,null],[119.64798000600001,-3.9718600360000096,0,null],[119.64797236300001,-3.971865202999993,0,null],[119.64781420899999,-3.971972113999982,0,null],[119.64764313499995,-3.9720763669999997,0,null],[119.64750183399997,-3.9721286770000006,0,null],[119.64733155099998,-3.9721593009999765,0,null],[119.64707247000001,-3.9721902009999894,0,null],[119.64699822,-3.972220515999993,0,null],[119.646898308,-3.9722996510000144,0,null],[119.64681506399995,-3.9724243620000266,0,null],[119.64675981400001,-3.9725832070000138,0,null],[119.64675860399996,-3.9725946450000151,0,null],[119.64673972900005,-3.9727730889999862,0,null],[119.64673775799997,-3.9727917220000109,0,null],[119.64671772099996,-3.972984667999981,0,null],[119.64671255200005,-3.9730399150000153,0,null],[119.64670374599996,-3.9731340449999948,0,null],[119.64668138800005,-3.9732481940000071,0,null],[119.64665589100002,-3.9733457520000002,0,null],[119.64662518700004,-3.9734329610000145,0,null],[119.64658624699996,-3.9735253840000269,0,null],[119.64652262599998,-3.9736521010000274,0,null],[119.64645175199996,-3.9737705539999979,0,null],[119.64635127400004,-3.9739938359999769,0,null],[119.64628566199997,-3.974142339000025,0,null],[119.64621898400003,-3.9742815189999874,0,null],[119.64614202899998,-3.974434207999991,0,null],[119.64603946399995,-3.9746523169999932,0,null],[119.64594183400004,-3.9747978149999881,0,null],[119.64587811299998,-3.9748934259999942,0,null],[119.64581640200004,-3.9749703599999862,0,null],[119.64576389499996,-3.975018236999972,0,null],[119.64562574499996,-3.9750881599999843,0,null],[119.64544218000003,-3.9751613380000208,0,null],[119.645315289,-3.9751980490000278,0,null],[119.645223429,-3.9752118189999806,0,null],[119.64511915800006,-3.9752194199999735,0,null],[119.64502208900001,-3.9752166139999758,0,null],[119.64493948500001,-3.9752179189999879,0,null],[119.64488374699999,-3.9752263949999929,0,null],[119.64480634500001,-3.9752390880000235,0,null],[119.64469389600004,-3.9752726350000103,0,null],[119.64454541500004,-3.9753394819999812,0,null],[119.64442167200002,-3.9753927660000272,0,null],[119.64429178800003,-3.9754616320000196,0,null],[119.64416292700002,-3.9755294550000144,0,null],[119.64404644299998,-3.975593081999989,0,null],[119.64392380499999,-3.9756681420000177,0,null],[119.64381975599997,-3.975745221000011,0,null],[119.64372806799997,-3.9758129250000138,0,null],[119.64361576299996,-3.9758889820000149,0,null],[119.64351270199995,-3.9759515349999788,0,null],[119.64337667100006,-3.9760370129999956,0,null],[119.64321595700005,-3.9761536770000134,0,null],[119.64305628800003,-3.9762765550000267,0,null],[119.64291002100003,-3.9763890240000137,0,null],[119.64278750799997,-3.9765034960000207,0,null],[119.64266817700002,-3.9766449150000085,0,null],[119.64258081000003,-3.9767727479999735,0,null],[119.64253460899999,-3.9768348449999849,0,null],[119.64249341100003,-3.9768902160000152,0,null],[119.64247143600005,-3.9769174269999894,0,null],[119.64241112699995,-3.9769921050000221,0,null],[119.64235562600004,-3.9770721369999933,0,null],[119.64229594599999,-3.9771397380000053,0,null],[119.64221361900002,-3.9772281520000092,0,null],[119.64212617700002,-3.9773321359999727,0,null],[119.64206137999997,-3.977412189000006,0,null],[119.64199972799997,-3.9775077929999725,0,null],[119.64196892699999,-3.9775618180000265,0,null],[119.64193718499996,-3.9776460919999863,0,null],[119.64189706800005,-3.9777525999999739,0,null],[119.64186625000002,-3.9778381290000198,0,null],[119.64181755499999,-3.9779557609999756,0,null],[119.64176559600003,-3.9780799740000248,0,null],[119.64173062099997,-3.9781433379999953,0,null],[119.64167361499995,-3.9782199140000216,0,null],[119.64162826899997,-3.9782863159999806,0,null],[119.641626385,-3.9782890739999743,0,null],[119.64158248399997,-3.9783721869999908,0,null],[119.64154991199996,-3.9784182910000254,0,null],[119.64152383400005,-3.9784495900000252,0,null],[119.641492857,-3.9784825489999776,0,null],[119.641429292,-3.978556688000026,0,null],[119.64133562699999,-3.9786818480000079,0,null],[119.64126644299995,-3.9787913310000249,0,null],[119.64120868999998,-3.9788933759999736,0,null],[119.64116884500004,-3.9789674379999838,0,null],[119.64110944499998,-3.9790637410000045,0,null],[119.64106882999999,-3.9791365959999894,0,null],[119.64105576899999,-3.9791600249999988,0,null],[119.64097677699999,-3.9792728300000135,0,null],[119.64092628900005,-3.9793419920000019,0,null],[119.64086679100001,-3.9794103689999929,0,null],[119.64082768499998,-3.9794589620000238,0,null],[119.64076491699996,-3.9795265189999895,0,null],[119.64071274599996,-3.9795841910000149,0,null],[119.640689952,-3.9796179460000189,0,null],[119.64050005199999,-3.9799579070000277,0,null],[119.64028107900003,-3.9802788009999972,0,null],[119.64018722799995,-3.9804085790000272,0,null],[119.64017703900004,-3.980422668000017,0,null],[119.64010022000002,-3.9805113720000236,0,null],[119.639949645,-3.9805685470000185,0,null],[119.639731009,-3.9806556639999826,0,null],[119.63956940000003,-3.9807094220000181,0,null],[119.63946002600005,-3.9807339669999919,0,null],[119.63938986799997,-3.9807528630000206,0,null],[119.63930602200003,-3.9807966839999835,0,null],[119.63924633900001,-3.9808692820000147,0,null],[119.63913802399998,-3.9808097169999996,0,null],[119.63910635100001,-3.9807923000000187,0,null],[119.63890473799995,-3.9806610759999899,0,null],[119.63889917200004,-3.9806568490000132,0,null],[119.63882383199996,-3.9805996289999825,0,null],[119.63879365900004,-3.9805827900000281,0,null],[119.63874420399998,-3.9805635910000206,0,null],[119.63871404600002,-3.9805515869999795,0,null],[119.63869472099998,-3.9805359239999802,0,null],[119.63867175200005,-3.980509383000026,0,null],[119.63866323499997,-3.980485208999994,0,null],[119.63865589299996,-3.980448937999995,0,null],[119.63866265299998,-3.9803025209999987,0,null],[119.638655245,-3.9802456819999747,0,null],[119.63863941399995,-3.9801912830000106,0,null],[119.63859101800006,-3.980126107999979,0,null],[119.63850401000002,-3.9800416990000258,0,null],[119.63832403699996,-3.9798958819999939,0,null],[119.63817314400001,-3.9797995769999943,0,null],[119.63809355499995,-3.9797756390000245,0,null],[119.63804172699997,-3.9797661270000049,0,null],[119.63798510699996,-3.9797663090000128,0,null],[119.63794175700002,-3.9797737050000137,0,null],[119.63782498,-3.9797994840000115,0,null],[119.63771907800003,-3.9798349160000157,0,null],[119.63767339799995,-3.979865301000018,0,null],[119.63764096800003,-3.9798968640000112,0,null],[119.63761814600002,-3.9799162950000095,0,null],[119.637609645,-3.9799227390000169,0,null],[119.63760371900003,-3.9799272320000227,0,null],[119.63756400900002,-3.9799418819999914,0,null],[119.63755018400002,-3.9799430809999876,0,null],[119.63753510399999,-3.9799443879999785,0,null],[119.63748452100003,-3.9799469719999934,0,null],[119.637454402,-3.9799470689999907,0,null],[119.63740258500002,-3.9799436029999811,0,null],[119.63738345299998,-3.9799421320000192,0,null],[119.63737245899995,-3.9799412859999848,0,null],[119.63733391599999,-3.9799438229999851,0,null],[119.63732269399998,-3.979946348999988,0,null],[119.63725205799994,-3.9799622419999992,0,null],[119.63720274900004,-3.979989015000001,0,null],[119.63713421800003,-3.9800327859999811,0,null],[119.637086157,-3.9800728669999899,0,null],[119.63703227899998,-3.9801231609999945,0,null],[119.63694920299997,-3.9801939459999858,0,null],[119.63689358700003,-3.9802383709999845,0,null],[119.63685856500001,-3.9802668340000196,0,null],[119.63683797900001,-3.9802876410000181,0,null],[119.63680781599999,-3.9803278360000149,0,null],[119.63678862300003,-3.9803534729999797,0,null],[119.63676465200001,-3.9803908839999735,0,null],[119.63673933899997,-3.9804421250000246,0,null],[119.636705216,-3.980535572000008,0,null],[119.63667763800004,-3.9806200959999956,0,null],[119.63666976499997,-3.9806442240000024,0,null],[119.63663497100003,-3.9807418220000272,0,null],[119.636611711,-3.9807875259999719,0,null],[119.63658497699998,-3.9808249449999948,0,null],[119.63655066000001,-3.9808575440000027,0,null],[119.63651083399998,-3.9808894739999801,0,null],[119.63646683800005,-3.9809089739999877,0,null],[119.63643452099996,-3.9809194520000233,0,null],[119.63640149000003,-3.9809237059999987,0,null],[119.63637809399995,-3.9809265470000241,0,null],[119.63633473899995,-3.9809329039999852,0,null],[119.63629624600003,-3.9809510029999728,0,null],[119.63626396400002,-3.9809725430000071,0,null],[119.6362365,-3.9809954410000046,0,null],[119.63619260999997,-3.9810481249999725,0,null],[119.63615970499995,-3.981091790999983,0,null],[119.63612622999995,-3.9811741650000272,0,null],[119.63609429600001,-3.9813049379999939,0,null],[119.63605505700002,-3.981521454000017,0,null],[119.63604463900003,-3.9817088489999719,0,null],[119.63604471199994,-3.9817317000000116,0,null],[119.63604492800005,-3.9817994119999867,0,null],[119.63604991099999,-3.9818526349999956,0,null],[119.63605487100006,-3.9818954830000166,0,null],[119.63605982199999,-3.9819383309999807,0,null],[119.63606396099999,-3.9819757689999733,0,null],[119.636064788,-3.9819832489999953,0,null],[119.63606890100004,-3.9820210770000131,0,null],[119.63606974799995,-3.9820288619999928,0,null],[119.636071259,-3.9820710340000005,0,null],[119.63607180500003,-3.982089411000004,0,null],[119.63607199199998,-3.9820956840000008,0,null],[119.63607280099995,-3.9821228769999948,0,null],[119.636072227,-3.9821574459999738,0,null],[119.63606342100002,-3.9822037999999793,0,null],[119.63604634700005,-3.9822453360000054,0,null],[119.63600719999999,-3.9822758810000209,0,null],[119.63595973999998,-3.9822870959999932,0,null],[119.63577734099999,-3.982298046999972,0,null],[119.63571550400002,-3.9823008760000107,0,null],[119.63552007400006,-3.9823098179999761,0,null],[119.63548481299995,-3.9823114310000278,0,null],[119.635446376,-3.9823177129999863,0,null],[119.63544500199998,-3.9823179379999942,0,null],[119.63544324400004,-3.9823182249999718,0,null],[119.63544246900005,-3.9831067299999745,0,null],[119.63547469100001,-3.9838045980000061,0,null],[119.63549950499998,-3.9841947510000182,0,null],[119.63551270699998,-3.9843030270000099,0,null],[119.63552287599998,-3.9843560780000189,0,null],[119.63555033600005,-3.9844557000000123,0,null],[119.63566804699997,-3.9848584669999809,0,null],[119.635759732,-3.9851630420000106,0,null],[119.635893517,-3.9856783789999781,0,null],[119.63596499699997,-3.9859184580000147,0,null],[119.63599528899999,-3.9860101799999939,0,null],[119.63604421000002,-3.9861197760000096,0,null],[119.63608372700003,-3.9861920999999825,0,null],[119.636183577,-3.986352715999999,0,null],[119.63675040199996,-3.9871648210000217,0,null],[119.63708834900001,-3.9876407639999911,0,null],[119.63732222600004,-3.9879599450000001,0,null],[119.637461444,-3.9881625040000017,0,null],[119.63751171399997,-3.9882469880000144,0,null],[119.63757287800001,-3.9883633809999992,0,null],[119.63757736800005,-3.9883718329999738,0,null],[119.63760030699996,-3.9884776860000102,0,null],[119.63762208699995,-3.9885876079999889,0,null],[119.637658472,-3.9887979100000166,0,null],[119.63769581899999,-3.9890714050000042,0,null],[119.63771725599997,-3.9893118140000183,0,null],[119.63772600100003,-3.9894409060000271,0,null],[119.63772391800001,-3.989534166999988,0,null],[119.63772169699996,-3.9895843880000257,0,null],[119.63770889199998,-3.9896752920000154,0,null],[119.63768538099998,-3.9897891989999721,0,null],[119.63767456000005,-3.9898345359999894,0,null],[119.63742890900005,-3.990576453000017,0,null],[119.63729384999999,-3.9910058570000047,0,null],[119.63724870600004,-3.9911846190000233,0,null],[119.63720473000001,-3.991450063000002,0,null],[119.63720150899996,-3.9916151749999926,0,null],[119.63721595200002,-3.9918849229999864,0,null],[119.637216631,-3.9919112320000067,0,null],[119.63728684700004,-3.9926157070000272,0,null],[119.63729741099996,-3.9927921380000271,0,null],[119.63728350600002,-3.9929112610000175,0,null],[119.63720101599995,-3.9933034850000126,0,null],[119.63706245499998,-3.9939248559999783,0,null],[119.63684285099998,-3.994944184000019,0,null],[119.63662033599996,-3.995946306999997,0,null],[119.63656809300005,-3.996138722000012,0,null],[119.63645262800003,-3.9964787850000221,0,null],[119.63666720900005,-3.9965834519999817,0,null],[119.636723803,-3.9966349179999838,0,null],[119.63681987799998,-3.9967472299999827,0,null],[119.63688515499996,-3.9968338180000273,0,null],[119.63691954900003,-3.9968674219999798,0,null],[119.63694460900001,-3.9968859919999886,0,null],[119.63697680899998,-3.9969038209999894,0,null],[119.63701470599995,-3.9969158939999829,0,null],[119.63705186499999,-3.9969207949999941,0,null],[119.63712685099995,-3.9969162500000266,0,null],[119.63760383600004,-3.9968644979999794,0,null],[119.63800869399995,-3.9968180000000189,0,null],[119.63810583700001,-3.9968176869999752,0,null],[119.63825944799999,-3.9968293860000017,0,null],[119.63835448999998,-3.996841991999986,0,null],[119.63840524099999,-3.9968533050000019,0,null],[119.63845316000004,-3.9968725190000214,0,null],[119.63848180100001,-3.9968939469999896,0,null],[119.63851263200002,-3.9969304310000098,0,null],[119.63853201400002,-3.996960496999975,0,null],[119.63857225699996,-3.9971205759999862,0,null],[119.63858332100006,-3.9971561610000208,0,null],[119.63866084300003,-3.997338118000016,0,null],[119.63871832799998,-3.9974448159999838,0,null],[119.63876501000004,-3.9975235730000236,0,null],[119.63885387100004,-3.9976136710000105,0,null],[119.63907099599999,-3.9978303230000165,0,null],[119.63936702800004,-3.9981514520000019,0,null],[119.63973197899998,-3.9985806770000067,0,null],[119.63979139599996,-3.9986213729999918,0,null],[119.639837908,-3.9986470470000199,0,null],[119.63992942200002,-3.9986732930000244,0,null],[119.64015666499995,-3.9987034050000148,0,null],[119.64071254500004,-3.9987525399999981,0,null],[119.64086333299997,-3.9987750079999955,0,null],[119.64095482000005,-3.9987926460000267,0,null],[119.64104275099999,-3.9988153169999805,0,null],[119.64111427199998,-3.9988437790000262,0,null],[119.64122516999998,-3.9989008079999735,0,null],[119.64133541499996,-3.9989764889999719,0,null],[119.64143782199994,-3.9990586519999738,0,null],[119.641715084,-3.999317431999998,0,null],[119.64192787299999,-3.9990721319999807,0,null],[119.64198116600005,-3.9989851619999968,0,null],[119.64205067,-3.9988299930000153,0,null],[119.642214997,-3.9983961909999834,0,null],[119.64226475099997,-3.9983192760000179,0,null],[119.64229818399997,-3.9982761269999969,0,null],[119.64230793299998,-3.9982684400000039,0,null],[119.64252625799998,-3.9982267400000069,0,null],[119.64311056600002,-3.9981242960000145,0,null],[119.643364023,-3.9980876100000273,0,null],[119.64357227200003,-3.9980606340000122,0,null],[119.64414122799997,-3.9980301009999835,0,null],[119.64438522299997,-3.9980125750000184,0,null],[119.644531594,-3.9979941679999911,0,null],[119.64465650199998,-3.9979650710000101,0,null],[119.64473257400005,-3.9979277620000175,0,null],[119.64482761199997,-3.9978652859999784,0,null],[119.64508299700003,-3.9976875169999744,0,null],[119.64520305500002,-3.9976309379999861,0,null],[119.64529224900002,-3.9976019559999827,0,null],[119.64544574000001,-3.9975763529999995,0,null],[119.64557304799996,-3.9975532249999901,0,null],[119.64581347399997,-3.997536905000004,0,null],[119.64603017100001,-3.9975457689999985,0,null],[119.64605162299995,-3.9975528730000178,0,null],[119.64665170599994,-3.9979478550000067,0,null],[119.647585101,-3.9985402269999781,0,null],[119.64788647299997,-3.9980203729999744,0,null],[119.64825368499999,-3.9974477090000278,0,null],[119.648873546,-3.996587293999994,0,null],[119.64922664799997,-3.996069671999976,0,null],[119.64934274200004,-3.9958911589999957,0,null],[119.64947770699996,-3.9956575890000181,0,null],[119.64962210299996,-3.9953952949999803,0,null],[119.64984337400006,-3.9949749400000201,0,null],[119.65009909399998,-3.9945317570000043,0,null],[119.65025662000005,-3.9942801810000219,0,null],[119.65058481300002,-3.9937913329999901,0,null],[119.65086330199995,-3.9933947040000248,0,null],[119.65133729900003,-3.9927117049999765,0,null],[119.65153988999998,-3.9924061830000142,0,null],[119.65158963600004,-3.9923271160000127,0,null],[119.65175282899997,-3.9919870510000237,0,null],[119.65183719100003,-3.9917726229999744,0,null],[119.65190985000004,-3.9914860310000222,0,null],[119.65211610699998,-3.9905607790000204,0,null],[119.65228324700001,-3.9898555799999826,0,null],[119.65233471900001,-3.989572403000011,0,null],[119.65234993399997,-3.9894169319999833,0,null],[119.65238777100001,-3.9887357999999722,0,null],[119.65239033399996,-3.9886243259999787,0,null],[119.65239947099997,-3.9883928030000106,0,null],[119.65241489599998,-3.9880686619999892,0,null],[119.65241685199999,-3.9876519680000229,0,null],[119.65242632800005,-3.9875262699999894,0,null],[119.65243876800002,-3.9872980430000098,0,null],[119.65244788300004,-3.9870599070000026,0,null],[119.65244745899997,-3.9869276260000106,0,null],[119.65245641499996,-3.9866398839999988,0,null],[119.65246893999995,-3.9864381140000091,0,null],[119.65247162799994,-3.9862496029999761,0,null],[119.65248408900004,-3.9860279910000145,0,null],[119.65248371799998,-3.985912245999998,0,null],[119.65248324100003,-3.98576343000002,0,null],[119.65249891099995,-3.9855153510000036,0,null],[119.65249853900002,-3.9853996059999872,0,null],[119.65249808399994,-3.9852574039999809,0,null],[119.65249682900003,-3.9851832530000024,0,null],[119.652491618,-3.9851172759999827,0,null],[119.65248277700005,-3.9850333769999793,0,null],[119.65246963499999,-3.9849444700000163,0,null],[119.65245068000002,-3.9848247379999862,0,null],[119.652395093,-3.9846412809999947,0,null],[119.65236913499996,-3.9845653279999738,0,null],[119.65231374799998,-3.9844442780000122,0,null],[119.652258416,-3.9843404439999972,0,null],[119.65190633600002,-3.9836902459999806,0,null],[119.65170657199997,-3.9833171619999916,0,null],[119.65167271400003,-3.9832276050000246,0,null],[119.65164824500005,-3.9831702980000045,0,null],[119.65162442999997,-3.9830943380000008,0,null],[119.65160633699998,-3.9830205110000065,0,null],[119.65158408900004,-3.982913845999974,0,null],[119.65157489000001,-3.9828396290000114,0,null],[119.65157486800001,-3.9828326719999723,0,null],[119.65156457600006,-3.9826935429999821,0,null],[119.65156416000002,-3.9825637079999865,0,null],[119.65157175700006,-3.9824826249999887,0,null],[119.65160609300005,-3.9822752059999971,0,null],[119.65162297999996,-3.9821955269999876,0,null],[119.65165979100004,-3.9820921130000215,0,null],[119.65168390199995,-3.9820375180000269,0,null],[119.65176696599997,-3.981879436999975,0,null],[119.65186361200006,-3.981724899000028,0,null],[119.65198729500003,-3.9815372759999832,0,null],[119.65204419999998,-3.9814632069999902,0,null],[119.652099013,-3.981404925999982,0,null],[119.65222084499999,-3.9813084099999969,0,null],[119.652356973,-3.9812154350000242,0,null],[119.65248744500002,-3.9811404110000126,0,null],[119.65276560100006,-3.9810118280000211,0,null],[119.65335338399996,-3.9807689059999802,0,null],[119.65392546700002,-3.9805303389999835,0,null],[119.65401457799999,-3.9804762510000273,0,null],[119.65405164399999,-3.9804524599999809,0,null],[119.65412647899996,-3.9804012870000065,0,null],[119.65416282599995,-3.9803760629999942,0,null],[119.654266828,-3.9802882129999944,0,null],[119.65435516299999,-3.9802147600000239,0,null],[119.65445550599998,-3.9800996629999759,0,null],[119.65452452099998,-3.9800155130000121,0,null],[119.65458353600002,-3.9799313949999942,0,null],[119.654648931,-3.9798321920000035,0,null],[119.65470575300003,-3.979732298999977,0,null],[119.65475257699995,-3.9796331570000234,0,null],[119.65480708799998,-3.9794809069999815,0,null],[119.65483811000001,-3.9793540790000179,0,null],[119.65486829099996,-3.9791971519999834,0,null],[119.65488874899995,-3.9790346190000037,0,null],[119.65497250600004,-3.9782922279999866,0,null],[119.65503366600001,-3.9777843350000239,0,null],[119.655100877,-3.9771723110000039,0,null],[119.65512870500004,-3.9769405239999855,0,null],[119.65514858699999,-3.9768188770000279,0,null],[119.65521501900002,-3.9765335199999754,0,null],[119.65524422500005,-3.976434433999998,0,null],[119.65528199300002,-3.9763324520000083,0,null],[119.65531364100002,-3.9762524870000107,0,null],[119.65533443100003,-3.9762022069999716,0,null],[119.65541438399998,-3.9760393540000223,0,null],[119.655520465,-3.9758572879999861,0,null],[119.65556642299998,-3.9757849289999854,0,null],[119.65561477699998,-3.9757173439999747,0,null],[119.65569871499997,-3.97560947300002,0,null],[119.65583056599996,-3.9754450180000163,0,null],[119.65590267499999,-3.9753606190000141,0,null],[119.65608393100001,-3.9751596599999743,0,null],[119.65623623199997,-3.9749870090000172,0,null],[119.65660096399995,-3.9745719329999929,0,null],[119.656971559,-3.9741289820000247,0,null],[119.65705097199998,-3.9740205279999827,0,null],[119.65710016200001,-3.9739540169999827,0,null],[119.65713152700005,-3.9738971269999865,0,null],[119.65720315700003,-3.9737749500000064,0,null],[119.65725754200002,-3.9736576110000215,0,null],[119.65735689099995,-3.9734552429999894,0,null],[119.65757682699996,-3.9729912579999791,0,null],[119.65769988099998,-3.9727565339999842,0,null],[119.65778634599997,-3.9726199620000102,0,null],[119.65783965900005,-3.9725396889999729,0,null],[119.65799085399999,-3.9723568800000066,0,null],[119.65826054700005,-3.972003323000024,0,null],[119.65848584900004,-3.9717282180000097,0,null],[119.65861153499998,-3.9715717930000096,0,null],[119.65873189599995,-3.9714371590000042,0,null],[119.65893243100004,-3.9712461340000118,0,null],[119.65909873600003,-3.9711117279999826,0,null],[119.65916882399995,-3.9710654730000101,0,null],[119.65924664900001,-3.9710191940000072,0,null],[119.65943204300004,-3.9709211580000101,0,null],[119.65960319199996,-3.9708357210000145,0,null],[119.65990453200004,-3.9706996510000181,0,null],[119.66011077899998,-3.9706081240000231,0,null],[119.66021239199995,-3.9705551920000062,0,null],[119.66028902899996,-3.9705095130000245,0,null],[119.66042031899997,-3.9704307810000046,0,null],[119.66063055200004,-3.9702842350000083,0,null],[119.66095888300003,-3.9700255449999986,0,null],[119.66121534700005,-3.9698166919999949,0,null],[119.66137920200003,-3.9696840550000161,0,null],[119.66144806299997,-3.9696264460000066,0,null],[119.66156139899999,-3.9695172859999843,0,null],[119.66158962600002,-3.9694844370000055,0,null],[119.661614515,-3.9694499249999922,0,null],[119.66163617999996,-3.9694125539999732,0,null],[119.66168164600003,-3.9693088629999806,0,null],[119.66169986600005,-3.969244792999973,0,null],[119.66171176499995,-3.9691687179999917,0,null],[119.66171155799998,-3.9691041589999827,0,null],[119.66170781000005,-3.969048937000025,0,null],[119.66169978000005,-3.9689951639999776,0,null],[119.66167665099999,-3.9689098769999873,0,null],[119.66164712299997,-3.96883393600001,0,null],[119.66159112599996,-3.9687451689999875,0,null],[119.66158047500005,-3.9687305339999739,0,null],[119.660821188,-3.9683105380000256,0,null],[119.65942920299995,-3.9660262549999743,0,null],[119.65971473900004,-3.9650268820000178,0,null],[119.66031306699995,-3.9645192080000129,0,null],[119.66089257199997,-3.9640275080000151,0,null],[119.66103533900002,-3.9630995179999786,0,null],[119.662106096,-3.9619930680000266,0,null],[119.66280718600001,-3.9615222090000088,0,null],[119.66313412,-3.9613026360000276,0,null],[119.66384153900003,-3.9606314760000032,0,null],[119.66388543100004,-3.9605898329999718,0,null]]]},"properties":{"FID":33115,"OBJECTID":114025,"NAMOBJ":"Bukit Harapan","FCODE":"BA03070040","REMARK":"Pemerintah Kota Parepare, Tahun 2010","METADATA":"TASWIL1000020230928_DATA_BATAS_DESAKELURAHAN","SRS_ID":"SRGI 2013","KDBBPS":" ","KDCBPS":" ","KDCPUM":"73.72.03","KDEBPS":" ","KDEPUM":"73.72.03.1007","KDPBPS":" ","KDPKAB":"73.72","KDPPUM":"73","LUASWH":535.39783662000002,"TIPADM":2,"WADMKC":"Soreang","WADMKD":"Bukit Harapan","WADMKK":"Kota Parepare","WADMPR":"Sulawesi Selatan","WIADKC":" ","WIADKK":" ","WIADPR":" ","WIADKD":" ","UUPP":"Data dari Pemerintah Daerah","LUAS":535.39783662000002,"SHAPE_AREA":0.00043598654212199998,"SHAPE_LEN":0.11640870898}},{"type":"Feature","id":33116,"geometry":{"type":"Polygon","coordinates":[[[119.647585101,-3.9985402269999781,0,null],[119.64665170599994,-3.9979478550000067,0,null],[119.64605162299995,-3.9975528730000178,0,null],[119.64603017100001,-3.9975457689999985,0,null],[119.64581347399997,-3.997536905000004,0,null],[119.64557304799996,-3.9975532249999901,0,null],[119.64544574000001,-3.9975763529999995,0,null],[119.64529224900002,-3.9976019559999827,0,null],[119.64520305500002,-3.9976309379999861,0,null],[119.64508299700003,-3.9976875169999744,0,null],[119.64482761199997,-3.9978652859999784,0,null],[119.64473257400005,-3.9979277620000175,0,null],[119.64465650199998,-3.9979650710000101,0,null],[119.644531594,-3.9979941679999911,0,null],[119.64438522299997,-3.9980125750000184,0,null],[119.64414122799997,-3.9980301009999835,0,null],[119.64357227200003,-3.9980606340000122,0,null],[119.643364023,-3.9980876100000273,0,null],[119.64311056600002,-3.9981242960000145,0,null],[119.64252625799998,-3.9982267400000069,0,null],[119.64230793299998,-3.9982684400000039,0,null],[119.64229818399997,-3.9982761269999969,0,null],[119.64226475099997,-3.9983192760000179,0,null],[119.642214997,-3.9983961909999834,0,null],[119.64205067,-3.9988299930000153,0,null],[119.64198116600005,-3.9989851619999968,0,null],[119.64192787299999,-3.9990721319999807,0,null],[119.641715084,-3.999317431999998,0,null],[119.64143782199994,-3.9990586519999738,0,null],[119.64133541499996,-3.9989764889999719,0,null],[119.64122516999998,-3.9989008079999735,0,null],[119.64111427199998,-3.9988437790000262,0,null],[119.64104275099999,-3.9988153169999805,0,null],[119.64095482000005,-3.9987926460000267,0,null],[119.64086333299997,-3.9987750079999955,0,null],[119.64071254500004,-3.9987525399999981,0,null],[119.64015666499995,-3.9987034050000148,0,null],[119.63992942200002,-3.9986732930000244,0,null],[119.639837908,-3.9986470470000199,0,null],[119.63979139599996,-3.9986213729999918,0,null],[119.63973197899998,-3.9985806770000067,0,null],[119.63936702800004,-3.9981514520000019,0,null],[119.63907099599999,-3.9978303230000165,0,null],[119.63885387100004,-3.9976136710000105,0,null],[119.63876501000004,-3.9975235730000236,0,null],[119.63871832799998,-3.9974448159999838,0,null],[119.63866084300003,-3.997338118000016,0,null],[119.63858332100006,-3.9971561610000208,0,null],[119.63857225699996,-3.9971205759999862,0,null],[119.63853201400002,-3.996960496999975,0,null],[119.63851263200002,-3.9969304310000098,0,null],[119.63848180100001,-3.9968939469999896,0,null],[119.63845316000004,-3.9968725190000214,0,null],[119.63840524099999,-3.9968533050000019,0,null],[119.63835448999998,-3.996841991999986,0,null],[119.63825944799999,-3.9968293860000017,0,null],[119.63810583700001,-3.9968176869999752,0,null],[119.63800869399995,-3.9968180000000189,0,null],[119.63760383600004,-3.9968644979999794,0,null],[119.63712685099995,-3.9969162500000266,0,null],[119.63705186499999,-3.9969207949999941,0,null],[119.63701470599995,-3.9969158939999829,0,null],[119.63697680899998,-3.9969038209999894,0,null],[119.63694460900001,-3.9968859919999886,0,null],[119.63691954900003,-3.9968674219999798,0,null],[119.63688515499996,-3.9968338180000273,0,null],[119.63681987799998,-3.9967472299999827,0,null],[119.636723803,-3.9966349179999838,0,null],[119.63666720900005,-3.9965834519999817,0,null],[119.63645262800003,-3.9964787850000221,0,null],[119.63644358099998,-3.9965054310000028,0,null],[119.635941538,-3.997667239000009,0,null],[119.63549783300004,-3.9982984939999824,0,null],[119.63478083400003,-3.9992419550000022,0,null],[119.63425456799996,-3.9999667299999828,0,null],[119.63403549099996,-4.0002572409999857,0,null],[119.63389745899997,-4.0004269789999967,0,null],[119.63337615399996,-4.000916449999977,0,null],[119.63285626300001,-4.001401613999974,0,null],[119.63234345499995,-4.0018681029999925,0,null],[119.63204863399994,-4.0021502509999891,0,null],[119.63166867100006,-4.0026120090000177,0,null],[119.630975584,-4.0034406199999921,0,null],[119.63007290999997,-4.0044773480000231,0,null],[119.63000289299998,-4.004544994000014,0,null],[119.62998834400003,-4.0046272420000264,0,null],[119.63003195099998,-4.0046420929999726,0,null],[119.63015118999999,-4.0046861769999964,0,null],[119.63054539500001,-4.0047315339999727,0,null],[119.63076695799998,-4.0047714699999801,0,null],[119.631032764,-4.0048722369999723,0,null],[119.63132603600002,-4.0049992169999769,0,null],[119.63178634899998,-4.005241629000011,0,null],[119.63235289500005,-4.0055709750000119,0,null],[119.63267020299998,-4.0057684160000235,0,null],[119.63273142699995,-4.0058457650000037,0,null],[119.63275289800004,-4.0059403110000176,0,null],[119.63275904199998,-4.0060000700000273,0,null],[119.632748741,-4.0061292240000057,0,null],[119.63281624299998,-4.0061601059999816,0,null],[119.63316520299998,-4.0063667269999996,0,null],[119.63330083200003,-4.0065380479999817,0,null],[119.63343384699999,-4.0066303009999729,0,null],[119.63353995099999,-4.006315050000012,0,null],[119.63381762699998,-4.0058837500000095,0,null],[119.63396848299999,-4.0057034499999986,0,null],[119.63410398099995,-4.0057833550000055,0,null],[119.63422029599997,-4.0058212370000206,0,null],[119.63437662399997,-4.0058628169999793,0,null],[119.63463583500004,-4.0059117150000247,0,null],[119.634908301,-4.0059357040000236,0,null],[119.63516744699996,-4.0059632179999767,0,null],[119.63517278100005,-4.0058069670000123,0,null],[119.63518317399996,-4.0057065049999778,0,null],[119.63520654000001,-4.0055677440000181,0,null],[119.63524540100002,-4.0054349110000089,0,null],[119.63525956900003,-4.0053978029999939,0,null],[119.635642222,-4.0054315990000191,0,null],[119.63572059399996,-4.0054626520000056,0,null],[119.63573505299996,-4.0054706320000264,0,null],[119.63576991699995,-4.0053734840000175,0,null],[119.63591171999997,-4.0051171229999909,0,null],[119.63596109000002,-4.0051378850000106,0,null],[119.63600806800002,-4.0050525839999978,0,null],[119.63616193799999,-4.0050456420000273,0,null],[119.63632240300001,-4.0051085919999991,0,null],[119.63631255200005,-4.0051308999999833,0,null],[119.63641007199999,-4.0051583879999839,0,null],[119.63652492599999,-4.0052012300000115,0,null],[119.63667522699996,-4.0052939990000027,0,null],[119.63674647599998,-4.0054016889999957,0,null],[119.63677789300004,-4.0054565030000049,0,null],[119.63712158299995,-4.0057136350000064,0,null],[119.63712941999995,-4.0057000900000048,0,null],[119.63733391200003,-4.0053241510000248,0,null],[119.63770327300006,-4.0055675699999824,0,null],[119.63796562000005,-4.0057503900000029,0,null],[119.63805193099995,-4.0058146420000185,0,null],[119.63806767100004,-4.005822481999985,0,null],[119.63821849099998,-4.0058700519999775,0,null],[119.63822063299995,-4.005871065000008,0,null],[119.63834296799996,-4.005909379000002,0,null],[119.63837306599999,-4.0059188050000216,0,null],[119.63838140500002,-4.0059214170000246,0,null],[119.63842609599999,-4.005935414000021,0,null],[119.63854736999997,-4.0059733950000123,0,null],[119.63881265600003,-4.0060345570000209,0,null],[119.63897284400002,-4.0060562250000089,0,null],[119.63916019700002,-4.0060701049999921,0,null],[119.63916719899998,-4.0063346929999852,0,null],[119.63919187099998,-4.0063221049999811,0,null],[119.63928605499996,-4.0062740519999807,0,null],[119.639504827,-4.0061863070000072,0,null],[119.63983395100001,-4.0060589909999749,0,null],[119.64026952500001,-4.0058634229999939,0,null],[119.64035795899997,-4.0058200970000257,0,null],[119.64046539200001,-4.0057614059999764,0,null],[119.64070960799995,-4.0055894110000168,0,null],[119.64122647399995,-4.0052022899999997,0,null],[119.64176227899998,-4.0047816320000038,0,null],[119.64244915100005,-4.0042476240000155,0,null],[119.642993563,-4.0038384150000184,0,null],[119.64367951199995,-4.0033139750000259,0,null],[119.644138398,-4.0029643429999737,0,null],[119.64441392699996,-4.0027568579999979,0,null],[119.64494786700004,-4.0023495969999772,0,null],[119.645266139,-4.0021065849999786,0,null],[119.64534969399995,-4.0020269299999995,0,null],[119.64543324600004,-4.001946318000023,0,null],[119.64549209699999,-4.0018849150000051,0,null],[119.64555754499997,-4.0018014920000269,0,null],[119.64572823699996,-4.0015713920000167,0,null],[119.64597470499996,-4.0012119269999857,0,null],[119.64628935200005,-4.0007298169999785,0,null],[119.64662377900004,-4.000253444000009,0,null],[119.647585101,-3.9985402269999781,0,null]]]},"properties":{"FID":33116,"OBJECTID":114026,"NAMOBJ":"Bukit Indah","FCODE":"BA03070040","REMARK":"Pemerintah Kota Parepare, Tahun 2010","METADATA":"TASWIL1000020230928_DATA_BATAS_DESAKELURAHAN","SRS_ID":"SRGI 2013","KDBBPS":" ","KDCBPS":" ","KDCPUM":"73.72.03","KDEBPS":" ","KDEPUM":"73.72.03.1006","KDPBPS":" ","KDPKAB":"73.72","KDPPUM":"73","LUASWH":117.63960025,"TIPADM":2,"WADMKC":"Soreang","WADMKD":"Bukit Indah","WADMKK":"Kota Parepare","WADMPR":"Sulawesi Selatan","WIADKC":" ","WIADKK":" ","WIADPR":" ","WIADKD":" ","UUPP":"Data dari Pemerintah Daerah","LUAS":117.63960025,"SHAPE_AREA":9.5798789966800003e-05,"SHAPE_LEN":0.047876621116800001}},{"type":"Feature","id":33182,"geometry":{"type":"Polygon","coordinates":[[[119.62998214799995,-4.0162821920000056,0,null],[119.62996090900003,-4.0162753320000206,0,null],[119.62956699100005,-4.016161301000011,0,null],[119.62960338100004,-4.0160541989999956,0,null],[119.62889938499995,-4.0158774770000036,0,null],[119.62883767400001,-4.0162363480000067,0,null],[119.62880160600002,-4.0162348840000277,0,null],[119.62872624500005,-4.0162376640000161,0,null],[119.62867864899999,-4.0162454690000118,0,null],[119.62860626199995,-4.0162447469999734,0,null],[119.62855003000004,-4.0162324940000076,0,null],[119.62850142000002,-4.0162211740000089,0,null],[119.62844142100005,-4.0162223240000117,0,null],[119.62839956300002,-4.0162377620000029,0,null],[119.62836438199997,-4.0162560489999919,0,null],[119.62833488499996,-4.0162647519999837,0,null],[119.62829869300003,-4.0162648689999969,0,null],[119.62827201000005,-4.0162601729999778,0,null],[119.62824911799999,-4.0162497260000123,0,null],[119.62820978100001,-4.0162273199999845,0,null],[119.628169695,-4.0162078980000047,0,null],[119.62810036600001,-4.016195209999978,0,null],[119.62806605100002,-4.0161867119999783,0,null],[119.62802960700003,-4.0161825260000228,0,null],[119.62798387299995,-4.0161769349999759,0,null],[119.62795454499997,-4.0161641170000166,0,null],[119.62793733299998,-4.0161426529999744,0,null],[119.62784094400001,-4.0161395719999859,0,null],[119.62781349900001,-4.0161288020000256,0,null],[119.62780209599998,-4.0160706369999843,0,null],[119.62765176899995,-4.0160620670000071,0,null],[119.62763159400004,-4.0160279080000123,0,null],[119.627407189,-4.0160828809999884,0,null],[119.62738581099995,-4.0160472329999948,0,null],[119.62724959599996,-4.0160787570000025,0,null],[119.62725141800001,-4.0160901090000038,0,null],[119.62692246999995,-4.0161648600000035,0,null],[119.62690855599999,-4.0161682109999788,0,null],[119.62674895299995,-4.0156991040000207,0,null],[119.62672396300002,-4.0156284070000083,0,null],[119.62670842800003,-4.0155356800000277,0,null],[119.62669583499996,-4.0154697250000027,0,null],[119.62669932400001,-4.0153692860000092,0,null],[119.62669643300001,-4.0153587739999921,0,null],[119.62661441800003,-4.0153255629999762,0,null],[119.62658952699996,-4.0153246479999893,0,null],[119.62653933900003,-4.015376496999977,0,null],[119.62647946599998,-4.015416861999995,0,null],[119.62641856000005,-4.0154323620000127,0,null],[119.62623285699999,-4.0154386990000148,0,null],[119.62587012100005,-4.0154819539999949,0,null],[119.62581303399998,-4.0155003099999931,0,null],[119.62558659800004,-4.0155756450000126,0,null],[119.62553519799997,-4.0155853750000006,0,null],[119.62546660800001,-4.0155808139999749,0,null],[119.62515707099999,-4.0155392230000189,0,null],[119.62484124499997,-4.0154766630000154,0,null],[119.62443141300002,-4.0153136600000039,0,null],[119.62442703900001,-4.015311521000001,0,null],[119.62442196500001,-4.0153090379999981,0,null],[119.62442217099999,-4.0153086899999835,0,null],[119.62440015300001,-4.0152958900000044,0,null],[119.624192343,-4.015670182000008,0,null],[119.62383894300001,-4.0163328660000275,0,null],[119.62381373799997,-4.0163225329999932,0,null],[119.62333534200002,-4.0160525829999756,0,null],[119.62332382299996,-4.0160451720000196,0,null],[119.62331367800005,-4.0160392129999991,0,null],[119.62302706200001,-4.0158708760000081,0,null],[119.62296602399999,-4.0158350259999906,0,null],[119.62293781599999,-4.0158259390000239,0,null],[119.62279791000003,-4.015824522999992,0,null],[119.62276007699995,-4.0158258999999816,0,null],[119.62248724799997,-4.015878535000013,0,null],[119.62246192999999,-4.0158819069999936,0,null],[119.62237104999997,-4.0158940110000003,0,null],[119.62225028800003,-4.0159100949999811,0,null],[119.62171677799995,-4.0159774090000155,0,null],[119.62163760700003,-4.0159873979999929,0,null],[119.62140709599998,-4.0160164819999977,0,null],[119.62138399499997,-4.0160192060000099,0,null],[119.621372898,-4.0159706599999936,0,null],[119.62134338500005,-4.0159745810000231,0,null],[119.62091315400005,-4.0160582220000265,0,null],[119.62090644700004,-4.0160458099999801,0,null],[119.62065521199997,-4.0161107019999918,0,null],[119.62057718100004,-4.016132932000005,0,null],[119.62009561499997,-4.0163120159999721,0,null],[119.62005862800004,-4.016348282000024,0,null],[119.62007417899997,-4.0163969920000113,0,null],[119.62011620500004,-4.0165233810000132,0,null],[119.62014127299994,-4.0166238420000013,0,null],[119.62016194700004,-4.0167570780000119,0,null],[119.62018706799995,-4.016873913999973,0,null],[119.62021218999996,-4.0169907599999988,0,null],[119.62025361200006,-4.0171030249999831,0,null],[119.62029502500002,-4.0172152989999859,0,null],[119.62036743099998,-4.0173438499999747,0,null],[119.62045002800005,-4.0174938310000243,0,null],[119.62050149900006,-4.0175823409999794,0,null],[119.62055296100004,-4.0176708590000203,0,null],[119.62060443200005,-4.0177593689999753,0,null],[119.62065589400004,-4.0178478880000057,0,null],[119.62071478600001,-4.0179719629999795,0,null],[119.62075780299995,-4.018056549999983,0,null],[119.62079965600003,-4.0181287149999889,0,null],[119.62084714000002,-4.0182031209999991,0,null],[119.62088671799995,-4.0182673850000015,0,null],[119.620938712,-4.0183451650000279,0,null],[119.62097714000004,-4.0184015250000016,0,null],[119.62104721599997,-4.0185052300000166,0,null],[119.62111943699995,-4.018576166999992,0,null],[119.62117468400004,-4.018615527999998,0,null],[119.62122999200005,-4.0186740930000155,0,null],[119.62129655700005,-4.0187348810000003,0,null],[119.62137997299999,-4.0187888369999882,0,null],[119.62143970499994,-4.0188236650000135,0,null],[119.62152534200004,-4.0188685759999885,0,null],[119.62160643300001,-4.0188988159999894,0,null],[119.62166446200001,-4.0189292480000063,0,null],[119.62167066100005,-4.0189324990000159,0,null],[119.62172584999996,-4.0189537850000079,0,null],[119.62178551399995,-4.018967148999991,0,null],[119.62187332899998,-4.0189894600000002,0,null],[119.62193859299998,-4.0189960270000142,0,null],[119.62198477000004,-4.0190128240000149,0,null],[119.62202196800001,-4.0190364270000032,0,null],[119.62205019199996,-4.0190679670000122,0,null],[119.62207966699998,-4.0191390420000062,0,null],[119.62210463500003,-4.0192078719999813,0,null],[119.622128471,-4.0192744459999972,0,null],[119.62215794300005,-4.0193443910000042,0,null],[119.622204259,-4.0194052439999837,0,null],[119.62224488599998,-4.0194457819999911,0,null],[119.62227988400002,-4.0194852070000024,0,null],[119.62231378700005,-4.0195336740000016,0,null],[119.62234992799995,-4.0195787449999898,0,null],[119.62238381300006,-4.019621562999987,0,null],[119.62242625800002,-4.0197016340000005,0,null],[119.62246869399996,-4.0197817040000245,0,null],[119.62250386000005,-4.0198736550000262,0,null],[119.62253902700002,-4.0199656149999896,0,null],[119.62256401699995,-4.0200412230000211,0,null],[119.62256580099995,-4.0200451779999753,0,null],[119.62271436000003,-4.0199929369999836,0,null],[119.62268610399997,-4.0199259980000193,0,null],[119.62267931899999,-4.019909924999979,0,null],[119.62304148099997,-4.019770823999977,0,null],[119.623488307,-4.0196315570000252,0,null],[119.62349627900005,-4.0196608539999943,0,null],[119.62349821199996,-4.0196677900000282,0,null],[119.62459072199999,-4.0193583729999887,0,null],[119.62459440199996,-4.0193674050000254,0,null],[119.62465297400001,-4.0195780799999739,0,null],[119.62475203199995,-4.0195643640000185,0,null],[119.62482051999996,-4.0195890950000148,0,null],[119.62488126200003,-4.01959678999998,0,null],[119.62493197900005,-4.0195966269999985,0,null],[119.624985584,-4.0196064959999944,0,null],[119.62501202600004,-4.0196099980000213,0,null],[119.62502989699999,-4.0196142440000244,0,null],[119.62504705200001,-4.019617774999972,0,null],[119.62506419600004,-4.0196177199999852,0,null],[119.62511131799999,-4.0196103949999724,0,null],[119.625159747,-4.0196041649999756,0,null],[119.62524995199999,-4.0195177919999878,0,null],[119.62531363599999,-4.0195484129999954,0,null],[119.62536743999999,-4.0195317779999868,0,null],[119.62572191899994,-4.0193368640000244,0,null],[119.62568679599997,-4.0192945219999956,0,null],[119.62604021000004,-4.0190164859999982,0,null],[119.62605646600002,-4.0190259190000006,0,null],[119.62630794699999,-4.0192085510000197,0,null],[119.62636590399995,-4.0189400109999838,0,null],[119.62652809999997,-4.0189649060000079,0,null],[119.62663821800004,-4.0189771729999961,0,null],[119.62675934399999,-4.0190293869999891,0,null],[119.62684139600003,-4.0188664980000226,0,null],[119.62702956199996,-4.0189288110000234,0,null],[119.62714438299997,-4.0189704599999914,0,null],[119.627295731,-4.0190270609999743,0,null],[119.62745109299999,-4.0190857869999945,0,null],[119.62763157999996,-4.0191565569999739,0,null],[119.627743151,-4.0192003039999804,0,null],[119.62792004000005,-4.0192634379999959,0,null],[119.62815187399997,-4.0193511609999746,0,null],[119.62828073200001,-4.0193010319999871,0,null],[119.62875649600005,-4.0191320459999815,0,null],[119.62878113600004,-4.0191162350000127,0,null],[119.62878069299995,-4.0191059509999718,0,null],[119.62878043900002,-4.0190265809999914,0,null],[119.62879339899996,-4.0189603970000007,0,null],[119.628835998,-4.0188941170000021,0,null],[119.62890814000002,-4.0187979780000092,0,null],[119.62902621600006,-4.0186487760000205,0,null],[119.62906468300002,-4.0185839229999942,0,null],[119.629095001,-4.0185328059999961,0,null],[119.629167069,-4.0184135160000096,0,null],[119.62923253999998,-4.0182909420000215,0,null],[119.62931110800002,-4.0181451760000186,0,null],[119.62936682700001,-4.018062317999977,0,null],[119.62943235099999,-4.017956278999975,0,null],[119.62950776399998,-4.017853515000013,0,null],[119.62959955899998,-4.0177242419999857,0,null],[119.62964854200004,-4.0175951059999875,0,null],[119.62971052900002,-4.0174130149999883,0,null],[119.62972054199997,-4.0173773889999893,0,null],[119.62974960199995,-4.0172739910000246,0,null],[119.62975334600003,-4.0172554249999735,0,null],[119.62977229299997,-4.0171614750000231,0,null],[119.62978805099999,-4.0170646089999877,0,null],[119.62979489999998,-4.0170225040000105,0,null],[119.62979506900001,-4.0170153870000149,0,null],[119.62982245700005,-4.0168233009999881,0,null],[119.62984024599996,-4.0167275979999886,0,null],[119.62987604900002,-4.0166060120000111,0,null],[119.62998214799995,-4.0162821920000056,0,null]]]},"properties":{"FID":33182,"OBJECTID":114145,"NAMOBJ":"Labukkang","FCODE":"BA03070040","REMARK":"Pemerintah Kota Parepare, Tahun 2010","METADATA":"TASWIL1000020230928_DATA_BATAS_DESAKELURAHAN","SRS_ID":"SRGI 2013","KDBBPS":" ","KDCBPS":" ","KDCPUM":"73.72.02","KDEBPS":" ","KDEPUM":"73.72.02.1001","KDPBPS":" ","KDPKAB":"73.72","KDPPUM":"73","LUASWH":37.312162540000003,"TIPADM":2,"WADMKC":"Ujung","WADMKD":"Labukkang","WADMKK":"Kota Parepare","WADMPR":"Sulawesi Selatan","WIADKC":" ","WIADKK":" ","WIADPR":" ","WIADKD":" ","UUPP":"Data dari Pemerintah Daerah","LUAS":37.312162540000003,"SHAPE_AREA":3.0385408651200001e-05,"SHAPE_LEN":0.027459418915800001}},{"type":"Feature","id":33495,"geometry":{"type":"Polygon","coordinates":[[[119.67191346899995,-3.9804420990000153,0,null],[119.67176641000003,-3.9802012879999893,0,null],[119.67175428300004,-3.9801794759999893,0,null],[119.67146350500002,-3.9796564630000262,0,null],[119.67101953300005,-3.9788579049999839,0,null],[119.67035174299997,-3.9776567659999955,0,null],[119.66989900600004,-3.9768424360000267,0,null],[119.66964020099999,-3.9763683319999927,0,null],[119.66958453500001,-3.9758438729999739,0,null],[119.66946161500005,-3.975352197999996,0,null],[119.66943224900001,-3.9752347310000005,0,null],[119.66886036300002,-3.9750159050000207,0,null],[119.667938768,-3.9739044510000099,0,null],[119.66789671799995,-3.9738318180000078,0,null],[119.66749033099995,-3.9731298780000088,0,null],[119.66740277700001,-3.9719511129999887,0,null],[119.66158047500005,-3.9687305339999739,0,null],[119.66159112599996,-3.9687451689999875,0,null],[119.66164712299997,-3.96883393600001,0,null],[119.66167665099999,-3.9689098769999873,0,null],[119.66169978000005,-3.9689951639999776,0,null],[119.66170781000005,-3.969048937000025,0,null],[119.66171155799998,-3.9691041589999827,0,null],[119.66171176499995,-3.9691687179999917,0,null],[119.66169986600005,-3.969244792999973,0,null],[119.66168164600003,-3.9693088629999806,0,null],[119.66163617999996,-3.9694125539999732,0,null],[119.661614515,-3.9694499249999922,0,null],[119.66158962600002,-3.9694844370000055,0,null],[119.66156139899999,-3.9695172859999843,0,null],[119.66144806299997,-3.9696264460000066,0,null],[119.66137920200003,-3.9696840550000161,0,null],[119.66121534700005,-3.9698166919999949,0,null],[119.66095888300003,-3.9700255449999986,0,null],[119.66063055200004,-3.9702842350000083,0,null],[119.66042031899997,-3.9704307810000046,0,null],[119.66028902899996,-3.9705095130000245,0,null],[119.66021239199995,-3.9705551920000062,0,null],[119.66011077899998,-3.9706081240000231,0,null],[119.65990453200004,-3.9706996510000181,0,null],[119.65960319199996,-3.9708357210000145,0,null],[119.65943204300004,-3.9709211580000101,0,null],[119.65924664900001,-3.9710191940000072,0,null],[119.65916882399995,-3.9710654730000101,0,null],[119.65909873600003,-3.9711117279999826,0,null],[119.65893243100004,-3.9712461340000118,0,null],[119.65873189599995,-3.9714371590000042,0,null],[119.65861153499998,-3.9715717930000096,0,null],[119.65848584900004,-3.9717282180000097,0,null],[119.65826054700005,-3.972003323000024,0,null],[119.65799085399999,-3.9723568800000066,0,null],[119.65783965900005,-3.9725396889999729,0,null],[119.65778634599997,-3.9726199620000102,0,null],[119.65769988099998,-3.9727565339999842,0,null],[119.65757682699996,-3.9729912579999791,0,null],[119.65735689099995,-3.9734552429999894,0,null],[119.65725754200002,-3.9736576110000215,0,null],[119.65720315700003,-3.9737749500000064,0,null],[119.65713152700005,-3.9738971269999865,0,null],[119.65710016200001,-3.9739540169999827,0,null],[119.65705097199998,-3.9740205279999827,0,null],[119.656971559,-3.9741289820000247,0,null],[119.65660096399995,-3.9745719329999929,0,null],[119.65623623199997,-3.9749870090000172,0,null],[119.65608393100001,-3.9751596599999743,0,null],[119.65590267499999,-3.9753606190000141,0,null],[119.65583056599996,-3.9754450180000163,0,null],[119.65569871499997,-3.97560947300002,0,null],[119.65561477699998,-3.9757173439999747,0,null],[119.65556642299998,-3.9757849289999854,0,null],[119.655520465,-3.9758572879999861,0,null],[119.65541438399998,-3.9760393540000223,0,null],[119.65533443100003,-3.9762022069999716,0,null],[119.65531364100002,-3.9762524870000107,0,null],[119.65528199300002,-3.9763324520000083,0,null],[119.65524422500005,-3.976434433999998,0,null],[119.65521501900002,-3.9765335199999754,0,null],[119.65514858699999,-3.9768188770000279,0,null],[119.65512870500004,-3.9769405239999855,0,null],[119.655100877,-3.9771723110000039,0,null],[119.65503366600001,-3.9777843350000239,0,null],[119.65497250600004,-3.9782922279999866,0,null],[119.65488874899995,-3.9790346190000037,0,null],[119.65486829099996,-3.9791971519999834,0,null],[119.65483811000001,-3.9793540790000179,0,null],[119.65480708799998,-3.9794809069999815,0,null],[119.65475257699995,-3.9796331570000234,0,null],[119.65470575300003,-3.979732298999977,0,null],[119.654648931,-3.9798321920000035,0,null],[119.65458353600002,-3.9799313949999942,0,null],[119.65452452099998,-3.9800155130000121,0,null],[119.65445550599998,-3.9800996629999759,0,null],[119.65435516299999,-3.9802147600000239,0,null],[119.654266828,-3.9802882129999944,0,null],[119.65416282599995,-3.9803760629999942,0,null],[119.65412647899996,-3.9804012870000065,0,null],[119.65405164399999,-3.9804524599999809,0,null],[119.65401457799999,-3.9804762510000273,0,null],[119.65392546700002,-3.9805303389999835,0,null],[119.65335338399996,-3.9807689059999802,0,null],[119.65276560100006,-3.9810118280000211,0,null],[119.65248744500002,-3.9811404110000126,0,null],[119.652356973,-3.9812154350000242,0,null],[119.65222084499999,-3.9813084099999969,0,null],[119.652099013,-3.981404925999982,0,null],[119.65204419999998,-3.9814632069999902,0,null],[119.65198729500003,-3.9815372759999832,0,null],[119.65186361200006,-3.981724899000028,0,null],[119.65176696599997,-3.981879436999975,0,null],[119.65168390199995,-3.9820375180000269,0,null],[119.65165979100004,-3.9820921130000215,0,null],[119.65162297999996,-3.9821955269999876,0,null],[119.65160609300005,-3.9822752059999971,0,null],[119.65157175700006,-3.9824826249999887,0,null],[119.65156416000002,-3.9825637079999865,0,null],[119.65156457600006,-3.9826935429999821,0,null],[119.65157486800001,-3.9828326719999723,0,null],[119.65157489000001,-3.9828396290000114,0,null],[119.65158408900004,-3.982913845999974,0,null],[119.65160633699998,-3.9830205110000065,0,null],[119.65162442999997,-3.9830943380000008,0,null],[119.65164824500005,-3.9831702980000045,0,null],[119.65167271400003,-3.9832276050000246,0,null],[119.65170657199997,-3.9833171619999916,0,null],[119.65190633600002,-3.9836902459999806,0,null],[119.652258416,-3.9843404439999972,0,null],[119.65231374799998,-3.9844442780000122,0,null],[119.65236913499996,-3.9845653279999738,0,null],[119.652395093,-3.9846412809999947,0,null],[119.65245068000002,-3.9848247379999862,0,null],[119.65246963499999,-3.9849444700000163,0,null],[119.65248277700005,-3.9850333769999793,0,null],[119.652491618,-3.9851172759999827,0,null],[119.65249682900003,-3.9851832530000024,0,null],[119.65249808399994,-3.9852574039999809,0,null],[119.65249853900002,-3.9853996059999872,0,null],[119.65249891099995,-3.9855153510000036,0,null],[119.65248324100003,-3.98576343000002,0,null],[119.65248371799998,-3.985912245999998,0,null],[119.65248408900004,-3.9860279910000145,0,null],[119.65247162799994,-3.9862496029999761,0,null],[119.65246893999995,-3.9864381140000091,0,null],[119.65245641499996,-3.9866398839999988,0,null],[119.65244745899997,-3.9869276260000106,0,null],[119.65244788300004,-3.9870599070000026,0,null],[119.65243876800002,-3.9872980430000098,0,null],[119.65242632800005,-3.9875262699999894,0,null],[119.65241685199999,-3.9876519680000229,0,null],[119.65241489599998,-3.9880686619999892,0,null],[119.65239947099997,-3.9883928030000106,0,null],[119.65239033399996,-3.9886243259999787,0,null],[119.65238777100001,-3.9887357999999722,0,null],[119.65234993399997,-3.9894169319999833,0,null],[119.65233471900001,-3.989572403000011,0,null],[119.65228324700001,-3.9898555799999826,0,null],[119.65211610699998,-3.9905607790000204,0,null],[119.65190985000004,-3.9914860310000222,0,null],[119.65183719100003,-3.9917726229999744,0,null],[119.65175282899997,-3.9919870510000237,0,null],[119.65158963600004,-3.9923271160000127,0,null],[119.65153988999998,-3.9924061830000142,0,null],[119.65133729900003,-3.9927117049999765,0,null],[119.65086330199995,-3.9933947040000248,0,null],[119.65058481300002,-3.9937913329999901,0,null],[119.65025662000005,-3.9942801810000219,0,null],[119.65009909399998,-3.9945317570000043,0,null],[119.64984337400006,-3.9949749400000201,0,null],[119.64962210299996,-3.9953952949999803,0,null],[119.64947770699996,-3.9956575890000181,0,null],[119.64934274200004,-3.9958911589999957,0,null],[119.64922664799997,-3.996069671999976,0,null],[119.648873546,-3.996587293999994,0,null],[119.64825368499999,-3.9974477090000278,0,null],[119.64788647299997,-3.9980203729999744,0,null],[119.647585101,-3.9985402269999781,0,null],[119.64662377900004,-4.000253444000009,0,null],[119.64628935200005,-4.0007298169999785,0,null],[119.64597470499996,-4.0012119269999857,0,null],[119.64572823699996,-4.0015713920000167,0,null],[119.64555754499997,-4.0018014920000269,0,null],[119.64549209699999,-4.0018849150000051,0,null],[119.64543324600004,-4.001946318000023,0,null],[119.64534969399995,-4.0020269299999995,0,null],[119.645266139,-4.0021065849999786,0,null],[119.64494786700004,-4.0023495969999772,0,null],[119.64441392699996,-4.0027568579999979,0,null],[119.644138398,-4.0029643429999737,0,null],[119.64367951199995,-4.0033139750000259,0,null],[119.642993563,-4.0038384150000184,0,null],[119.64244915100005,-4.0042476240000155,0,null],[119.64176227899998,-4.0047816320000038,0,null],[119.64122647399995,-4.0052022899999997,0,null],[119.64070960799995,-4.0055894110000168,0,null],[119.64046539200001,-4.0057614059999764,0,null],[119.64035795899997,-4.0058200970000257,0,null],[119.64026952500001,-4.0058634229999939,0,null],[119.63983395100001,-4.0060589909999749,0,null],[119.639504827,-4.0061863070000072,0,null],[119.63928605499996,-4.0062740519999807,0,null],[119.63919187099998,-4.0063221049999811,0,null],[119.63916719899998,-4.0063346929999852,0,null],[119.63901750000002,-4.0064298649999728,0,null],[119.63893199899996,-4.0064968539999768,0,null],[119.63886792799997,-4.006564491000006,0,null],[119.63880961300003,-4.0066450219999865,0,null],[119.63872294099997,-4.0067923560000054,0,null],[119.63856327600001,-4.0071358719999921,0,null],[119.63835514499999,-4.0075845609999874,0,null],[119.63832091799998,-4.0076556959999721,0,null],[119.63831188100005,-4.0076779949999946,0,null],[119.63820122599998,-4.0079313300000194,0,null],[119.63819342099998,-4.0079471309999803,0,null],[119.63818929299998,-4.0079586489999883,0,null],[119.638129499,-4.0080955399999993,0,null],[119.63809877100005,-4.0082120039999722,0,null],[119.63809190400002,-4.0082614140000032,0,null],[119.63809126700005,-4.0084244440000134,0,null],[119.63810672199997,-4.0086031309999726,0,null],[119.63812084799997,-4.0087387809999768,0,null],[119.63815692000003,-4.0090357619999963,0,null],[119.63815899600002,-4.0091260199999965,0,null],[119.63815627400004,-4.0092055339999888,0,null],[119.63814577300002,-4.0092719219999822,0,null],[119.63812330600001,-4.0093689160000281,0,null],[119.63811902299994,-4.0093925670000203,0,null],[119.63811215400005,-4.009417510999981,0,null],[119.63806206599997,-4.0095274450000034,0,null],[119.63800999299997,-4.0096238570000082,0,null],[119.63798629799999,-4.0096598000000085,0,null],[119.63794241400001,-4.0097113520000107,0,null],[119.63787003300001,-4.0097863089999919,0,null],[119.63784153999995,-4.0098109099999988,0,null],[119.63780415199994,-4.0098462999999924,0,null],[119.63776495000002,-4.0098727289999943,0,null],[119.63771683499999,-4.0099039689999927,0,null],[119.637519247,-4.0100269150000258,0,null],[119.63731746099995,-4.0101572340000189,0,null],[119.63728102599998,-4.0101788769999871,0,null],[119.637016227,-4.0103524200000038,0,null],[119.63662014199997,-4.0106490059999942,0,null],[119.63645272500003,-4.010788233000028,0,null],[119.63613698500001,-4.0110803740000165,0,null],[119.63594764599998,-4.0112513550000131,0,null],[119.63588350199996,-4.0112963959999774,0,null],[119.63579436600003,-4.0113439090000043,0,null],[119.635743241,-4.0113649969999869,0,null],[119.63569684799995,-4.011376504999987,0,null],[119.63562189000004,-4.01139049599999,0,null],[119.63556653900002,-4.0113930659999824,0,null],[119.63551176299995,-4.0113890590000096,0,null],[119.63542660500002,-4.0113779760000057,0,null],[119.63534559899995,-4.0113620980000064,0,null],[119.63497689999997,-4.0112943820000169,0,null],[119.63476600399997,-4.0112520719999907,0,null],[119.63457817100004,-4.0112129940000045,0,null],[119.63440683500005,-4.0111837840000248,0,null],[119.63413664200004,-4.0111350509999966,0,null],[119.63390266299996,-4.0110828929999798,0,null],[119.63381136999999,-4.0110679160000018,0,null],[119.63360027299996,-4.0110197100000278,0,null],[119.63350150500003,-4.0109842169999865,0,null],[119.63343718500005,-4.0109494600000062,0,null],[119.63335601000006,-4.0108808570000178,0,null],[119.63332396400006,-4.0108369640000205,0,null],[119.63328133899995,-4.0107615420000116,0,null],[119.63325552100002,-4.0106922819999795,0,null],[119.63323925600002,-4.0106319579999763,0,null],[119.63322430999995,-4.0104257709999729,0,null],[119.63320195200004,-4.0101359180000031,0,null],[119.63317605500004,-4.0100421500000039,0,null],[119.63315030499996,-4.0099938120000047,0,null],[119.63310368299994,-4.0099341850000201,0,null],[119.63307024799997,-4.0099026099999833,0,null],[119.63300344200002,-4.0098597850000033,0,null],[119.63290925399997,-4.0098170489999916,0,null],[119.63284194599999,-4.009803517000023,0,null],[119.63276217099997,-4.0098001879999856,0,null],[119.63269196199997,-4.0098099790000106,0,null],[119.6326206,-4.0098317299999735,0,null],[119.63255165800001,-4.0098654290000013,0,null],[119.63247858,-4.0099087049999866,0,null],[119.63233782199995,-4.0100083919999747,0,null],[119.63211451200004,-4.0101788979999924,0,null],[119.63211129199999,-4.0101813559999755,0,null],[119.63208815500002,-4.0101956269999732,0,null],[119.63194679000003,-4.0102853519999826,0,null],[119.63173751199997,-4.0103910939999992,0,null],[119.63173028899996,-4.0103954190000195,0,null],[119.63156257399999,-4.0104687169999806,0,null],[119.63142776799998,-4.0105352940000216,0,null],[119.63129302599998,-4.0106217129999777,0,null],[119.63114518600003,-4.0107313249999947,0,null],[119.63105319099998,-4.0107977640000172,0,null],[119.63101337499995,-4.0108235359999753,0,null],[119.63064440799997,-4.0110254379999901,0,null],[119.63060940599996,-4.0110439219999989,0,null],[119.63055827000005,-4.011074098999984,0,null],[119.630446871,-4.0111836670000116,0,null],[119.63034075200005,-4.0113094519999777,0,null],[119.630314,-4.0113491280000062,0,null],[119.63025894800001,-4.0114092229999869,0,null],[119.63023195799997,-4.0114386849999732,0,null],[119.630189782,-4.0114721850000024,0,null],[119.63018759900001,-4.0114732110000091,0,null],[119.63014857999997,-4.0114915569999994,0,null],[119.63023452300001,-4.0116802759999928,0,null],[119.63025423600004,-4.0117017320000059,0,null],[119.63027570300005,-4.0117136189999769,0,null],[119.63029652700004,-4.0117105630000083,0,null],[119.63044709099995,-4.0118846299999973,0,null],[119.63048265999998,-4.0120249949999902,0,null],[119.63048126499996,-4.0121469470000193,0,null],[119.63074833899998,-4.0124569330000099,0,null],[119.63117603000001,-4.0129200310000215,0,null],[119.63121291200002,-4.0129501839999762,0,null],[119.631114776,-4.013124074000018,0,null],[119.631023863,-4.0133604920000039,0,null],[119.63094178599999,-4.0135681890000114,0,null],[119.63086933700004,-4.0138081349999766,0,null],[119.63077390700005,-4.0141210849999993,0,null],[119.63062750500001,-4.0145029440000144,0,null],[119.630555383,-4.0146591989999934,0,null],[119.63050209699998,-4.0147490389999803,0,null],[119.63043992899998,-4.0148532549999913,0,null],[119.63039201300001,-4.0149472620000211,0,null],[119.63031191699997,-4.0152155279999988,0,null],[119.63028140100005,-4.0153323700000101,0,null],[119.630272655,-4.0153538690000232,0,null],[119.63026711700002,-4.0153707339999869,0,null],[119.63025455699994,-4.0154637470000125,0,null],[119.63025246699999,-4.0154792260000249,0,null],[119.630293499,-4.0155238049999866,0,null],[119.63034121700002,-4.0155541380000273,0,null],[119.63055218900001,-4.0156317660000127,0,null],[119.63067374599996,-4.015670230000012,0,null],[119.630798282,-4.0157092809999995,0,null],[119.63088227100002,-4.0157269430000042,0,null],[119.63098768299994,-4.0157427429999757,0,null],[119.631151467,-4.015769712000008,0,null],[119.63128671499999,-4.0158081299999822,0,null],[119.631368974,-4.015843134000022,0,null],[119.63144411999997,-4.0158877250000273,0,null],[119.63159145700001,-4.0159834919999753,0,null],[119.63181940300001,-4.0161567100000184,0,null],[119.63200089099996,-4.0163211120000142,0,null],[119.63208394000003,-4.0164170869999793,0,null],[119.63227406600004,-4.0166765079999891,0,null],[119.63233081700002,-4.016739092000023,0,null],[119.63240896599996,-4.01679204200002,0,null],[119.63273044200002,-4.0169509689999927,0,null],[119.63310436100005,-4.0171134870000174,0,null],[119.63316564000002,-4.0171149959999752,0,null],[119.63316424599998,-4.0170544169999971,0,null],[119.63334051300001,-4.0170759650000036,0,null],[119.63338470300005,-4.0170901050000225,0,null],[119.63363587499998,-4.0172961889999783,0,null],[119.63400417800005,-4.0174300959999982,0,null],[119.63417818100004,-4.0174881159999813,0,null],[119.63423898999997,-4.017516612999998,0,null],[119.634323666,-4.0175629660000141,0,null],[119.63436185099999,-4.0175903400000266,0,null],[119.63441921799995,-4.017659497000011,0,null],[119.63447299500001,-4.0177226879999921,0,null],[119.63454100800004,-4.0177702909999766,0,null],[119.63460892099999,-4.017786808999972,0,null],[119.63466957599996,-4.0177674830000001,0,null],[119.63470409700005,-4.0177661760000092,0,null],[119.63474342200004,-4.0177780039999789,0,null],[119.63476136400004,-4.0178042489999939,0,null],[119.63479594299997,-4.017820874999984,0,null],[119.63482806399998,-4.0178135969999857,0,null],[119.63485544599996,-4.0178135080000175,0,null],[119.63487926799996,-4.0178170180000166,0,null],[119.63491029800002,-4.017840829000022,0,null],[119.63497948199995,-4.0178824500000019,0,null],[119.63498945599997,-4.0178688999999963,0,null],[119.635084667,-4.0177509709999981,0,null],[119.63528979199998,-4.0175647550000235,0,null],[119.63550070600002,-4.0174014749999856,0,null],[119.63565652,-4.0172823699999753,0,null],[119.63579513599996,-4.0171461049999948,0,null],[119.63590326200006,-4.0170061129999795,0,null],[119.63601510000001,-4.0168355019999922,0,null],[119.63609454300001,-4.0166611700000203,0,null],[119.63612092200003,-4.0165711779999924,0,null],[119.63612060900005,-4.0164736209999887,0,null],[119.63612025899999,-4.0163645869999982,0,null],[119.63601791500002,-4.0159326020000208,0,null],[119.63594455600003,-4.0156286879999925,0,null],[119.635944322,-4.0155559980000248,0,null],[119.63594435799996,-4.0155557990000261,0,null],[119.63595742300004,-4.0154832650000003,0,null],[119.63601222,-4.0153453589999799,0,null],[119.636209001,-4.0149334469999758,0,null],[119.63660691799998,-4.0142798589999984,0,null],[119.63669779600002,-4.0141074030000254,0,null],[119.63703819399996,-4.0133373140000117,0,null],[119.63709677600002,-4.0131917439999825,0,null],[119.63714599399998,-4.0130959400000279,0,null],[119.63717436399997,-4.0130327219999913,0,null],[119.63720651200003,-4.0129599279999866,0,null],[119.63723496800003,-4.0129234899999915,0,null],[119.637297698,-4.0128831160000118,0,null],[119.63739480000004,-4.0128694119999864,0,null],[119.63764444000003,-4.0128495019999946,0,null],[119.63776948300006,-4.0128261610000209,0,null],[119.63792938100005,-4.0127926459999799,0,null],[119.63801931399996,-4.0127708339999799,0,null],[119.63816923900004,-4.0127459600000179,0,null],[119.638336299,-4.0127181600000199,0,null],[119.63848774500002,-4.0127219729999979,0,null],[119.63858492700001,-4.0127331360000085,0,null],[119.63885352700004,-4.0127394389999722,0,null],[119.63899366400005,-4.0127805910000234,0,null],[119.63917242000002,-4.0128359639999758,0,null],[119.63952298499999,-4.0130084240000201,0,null],[119.63971609600003,-4.0130852710000227,0,null],[119.63992315899998,-4.0131789289999915,0,null],[119.63999661100002,-4.0131952120000278,0,null],[119.64014410000004,-4.013185175999979,0,null],[119.64023429999997,-4.0131179790000147,0,null],[119.64028610800005,-4.0129505500000278,0,null],[119.64027124799998,-4.0127689990000022,0,null],[119.64023250299999,-4.0125588529999732,0,null],[119.640127044,-4.0123202500000161,0,null],[119.64008819200001,-4.0120766509999726,0,null],[119.64008760900003,-4.011895055000025,0,null],[119.64013958600003,-4.0117801929999928,0,null],[119.640242618,-4.0116684330000112,0,null],[119.64045402500005,-4.0113485360000141,0,null],[119.64047101999995,-4.0112582180000231,0,null],[119.64045564100002,-4.0111575430000244,0,null],[119.640396764,-4.0110630450000144,0,null],[119.64032796599997,-4.0109929689999717,0,null],[119.64028072999997,-4.0109644280000225,0,null],[119.64024065499996,-4.010941602999992,0,null],[119.64018056600003,-4.0109145389999981,0,null],[119.64013048699996,-4.010890312000015,0,null],[119.64009038500001,-4.0108588790000113,0,null],[119.640043117,-4.0108202960000199,0,null],[119.64000019399998,-4.0108003500000109,0,null],[119.63995873199997,-4.0107904409999833,0,null],[119.639922985,-4.0107805139999755,0,null],[119.63987431099997,-4.0107491090000167,0,null],[119.63983420500006,-4.0107162410000115,0,null],[119.63980690899996,-4.0106689859999847,0,null],[119.63978680699995,-4.0106374879999862,0,null],[119.63977244800003,-4.0106145799999808,0,null],[119.63974061500005,-4.0105357759999833,0,null],[119.639740319,-4.0104433920000133,0,null],[119.63978742999996,-4.0102950940000142,0,null],[119.63992022699995,-4.0101560749999976,0,null],[119.640048374,-4.0100505240000075,0,null],[119.640086075,-4.0099357089999899,0,null],[119.64011877200005,-4.0097444470000028,0,null],[119.64010422000001,-4.0096584730000018,0,null],[119.64008933000002,-4.0094673649999777,0,null],[119.64010311499999,-4.0093143959999793,0,null],[119.64011206500004,-4.009137547000023,0,null],[119.64014476199998,-4.0089462849999791,0,null],[119.64018221799995,-4.0087550079999801,0,null],[119.640224601,-4.0086162819999913,0,null],[119.64031937499999,-4.0084917240000095,0,null],[119.64046672500001,-4.008438678999994,0,null],[119.64069052000002,-4.0084809649999897,0,null],[119.64082861300005,-4.0085091909999733,0,null],[119.64092407800001,-4.0085996810000211,0,null],[119.64094846900002,-4.0087859789999811,0,null],[119.64094413999999,-4.0089198030000261,0,null],[119.64094470800001,-4.0090966199999798,0,null],[119.64089331399998,-4.0093930790000059,0,null],[119.64089378999995,-4.0095412229999852,0,null],[119.64092283299999,-4.0096940540000219,0,null],[119.64096146999998,-4.0098707480000257,0,null],[119.641067174,-4.010185813000021,0,null],[119.64110405600002,-4.0102592970000046,0,null],[119.64135966499998,-4.0105629270000236,0,null],[119.64147804499999,-4.0106505360000142,0,null],[119.641909371,-4.0109112050000135,0,null],[119.64218039299999,-4.0110786619999885,0,null],[119.64235015999998,-4.0111527139999907,0,null],[119.64265902,-4.0112397060000262,0,null],[119.64292785500004,-4.0113191759999722,0,null],[119.64327286900004,-4.011394571999972,0,null],[119.643417677,-4.0114074929999788,0,null],[119.64359099499995,-4.0114011919999939,0,null],[119.64375287799999,-4.0113930159999995,0,null],[119.64400047699996,-4.0113845609999998,0,null],[119.64426519999995,-4.0113703119999968,0,null],[119.64445753500002,-4.0113543840000148,0,null],[119.64468225799999,-4.0113402650000012,0,null],[119.64486698600001,-4.0113281879999931,0,null],[119.64512233300002,-4.0113598789999969,0,null],[119.64529775300002,-4.0114147830000206,0,null],[119.645446591,-4.0114965540000185,0,null],[119.64555933099996,-4.0116071360000092,0,null],[119.645632095,-4.011725499000022,0,null],[119.64579484599994,-4.0119870359999936,0,null],[119.64603075599996,-4.0122897740000099,0,null],[119.64623815699997,-4.0124198230000161,0,null],[119.64637165900001,-4.0124710370000116,0,null],[119.646604228,-4.0125276680000184,0,null],[119.64681274300005,-4.0125083400000108,0,null],[119.64689123699998,-4.0124836960000039,0,null],[119.64697399900001,-4.0124532990000148,0,null],[119.64708677500005,-4.0124271089999866,0,null],[119.64723105400003,-4.0124237709999875,0,null],[119.64734246099999,-4.0124162349999892,0,null],[119.64748807599995,-4.012384198999996,0,null],[119.64765937300001,-4.0123420379999857,0,null],[119.64795064899999,-4.0122923119999996,0,null],[119.64830622500006,-4.0122466820000113,0,null],[119.64846751300001,-4.0122016830000007,0,null],[119.64853455499997,-4.0121699029999718,0,null],[119.64862725199998,-4.0121193879999737,0,null],[119.64867708600002,-4.0120675780000283,0,null],[119.64873036500001,-4.0119425799999817,0,null],[119.64873354400004,-4.0116949609999892,0,null],[119.64878114199996,-4.0114412489999722,0,null],[119.64884533099996,-4.0112631420000184,0,null],[119.64893252000002,-4.0111289559999932,0,null],[119.64905767499999,-4.0109544769999843,0,null],[119.64918660800004,-4.0107704210000179,0,null],[119.64926810099996,-4.0106419929999788,0,null],[119.649351486,-4.0105097329999921,0,null],[119.64945009099995,-4.0103716849999955,0,null],[119.649600212,-4.0102602499999875,0,null],[119.649818923,-4.0101543299999776,0,null],[119.64997301899996,-4.0100945300000035,0,null],[119.65008723799997,-4.0100731169999904,0,null],[119.65025672700006,-4.0100610889999757,0,null],[119.65041865199998,-4.0100663009999948,0,null],[119.65060167800004,-4.0101173539999877,0,null],[119.65103075299999,-4.010270902000002,0,null],[119.65164295900001,-4.010508021000021,0,null],[119.65189458199995,-4.0105665020000174,0,null],[119.65213849899999,-4.0105982270000027,0,null],[119.65234052899996,-4.0106358269999873,0,null],[119.65243580499998,-4.0106469950000019,0,null],[119.65255199600006,-4.0106466170000203,0,null],[119.65264721100004,-4.0106386549999797,0,null],[119.65273285800004,-4.0106173350000063,0,null],[119.65282798600003,-4.0105825940000273,0,null],[119.65296867400002,-4.0104998819999764,0,null],[119.65306933700003,-4.0104096489999961,0,null],[119.65315678399998,-4.010355804000028,0,null],[119.65323098399995,-4.0103287819999878,0,null],[119.65332989700005,-4.0102863769999999,0,null],[119.65346692399999,-4.0102495859999863,0,null],[119.65362308500005,-4.0102395129999877,0,null],[119.65379641899995,-4.0102389489999837,0,null],[119.65420418400004,-4.0102816180000218,0,null],[119.65435657199998,-4.0102830339999969,0,null],[119.65447459999996,-4.010261608999997,0,null],[119.65455262199998,-4.0102383999999915,0,null],[119.65461346400002,-4.0102037699999755,0,null],[119.65468186299995,-4.010149986999977,0,null],[119.65472160399997,-4.0100695169999767,0,null],[119.65476324899998,-4.0099890399999936,0,null],[119.65484448799998,-4.0097821850000059,0,null],[119.65488592899999,-4.0096385850000047,0,null],[119.65496714300002,-4.009424077999995,0,null],[119.65502777500001,-4.0093244110000228,0,null],[119.65510566,-4.0092591200000243,0,null],[119.65517783200005,-4.0091938470000059,0,null],[119.65555033299995,-4.0089343959999724,0,null],[119.65577071200005,-4.0087557809999907,0,null],[119.65590373099997,-4.0086577910000187,0,null],[119.65599872899998,-4.0085828800000058,0,null],[119.65608805600004,-4.0085213770000223,0,null],[119.65615073399999,-4.0084656989999985,0,null],[119.65620387599995,-4.0084062270000231,0,null],[119.65624174899995,-4.008337240000003,0,null],[119.656254934,-4.0082912880000094,0,null],[119.65627153299999,-4.0081707589999951,0,null],[119.65625008899997,-4.0080768079999984,0,null],[119.65619255299998,-4.0079431870000235,0,null],[119.65616367799998,-4.0078429260000235,0,null],[119.65611062400001,-4.0076232709999999,0,null],[119.65603383799998,-4.00742280999998,0,null],[119.65597120500001,-4.0071840719999727,0,null],[119.65597226700004,-4.0071563230000038,0,null],[119.65597021799999,-4.0069497609999871,0,null],[119.65599276,-4.0068521310000165,0,null],[119.65603065799996,-4.0067907949999721,0,null],[119.65610276799998,-4.0067063939999912,0,null],[119.65615777699998,-4.0066354389999788,0,null],[119.65621080799997,-4.0065415349999967,0,null],[119.65625426600002,-4.0064323600000193,0,null],[119.65638841700002,-4.0060952580000162,0,null],[119.65656997200006,-4.0056910509999852,0,null],[119.65663252100001,-4.0055952029999844,0,null],[119.65670852000005,-4.0055356569999958,0,null],[119.65679979399999,-4.0054875380000112,0,null],[119.65690632500002,-4.0054451080000035,0,null],[119.65704710399996,-4.0053910889999997,0,null],[119.65714600399997,-4.0053448580000008,0,null],[119.65723535400002,-4.0052910069999825,0,null],[119.65733418000002,-4.00522182200001,0,null],[119.65741779200005,-4.005160337999996,0,null],[119.65749758200002,-4.0050950400000147,0,null],[119.65758500300001,-4.005033544000014,0,null],[119.65766486099994,-4.0049892879999902,0,null],[119.65773332699996,-4.0049565460000167,0,null],[119.65792552899995,-4.0049004470000114,0,null],[119.65809303599997,-4.004865470000027,0,null],[119.65828901600003,-4.0047997940000073,0,null],[119.65845259100001,-4.0047265719999814,0,null],[119.65857620199995,-4.004664957999978,0,null],[119.65864461900003,-4.0046169130000067,0,null],[119.65870732200005,-4.0045688870000049,0,null],[119.65875859000005,-4.0045189859999937,0,null],[119.65879832400003,-4.0044366029999878,0,null],[119.65883044500004,-4.0043561580000073,0,null],[119.65885307400004,-4.0042853080000214,0,null],[119.65887756999996,-4.0042029749999983,0,null],[119.65896105800005,-4.0041032340000129,0,null],[119.65905794699995,-4.0040244909999956,0,null],[119.65913019799996,-4.0039840850000132,0,null],[119.65920438499995,-4.0039532370000188,0,null],[119.65941375399996,-4.0039047340000025,0,null],[119.65948605999995,-4.0038815440000235,0,null],[119.65954121799996,-4.0038564970000152,0,null],[119.65959255899998,-4.0038295499999776,0,null],[119.65962862000003,-4.003789261999998,0,null],[119.65965322099999,-4.0037394469999867,0,null],[119.65981860299996,-4.0030464499999994,0,null],[119.65998674499997,-4.0020282570000063,0,null],[119.66002451199995,-4.0019267519999744,0,null],[119.660092459,-4.0017333310000254,0,null],[119.66013946700002,-4.0015438039999935,0,null],[119.66018266499998,-4.0013542890000053,0,null],[119.66019645599999,-4.0011220299999763,0,null],[119.66015295,-4.0009531919999972,0,null],[119.66006649400003,-4.0007049750000192,0,null],[119.66006473300001,-4.000687298999992,0,null],[119.66003468500003,-4.0004038069999979,0,null],[119.66004160600005,-4.0003349209999897,0,null],[119.66007973700005,-4.0001985050000144,0,null],[119.66012480699999,-3.9999989419999906,0,null],[119.66017400099997,-3.999749152999982,0,null],[119.66018911799995,-3.9995640330000128,0,null],[119.66018245500004,-3.9992699520000201,0,null],[119.66019583800005,-3.9989901509999868,0,null],[119.66021541199996,-3.9988581000000067,0,null],[119.660246433,-3.9987317490000009,0,null],[119.66031851599996,-3.9984919280000213,0,null],[119.660352343,-3.9983497879999845,0,null],[119.66036211200003,-3.9982780230000117,0,null],[119.66035289000001,-3.9981853959999967,0,null],[119.66032151000002,-3.9980916509999815,0,null],[119.66021238999997,-3.9979212829999824,0,null],[119.66008758700002,-3.9977610079999977,0,null],[119.65989690399999,-3.9975493000000029,0,null],[119.65972217700005,-3.9974121409999839,0,null],[119.65956189600001,-3.9973251490000052,0,null],[119.65915421299997,-3.9971571859999813,0,null],[119.65852183899995,-3.9968637029999741,0,null],[119.65827576200002,-3.9967511649999778,0,null],[119.65786185599995,-3.9964254089999827,0,null],[119.65757989500003,-3.9962599049999881,0,null],[119.65729640799998,-3.9960642789999952,0,null],[119.65713631200003,-3.9959107509999967,0,null],[119.65711045199998,-3.9958476529999984,0,null],[119.65703797000003,-3.9956349189999969,0,null],[119.65704701000004,-3.9954867449999938,0,null],[119.657276723,-3.9948346749999928,0,null],[119.65739867000002,-3.9944956019999722,0,null],[119.65741722799999,-3.9944635470000094,0,null],[119.65743138799996,-3.994439089000025,0,null],[119.65743479399998,-3.9944351379999716,0,null],[119.65749742399998,-3.9943095219999805,0,null],[119.65753826900004,-3.9942394500000091,0,null],[119.65764506000005,-3.9941303090000133,0,null],[119.65770440599999,-3.9940751209999803,0,null],[119.65778405000003,-3.9940383979999865,0,null],[119.658018932,-3.9939653050000175,0,null],[119.65811637700006,-3.9939111890000163,0,null],[119.65820490800002,-3.9938618840000117,0,null],[119.65825362099997,-3.9938318370000161,0,null],[119.65832420499999,-3.9937544960000082,0,null],[119.65841360800005,-3.9936232630000177,0,null],[119.65847923700005,-3.9935044790000234,0,null],[119.65865055799998,-3.9932582050000178,0,null],[119.65877904900003,-3.9931546980000121,0,null],[119.65887184799999,-3.993104728999981,0,null],[119.65899320000005,-3.9930618989999971,0,null],[119.659096707,-3.993047622000006,0,null],[119.65921448999995,-3.9930440530000055,0,null],[119.65936796599999,-3.9930726069999878,0,null],[119.65950359500005,-3.9930975909999802,0,null],[119.65957140900002,-3.9930833139999891,0,null],[119.65964993199998,-3.9930618989999971,0,null],[119.65976771500004,-3.9929476849999901,0,null],[119.65984980600001,-3.992869163000023,0,null],[119.65993189799997,-3.9928084860000013,0,null],[119.66004254300003,-3.9927620870000169,0,null],[119.660121065,-3.9927228259999765,0,null],[119.66019244899996,-3.9926692880000019,0,null],[119.66024598700005,-3.9926228880000281,0,null],[119.66029595500004,-3.9925586429999953,0,null],[119.66032094000002,-3.9924622749999799,0,null],[119.660381616,-3.9921624629999997,0,null],[119.66042966800001,-3.991968020999991,0,null],[119.66046038800005,-3.9918961879999983,0,null],[119.66050539399998,-3.9918243100000268,0,null],[119.66057066500002,-3.9917607340000245,0,null],[119.66063599799998,-3.9917162869999743,0,null],[119.66073463600003,-3.9916633619999971,0,null],[119.660821446,-3.9916343869999764,0,null],[119.66090229700001,-3.9916030410000189,0,null],[119.66100822400006,-3.9915955230000009,0,null],[119.66108795699995,-3.9915868950000117,0,null],[119.66117842000006,-3.9915830150000033,0,null],[119.661270081,-3.9915815210000005,0,null],[119.66133431900005,-3.9915669659999935,0,null],[119.66140091499994,-3.9915452299999856,0,null],[119.66146871299998,-3.9915270770000006,0,null],[119.66153415700001,-3.9915172999999982,0,null],[119.661809275,-3.9915546629999881,0,null],[119.66196772800004,-3.9915924050000058,0,null],[119.66205825300005,-3.9916076530000169,0,null],[119.66215475199999,-3.9916300539999838,0,null],[119.66222741199999,-3.9916429689999973,0,null],[119.66227736500002,-3.9916284600000154,0,null],[119.662316584,-3.9916080090000037,0,null],[119.66234858799999,-3.9915648649999866,0,null],[119.66238532600005,-3.9915133380000043,0,null],[119.66245628299998,-3.9913672509999856,0,null],[119.66263526600005,-3.9911263660000031,0,null],[119.662781075,-3.9909346050000067,0,null],[119.66284514699998,-3.9908686420000095,0,null],[119.66289982700005,-3.9908433580000064,0,null],[119.66297120000002,-3.9908263880000163,0,null],[119.66305211999997,-3.9908165609999742,0,null],[119.66312948699999,-3.9908127229999764,0,null],[119.663219927,-3.9908016690000068,0,null],[119.66328534000002,-3.990782328000023,0,null],[119.66338408900003,-3.9907640740000261,0,null],[119.66345906100003,-3.990755460999992,0,null],[119.66360435299998,-3.9907729220000192,0,null],[119.66369973200005,-3.9908168470000192,0,null],[119.663945162,-3.9910275369999795,0,null],[119.66403141800004,-3.9911405619999982,0,null],[119.66411172400001,-3.9912416889999918,0,null],[119.664159348,-3.9912741589999996,0,null],[119.66426077699998,-3.9912908460000267,0,null],[119.664329823,-3.9912906220000082,0,null],[119.66439289699997,-3.9912844390000259,0,null],[119.66444881799998,-3.9912746929999798,0,null],[119.66450709599997,-3.9912577659999897,0,null],[119.66458439400003,-3.9912324079999735,0,null],[119.66464863500005,-3.9912190480000049,0,null],[119.66472002800003,-3.9912080560000049,0,null],[119.66480327800002,-3.9911826790000191,0,null],[119.66488292199995,-3.9911465530000214,0,null],[119.66496371799997,-3.9910984690000078,0,null],[119.66503141600003,-3.991049232000023,0,null],[119.66508243199996,-3.9909952660000272,0,null],[119.66512035999995,-3.9909437349999735,0,null],[119.66515115300001,-3.9908946180000271,0,null],[119.66517124799998,-3.9908503170000245,0,null],[119.66518661199996,-3.9908155969999939,0,null],[119.66519836999998,-3.9907701280000083,0,null],[119.66522043199996,-3.990684052000006,0,null],[119.665221148,-3.99064682300002,0,null],[119.66515273899995,-3.9904118520000225,0,null],[119.66511704699997,-3.9902214950000143,0,null],[119.66509920099998,-3.9900698039999725,0,null],[119.66510217500002,-3.9899419079999916,0,null],[119.66512596999996,-3.9898497039999938,0,null],[119.66513771899997,-3.9898262049999857,0,null],[119.66516865599999,-3.9896775029999958,0,null],[119.66525517299999,-3.9895576679999749,0,null],[119.66530861900003,-3.9895192370000245,0,null],[119.66540954499999,-3.9894376120000175,0,null],[119.66553654899997,-3.9893212320000089,0,null],[119.66563851000001,-3.9891917819999776,0,null],[119.66579046699997,-3.9890609739999832,0,null],[119.66593061200001,-3.9889588980000212,0,null],[119.66606844900002,-3.9888795439999853,0,null],[119.66614207500004,-3.988823114000013,0,null],[119.66619666500003,-3.9887703329999908,0,null],[119.66624052700001,-3.9887128049999774,0,null],[119.66626774899999,-3.9886636990000284,0,null],[119.66632382099999,-3.9885367709999855,0,null],[119.66635027799998,-3.9884147590000225,0,null],[119.66636530200003,-3.9882748320000019,0,null],[119.66635633700002,-3.9880787939999891,0,null],[119.66636016099994,-3.9878507639999725,0,null],[119.66637558299999,-3.9877714780000133,0,null],[119.66640034399995,-3.9876972740000269,0,null],[119.66643352599999,-3.9876505400000042,0,null],[119.666528599,-3.9876000190000127,0,null],[119.66660703699995,-3.9875591150000105,0,null],[119.66670206000003,-3.9874930519999907,0,null],[119.66677681099998,-3.9874162940000133,0,null],[119.66685271799997,-3.9873287730000015,0,null],[119.66690131799999,-3.987264056000015,0,null],[119.666962044,-3.9871881430000258,0,null],[119.66699256899994,-3.9871358369999825,0,null],[119.66700787900004,-3.9870843790000094,0,null],[119.66700168399996,-3.9870090800000071,0,null],[119.66697158399995,-3.9869039710000038,0,null],[119.66689816500002,-3.9866555379999795,0,null],[119.66677683499995,-3.9863296199999922,0,null],[119.66673785600005,-3.9861518230000001,0,null],[119.66673785600005,-3.9860328500000151,0,null],[119.66677579600002,-3.9858460799999875,0,null],[119.66683371800002,-3.9857191649999777,0,null],[119.66692845600005,-3.9855646330000241,0,null],[119.66703643200003,-3.9854542919999858,0,null],[119.66729995699995,-3.9852203059999738,0,null],[119.66747346399995,-3.9851276859999984,0,null],[119.66766492399995,-3.9850648949999936,0,null],[119.66786475499998,-3.9850140330000272,0,null],[119.66803731100003,-3.9849955390000105,0,null],[119.66823253400003,-3.9849925130000088,0,null],[119.66839792400003,-3.984966868000015,0,null],[119.66864182799998,-3.9849242309999795,0,null],[119.66901192600005,-3.9848835750000262,0,null],[119.66926300700004,-3.9848516740000264,0,null],[119.66949251799997,-3.9847756080000067,0,null],[119.66961611500005,-3.9847106469999858,0,null],[119.66971118399999,-3.9846589300000232,0,null],[119.66978604999997,-3.9846180380000078,0,null],[119.66982880900002,-3.984588011000028,0,null],[119.66988942099999,-3.9845567300000084,0,null],[119.66996558999995,-3.9845505040000262,0,null],[119.67002514599994,-3.9845610699999838,0,null],[119.67006213000002,-3.9845860560000119,0,null],[119.67010510600005,-3.9846229780000044,0,null],[119.67033207099996,-3.9848649319999936,0,null],[119.67042870800003,-3.984930372000008,0,null],[119.670623019,-3.9850134270000126,0,null],[119.67099968599996,-3.9851640329999896,0,null],[119.67126436000001,-3.9852863109999817,0,null],[119.67147305599997,-3.985400401999982,0,null],[119.67181153700005,-3.9855224390000217,0,null],[119.67207729300003,-3.9856112389999794,0,null],[119.67223106699998,-3.9856752960000108,0,null],[119.67228246499997,-3.9857396880000238,0,null],[119.67232780899997,-3.9857730150000066,0,null],[119.67244340900004,-3.9858120900000245,0,null],[119.67257082699996,-3.9858248259999982,0,null],[119.67267674499999,-3.9858149170000274,0,null],[119.67275998599996,-3.9857871479999858,0,null],[119.672865742,-3.9857270269999958,0,null],[119.67295840199995,-3.9856669490000058,0,null],[119.67316139000002,-3.9854881530000057,0,null],[119.67322190899995,-3.9854281789999959,0,null],[119.67324323299999,-3.9853958310000053,0,null],[119.67327512600002,-3.985317565999992,0,null],[119.67327572600004,-3.9852096999999844,0,null],[119.67325823099998,-3.9851007249999952,0,null],[119.67321977300003,-3.9849879920000149,0,null],[119.67313741999999,-3.9848486230000049,0,null],[119.67303777699999,-3.9846634009999775,0,null],[119.67294180099998,-3.9844341720000216,0,null],[119.67286125999999,-3.984266104000028,0,null],[119.67277892000004,-3.9841305599999828,0,null],[119.67266406399995,-3.9839530390000277,0,null],[119.67256651699995,-3.9838271080000141,0,null],[119.67250151099995,-3.9837508059999891,0,null],[119.67247091199999,-3.9837126489999832,0,null],[119.67241638300004,-3.9836382770000114,0,null],[119.67237705299999,-3.9835490070000219,0,null],[119.67236016699997,-3.9834809170000085,0,null],[119.67236119200004,-3.9834295059999931,0,null],[119.67237293799997,-3.9833804510000164,0,null],[119.67237628099997,-3.9833099040000093,0,null],[119.672373634,-3.983227420999981,0,null],[119.67235544200003,-3.9831234690000201,0,null],[119.67234296599997,-3.9829465710000136,0,null],[119.67232363100004,-3.9827244890000202,0,null],[119.67228701900001,-3.9825826730000244,0,null],[119.67227505599999,-3.982558838999978,0,null],[119.67224366899995,-3.9824256429999991,0,null],[119.67219204000003,-3.9822895199999948,0,null],[119.67212135800003,-3.9821510689999968,0,null],[119.67201363699996,-3.9819708940000282,0,null],[119.67193344199995,-3.9818360599999778,0,null],[119.67185449600004,-3.9817191550000075,0,null],[119.671830548,-3.9816761939999878,0,null],[119.67180299500001,-3.9816224840000132,0,null],[119.67179334800005,-3.9815842589999875,0,null],[119.67178725700001,-3.9815412390000233,0,null],[119.67178368999998,-3.9814568720000238,0,null],[119.67181463500003,-3.9813724780000257,0,null],[119.67186222400005,-3.9812564790000238,0,null],[119.67190683900003,-3.9811375059999818,0,null],[119.67191309899999,-3.9811124650000238,0,null],[119.67195218500001,-3.9810039089999805,0,null],[119.67197568100005,-3.980906994999998,0,null],[119.67198612899995,-3.9808244690000265,0,null],[119.67198943000005,-3.9807407710000007,0,null],[119.67197724000005,-3.9806523409999954,0,null],[119.67194599599998,-3.9805615829999965,0,null],[119.67192321200002,-3.9805102490000195,0,null],[119.67191354199997,-3.9804648499999757,0,null],[119.67191346899995,-3.9804420990000153,0,null]]]},"properties":{"FID":33495,"OBJECTID":113784,"NAMOBJ":"Lapadde","FCODE":"BA03070040","REMARK":"Pemerintah Kota Parepare, Tahun 2010","METADATA":"TASWIL1000020230928_DATA_BATAS_DESAKELURAHAN","SRS_ID":"SRGI 2013","KDBBPS":" ","KDCBPS":" ","KDCPUM":"73.72.02","KDEBPS":" ","KDEPUM":"73.72.02.1004","KDPBPS":" ","KDPKAB":"73.72","KDPPUM":"73","LUASWH":753.91422164999994,"TIPADM":2,"WADMKC":"Ujung","WADMKD":"Lapadde","WADMKK":"Kota Parepare","WADMPR":"Sulawesi Selatan","WIADKC":" ","WIADKK":" ","WIADPR":" ","WIADKD":" ","UUPP":"Data dari Pemerintah Daerah","LUAS":753.91422164999994,"SHAPE_AREA":0.00061393699550700001,"SHAPE_LEN":0.169163049634}},{"type":"Feature","id":33506,"geometry":{"type":"Polygon","coordinates":[[[119.63283441399994,-4.04806359600002,0,null],[119.63274472900002,-4.0480402779999736,0,null],[119.63032705399996,-4.0474116180000124,0,null],[119.62743567400003,-4.0466597810000167,0,null],[119.62707014900002,-4.0466609700000049,0,null],[119.62622300199996,-4.0468096339999988,0,null],[119.62319066099997,-4.046704343999977,0,null],[119.62316114999999,-4.0467097619999777,0,null],[119.62311029700004,-4.0470069820000276,0,null],[119.623044112,-4.0473938169999997,0,null],[119.62294873200005,-4.0474240770000165,0,null],[119.62285336100001,-4.047454345999995,0,null],[119.62270911799999,-4.0475027300000193,0,null],[119.62258146199997,-4.0475455590000138,0,null],[119.62256487399998,-4.0475511239999946,0,null],[119.62242584800003,-4.047607389999996,0,null],[119.62228682199998,-4.0476636569999869,0,null],[119.62214779700003,-4.0477199229999883,0,null],[119.62200877099997,-4.0477761810000175,0,null],[119.62186974500003,-4.0478324470000189,0,null],[119.62183044300002,-4.0478490579999971,0,null],[119.621740542,-4.0478870549999897,0,null],[119.621611347,-4.0479416630000173,0,null],[119.62148214399997,-4.0479962790000172,0,null],[119.62135294899997,-4.0480508869999881,0,null],[119.62122374499995,-4.0481054950000157,0,null],[119.62109454200004,-4.0481601029999865,0,null],[119.62096534700004,-4.0482147100000248,0,null],[119.62082765299999,-4.0482906290000074,0,null],[119.62068996799997,-4.0483665470000005,0,null],[119.62060538699996,-4.0484273449999932,0,null],[119.62052081499996,-4.0484881340000243,0,null],[119.62039427000002,-4.0485805910000181,0,null],[119.62026771700005,-4.0486730389999934,0,null],[119.62014117299998,-4.0487654870000256,0,null],[119.62003028599997,-4.0488459090000219,0,null],[119.61991939799998,-4.0489263320000077,0,null],[119.61980851099997,-4.0490067540000041,0,null],[119.61969762299998,-4.0490871760000005,0,null],[119.61958673499998,-4.0491675989999862,0,null],[119.61952547299995,-4.0492120299999783,0,null],[119.61947584799998,-4.0492480209999826,0,null],[119.61936094700002,-4.049336951999976,0,null],[119.61924604599994,-4.0494258919999879,0,null],[119.61919044399997,-4.0494689299999891,0,null],[119.61914072800005,-4.0495074120000254,0,null],[119.61901625200005,-4.0496037620000038,0,null],[119.61890135099998,-4.0496927010000263,0,null],[119.61878645000002,-4.0497816409999814,0,null],[119.61867154799995,-4.0498705809999933,0,null],[119.61855665600001,-4.0499595109999973,0,null],[119.61844175500005,-4.0500484510000092,0,null],[119.61832685299999,-4.0501373910000211,0,null],[119.61819900199998,-4.0502349039999785,0,null],[119.61807115099998,-4.0503324169999928,0,null],[119.61794329899999,-4.0504299390000256,0,null],[119.61781034700005,-4.0505366230000277,0,null],[119.61779962200001,-4.0505709999999908,0,null],[119.61782823999999,-4.0506041020000225,0,null],[119.617867101,-4.050634883999976,0,null],[119.61791622999999,-4.0506656239999757,0,null],[119.61792770600005,-4.0506884879999916,0,null],[119.61791618400002,-4.0507913349999853,0,null],[119.61788710600001,-4.0508890429999838,0,null],[119.61785801799999,-4.0509867600000007,0,null],[119.61782894999999,-4.051087884000026,0,null],[119.61779987299997,-4.0511889989999759,0,null],[119.617745904,-4.0512822499999857,0,null],[119.61769192700001,-4.0513755110000034,0,null],[119.61759343200004,-4.0514813070000173,0,null],[119.61749493699995,-4.051587101999985,0,null],[119.61739644199997,-4.0516928979999989,0,null],[119.61729866099995,-4.0517687949999868,0,null],[119.61720088899995,-4.0518447019999826,0,null],[119.61707340700002,-4.0519620599999939,0,null],[119.617014079,-4.052064936000022,0,null],[119.61697754800002,-4.0521905570000172,0,null],[119.61697497,-4.0522732769999834,0,null],[119.616983731,-4.0523474099999817,0,null],[119.617023851,-4.0524450010000237,0,null],[119.61705256599998,-4.0525390419999781,0,null],[119.61706702399999,-4.052616004000015,0,null],[119.61707287700006,-4.0526701819999857,0,null],[119.61707314299997,-4.0527528920000009,0,null],[119.61707910600001,-4.0528412950000074,0,null],[119.61707926199995,-4.0528897899999947,0,null],[119.61709928899995,-4.0529325080000262,0,null],[119.617124967,-4.0529666499999735,0,null],[119.61715628800005,-4.0529865120000181,0,null],[119.61727855000004,-4.0530146369999898,0,null],[119.61741034099998,-4.0530757550000089,0,null],[119.61746440399997,-4.0531012459999829,0,null],[119.61755835500003,-4.0531608410000217,0,null],[119.61762665499998,-4.0531948440000178,0,null],[119.61767790199997,-4.0532289120000087,0,null],[119.61776607299998,-4.0532571480000001,0,null],[119.61779974599995,-4.0532650810000064,0,null],[119.61788549200003,-4.0532852829999797,0,null],[119.61796789300001,-4.0532878619999906,0,null],[119.61807445800002,-4.0532932279999727,0,null],[119.618181015,-4.0532985849999932,0,null],[119.61831883599996,-4.0533038400000123,0,null],[119.61845664800001,-4.0533090949999746,0,null],[119.61854940499995,-4.0533224819999987,0,null],[119.61855328700005,-4.0533230419999882,0,null],[119.61863858699996,-4.0533427380000262,0,null],[119.61875104299997,-4.0534025449999831,0,null],[119.618863498,-4.0534623510000074,0,null],[119.61895500599996,-4.0535147420000044,0,null],[119.61904651299994,-4.0535671420000199,0,null],[119.61915825899996,-4.0536426890000143,0,null],[119.61926970000002,-4.0537046900000178,0,null],[119.61938529700001,-4.0537592169999925,0,null],[119.619464472,-4.0538219960000106,0,null],[119.61955988600005,-4.0538969230000248,0,null],[119.61960662299998,-4.0539476069999978,0,null],[119.61970822800004,-4.0540591149999727,0,null],[119.61975473200005,-4.0541261029999873,0,null],[119.61978146700005,-4.0541646149999906,0,null],[119.619808132,-4.0542702660000032,0,null],[119.61981065500004,-4.0542965770000023,0,null],[119.61982489499997,-4.054445085999987,0,null],[119.61982531399997,-4.0545752240000184,0,null],[119.61982357099998,-4.0546626670000023,0,null],[119.61982352200005,-4.0546644230000197,0,null],[119.61982054600003,-4.0547714599999836,0,null],[119.61982679799996,-4.0548263420000126,0,null],[119.61984116899998,-4.0548872979999828,0,null],[119.61985501499998,-4.0549304069999721,0,null],[119.61988030999999,-4.0549853449999773,0,null],[119.61990902900004,-4.0550414100000012,0,null],[119.61993721199997,-4.0551072150000209,0,null],[119.619953936,-4.0551581639999768,0,null],[119.61996433700006,-4.0551993949999883,0,null],[119.61999200699995,-4.0552818259999981,0,null],[119.62003101400001,-4.0553604689999929,0,null],[119.62005954599999,-4.0554173119999746,0,null],[119.62009413199996,-4.0554673579999871,0,null],[119.62011450299997,-4.0555052490000207,0,null],[119.62016404099995,-4.0555871020000041,0,null],[119.62023190499997,-4.0557007529999964,0,null],[119.62030509099998,-4.0557899859999793,0,null],[119.62041070199996,-4.0558872469999869,0,null],[119.62054053300005,-4.0559600280000154,0,null],[119.62070268499997,-4.0560083029999987,0,null],[119.62081068999998,-4.056010662999995,0,null],[119.62091945700001,-4.0559536360000266,0,null],[119.62097721199996,-4.0559239950000006,0,null],[119.62103858299997,-4.0558826390000036,0,null],[119.62110911299999,-4.0558572589999926,0,null],[119.62119791800001,-4.0558501099999944,0,null],[119.62133698000002,-4.0558885280000254,0,null],[119.62143759699995,-4.055935637999994,0,null],[119.62157217599997,-4.0560434330000135,0,null],[119.62168596799995,-4.0561660889999871,0,null],[119.62174380700003,-4.0562572329999966,0,null],[119.62180164500001,-4.0563483770000062,0,null],[119.62188722300004,-4.0564736649999986,0,null],[119.62195944899997,-4.0565943600000196,0,null],[119.62203168300005,-4.0567150630000128,0,null],[119.62210391799999,-4.056835757999977,0,null],[119.62216554600002,-4.0569492569999852,0,null],[119.62222716400004,-4.0570627569999829,0,null],[119.62222955699997,-4.057069700999989,0,null],[119.622274006,-4.0571986720000268,0,null],[119.62232084699997,-4.0573345959999756,0,null],[119.62234717800004,-4.0574426150000136,0,null],[119.62237351800002,-4.0575506440000026,0,null],[119.62240172999998,-4.057664251999995,0,null],[119.62242994200005,-4.0577778599999874,0,null],[119.62245443100005,-4.0578896189999796,0,null],[119.62247892000005,-4.0580013769999823,0,null],[119.62251274499999,-4.0581280160000119,0,null],[119.62254656100004,-4.0582546559999741,0,null],[119.62257663900004,-4.0583719900000119,0,null],[119.62258400400003,-4.0584007209999982,0,null],[119.62260671700005,-4.0584893249999823,0,null],[119.62262745700002,-4.0585880450000218,0,null],[119.622648196,-4.0586867659999939,0,null],[119.62266894100003,-4.0587873480000098,0,null],[119.62268967700004,-4.0588879389999875,0,null],[119.622708569,-4.0589885269999968,0,null],[119.62272745099995,-4.0590891240000246,0,null],[119.62274263799998,-4.0591934569999921,0,null],[119.62275782400002,-4.0592977900000164,0,null],[119.62277482599995,-4.0593872050000073,0,null],[119.622791818,-4.0594766199999981,0,null],[119.62280699300004,-4.0595772199999942,0,null],[119.62282216699998,-4.0596778290000088,0,null],[119.62283920799996,-4.0597821559999829,0,null],[119.62285624799995,-4.0598864830000139,0,null],[119.62287511,-4.0599777529999983,0,null],[119.62289396200003,-4.0600690329999907,0,null],[119.62290911900004,-4.0601640389999716,0,null],[119.62292427499995,-4.0602590540000278,0,null],[119.62292732900005,-4.0602877750000061,0,null],[119.62293576599996,-4.0603671220000024,0,null],[119.62294724799995,-4.0604751989999954,0,null],[119.62295312000003,-4.0605683829999748,0,null],[119.62295899200001,-4.0606615579999925,0,null],[119.62295210900004,-4.0608293419999768,0,null],[119.62294511799996,-4.0609635700000126,0,null],[119.622934289,-4.0610605319999991,0,null],[119.62290914499999,-4.061117266999986,0,null],[119.62289375299997,-4.0611519959999782,0,null],[119.62285320700005,-4.0612434600000142,0,null],[119.62278685399997,-4.0613890700000184,0,null],[119.62273519400003,-4.0614861650000194,0,null],[119.62267613300003,-4.0615907389999961,0,null],[119.62260235500003,-4.0617363640000121,0,null],[119.62254701100005,-4.0618409269999916,0,null],[119.62250285899995,-4.0619640969999864,0,null],[119.62246249999998,-4.0621133459999896,0,null],[119.62241470799995,-4.0622543499999892,0,null],[119.62236691500004,-4.0623953529999994,0,null],[119.62232909500005,-4.0625279829999954,0,null],[119.62230261800005,-4.0626202509999985,0,null],[119.62226558999998,-4.0627029560000096,0,null],[119.62221864799994,-4.062778427000012,0,null],[119.62215533100004,-4.0628609099999835,0,null],[119.62211145499998,-4.0629272520000086,0,null],[119.62206493899998,-4.0630231640000147,0,null],[119.62205306400006,-4.063094245000002,0,null],[119.62203507200002,-4.0631579089999832,0,null],[119.62202430800005,-4.0632359190000216,0,null],[119.62203854799998,-4.06335634200002,0,null],[119.62204912499999,-4.0634795230000123,0,null],[119.62204205800003,-4.0636600689999796,0,null],[119.62203490499996,-4.0638137280000137,0,null],[119.62201050299996,-4.0639578369999754,0,null],[119.62198616800003,-4.0641192339999748,0,null],[119.62195228400003,-4.064286428999992,0,null],[119.62190106599996,-4.0644171860000142,0,null],[119.62185931800002,-4.064518143999976,0,null],[119.62181756999996,-4.0646191010000052,0,null],[119.62177976199996,-4.0647555809999858,0,null],[119.62174759000004,-4.064859389999981,0,null],[119.62170396500005,-4.0649728349999918,0,null],[119.62164315799998,-4.065094025999997,0,null],[119.62158235000004,-4.0652152079999837,0,null],[119.621521605,-4.0653556030000004,0,null],[119.62144742700002,-4.0654806699999995,0,null],[119.62134835200004,-4.0655962199999749,0,null],[119.62127405399997,-4.0656867280000029,0,null],[119.62118273399994,-4.0658348960000126,0,null],[119.62112386900003,-4.0659637630000134,0,null],[119.62107650600001,-4.0661041060000116,0,null],[119.62099860299998,-4.0662599209999826,0,null],[119.62091294100003,-4.0663850249999882,0,null],[119.62087293900004,-4.0664331710000283,0,null],[119.62085598800002,-4.0664471740000181,0,null],[119.62075253600005,-4.066532632000019,0,null],[119.62059773299995,-4.066594925000004,0,null],[119.62051937800004,-4.0666309879999858,0,null],[119.62047255000004,-4.0666525400000069,0,null],[119.62036338400003,-4.0667284040000027,0,null],[119.62024292700005,-4.0668363510000063,0,null],[119.62015209799995,-4.0669442010000125,0,null],[119.62012114799995,-4.0670293779999724,0,null],[119.620120466,-4.0670312540000282,0,null],[119.62013840400004,-4.0670404429999962,0,null],[119.62016471300001,-4.0670539189999886,0,null],[119.62021725900001,-4.0670808350000129,0,null],[119.620228247,-4.0670864639999991,0,null],[119.62023787299995,-4.0670907150000062,0,null],[119.62031585099999,-4.0671251489999918,0,null],[119.62036698600002,-4.0671412120000241,0,null],[119.62038158500002,-4.0671441929999901,0,null],[119.62043377400005,-4.0671548500000085,0,null],[119.62054274100001,-4.0672010279999995,0,null],[119.62059739799997,-4.0672236070000167,0,null],[119.62065282399999,-4.0672834700000067,0,null],[119.62070359100005,-4.0673248670000248,0,null],[119.620747403,-4.0673501289999763,0,null],[119.62081416700005,-4.0673591569999985,0,null],[119.62086252699999,-4.0673659220000218,0,null],[119.62089933799996,-4.0673634969999739,0,null],[119.62094994100005,-4.0673540959999741,0,null],[119.62102819300003,-4.0673561450000193,0,null],[119.62108030599995,-4.0673990390000085,0,null],[119.62112753099996,-4.0674833850000027,0,null],[119.62113924000005,-4.0675336130000233,0,null],[119.62113941899997,-4.0675890389999836,0,null],[119.62118340200004,-4.0676697260000196,0,null],[119.62123872300003,-4.0676972539999952,0,null],[119.62133320500004,-4.0677339000000075,0,null],[119.62139767400004,-4.067742925999994,0,null],[119.62145292900004,-4.0677496779999842,0,null],[119.62149895300001,-4.0677495269999895,0,null],[119.62158634699995,-4.0677284559999975,0,null],[119.62161850500001,-4.0677098699999874,0,null],[119.62168979499995,-4.0676934790000132,0,null],[119.621754248,-4.067697886000019,0,null],[119.62180263499999,-4.0677060099999949,0,null],[119.62184866300004,-4.0677137370000196,0,null],[119.62188552700002,-4.0677274799999736,0,null],[119.62193856800002,-4.0677596350000158,0,null],[119.62207601399996,-4.067801237000026,0,null],[119.62226516999999,-4.0678863580000097,0,null],[119.62246993600002,-4.0679948169999989,0,null],[119.62272384100004,-4.0680979179999781,0,null],[119.62298536200001,-4.0681568289999746,0,null],[119.62326764900001,-4.0682338550000168,0,null],[119.62353972200003,-4.0683550809999929,0,null],[119.62377051299995,-4.0685102219999862,0,null],[119.624009247,-4.0687224999999785,0,null],[119.62425061500005,-4.068950357999995,0,null],[119.62443992299995,-4.0690796520000276,0,null],[119.62456692299997,-4.0691467920000264,0,null],[119.62473022200004,-4.0692345990000263,0,null],[119.62492460399994,-4.0693353010000237,0,null],[119.62499999500005,-4.0693707519999975,0,null],[119.62511118500004,-4.0694230319999747,0,null],[119.62531073499997,-4.0695185100000231,0,null],[119.62549215900003,-4.069611454999972,0,null],[119.62565819199995,-4.0697460210000145,0,null],[119.62575786499997,-4.069826345000024,0,null],[119.62586116099999,-4.0699552230000222,0,null],[119.62599868300003,-4.0701396250000244,0,null],[119.62604826300003,-4.0704417640000088,0,null],[119.62604123400001,-4.0707725550000191,0,null],[119.62607883099997,-4.0711262460000057,0,null],[119.62613961800002,-4.071345655000016,0,null],[119.62614424799995,-4.0713623679999955,0,null],[119.62620040299998,-4.0715650660000051,0,null],[119.62629081800003,-4.0717626879999784,0,null],[119.62638123299996,-4.071960310999998,0,null],[119.62651946899996,-4.0721259210000085,0,null],[119.62665770499996,-4.0722915310000189,0,null],[119.62690820800003,-4.0724827189999928,0,null],[119.62713196000004,-4.0726063509999904,0,null],[119.62740458899998,-4.0727155339999968,0,null],[119.62767585699999,-4.072788418000016,0,null],[119.62789460199997,-4.0728638960000012,0,null],[119.62802186800002,-4.0729160679999836,0,null],[119.62824501399996,-4.0730386970000154,0,null],[119.62846027600006,-4.0732277769999996,0,null],[119.62865129900001,-4.0734359150000046,0,null],[119.62882486599995,-4.0736725770000248,0,null],[119.62902938100001,-4.0738779600000044,0,null],[119.62929716099995,-4.0740261990000022,0,null],[119.62947557699999,-4.0740933939999877,0,null],[119.62965399400002,-4.0741605900000195,0,null],[119.62984316799998,-4.0742148720000273,0,null],[119.63000523000005,-4.0742613740000024,0,null],[119.63003234200005,-4.0742691539999782,0,null],[119.63036058800003,-4.0743304360000252,0,null],[119.63049752699999,-4.0743347860000085,0,null],[119.63070892099995,-4.0743414949999988,0,null],[119.63088504799998,-4.0743273609999733,0,null],[119.63099764399999,-4.0743183260000251,0,null],[119.63106117400002,-4.0743132279999941,0,null],[119.63124535099996,-4.0742834789999733,0,null],[119.63142952700002,-4.07425372900002,0,null],[119.63149900799999,-4.0742419540000014,0,null],[119.63160897600005,-4.0742233180000085,0,null],[119.63178842499997,-4.0741929060000075,0,null],[119.63179477100005,-4.0741917849999822,0,null],[119.63209334600003,-4.0741390379999984,0,null],[119.63227145899998,-4.0741126969999755,0,null],[119.63244956999995,-4.0740863560000093,0,null],[119.63262230199996,-4.0740661329999739,0,null],[119.63279503399997,-4.0740459099999953,0,null],[119.63308380000001,-4.0740056509999931,0,null],[119.63325375800002,-4.0739630690000013,0,null],[119.63336660799996,-4.0739140649999968,0,null],[119.633395307,-4.0739016030000244,0,null],[119.63364967999996,-4.0738533190000226,0,null],[119.63406225599999,-4.0737647309999829,0,null],[119.63420720199997,-4.0737922530000219,0,null],[119.63425536800003,-4.0736734449999972,0,null],[119.63438385899997,-4.073145205000003,0,null],[119.63459491900005,-4.0723247959999753,0,null],[119.634581658,-4.072056353999983,0,null],[119.63452659799998,-4.0706233380000185,0,null],[119.63451573999998,-4.0703407539999716,0,null],[119.63505187400006,-4.0683800639999959,0,null],[119.63542510100001,-4.0673158260000264,0,null],[119.63580788599995,-4.0654740580000066,0,null],[119.63629728199999,-4.0636570290000122,0,null],[119.63671057800002,-4.0626905889999989,0,null],[119.637086544,-4.0620508509999809,0,null],[119.63708878800003,-4.0620483989999912,0,null],[119.63714587499999,-4.0619498940000085,0,null],[119.63793819600005,-4.060600232000013,0,null],[119.63851831800002,-4.0589049349999868,0,null],[119.63908133999996,-4.0577899990000219,0,null],[119.63928042299995,-4.0575024120000194,0,null],[119.639488938,-4.0571861010000134,0,null],[119.63962134999997,-4.0568987330000255,0,null],[119.63966754399996,-4.0564586149999968,0,null],[119.63962810999999,-4.0560474719999888,0,null],[119.63948316100004,-4.0554071249999879,0,null],[119.63956714300002,-4.0548712390000219,0,null],[119.63989595400005,-4.0542030400000044,0,null],[119.64013240899999,-4.0537733190000154,0,null],[119.63998330200002,-4.0536421850000011,0,null],[119.63903509399995,-4.052529858000014,0,null],[119.63869377599997,-4.0521294640000178,0,null],[119.63844219299995,-4.0519602830000281,0,null],[119.63787304499999,-4.051577549000001,0,null],[119.63591537299999,-4.0502610760000266,0,null],[119.63457521800001,-4.0493598649999853,0,null],[119.63337090300001,-4.0484630860000266,0,null],[119.63283441399994,-4.04806359600002,0,null]]]},"properties":{"FID":33506,"OBJECTID":113979,"NAMOBJ":"Lumpue","FCODE":"BA03070040","REMARK":"Pemerintah Kota Parepare, Tahun 2010","METADATA":"TASWIL1000020230928_DATA_BATAS_DESAKELURAHAN","SRS_ID":"SRGI 2013","KDBBPS":" ","KDCBPS":" ","KDCPUM":"73.72.04","KDEBPS":" ","KDEPUM":"73.72.04.1003","KDPBPS":" ","KDPKAB":"73.72","KDPPUM":"73","LUASWH":482.32851467,"TIPADM":2,"WADMKC":"Bacukiki Barat","WADMKD":"Lumpue","WADMKK":"Kota Parepare","WADMPR":"Sulawesi Selatan","WIADKC":" ","WIADKK":" ","WIADPR":" ","WIADKD":" ","UUPP":"Data dari Pemerintah Daerah","LUAS":482.32851467,"SHAPE_AREA":0.000392806981131,"SHAPE_LEN":0.086000233596799994}},{"type":"Feature","id":33584,"geometry":{"type":"Polygon","coordinates":[[[119.625597105,-4.0115325749999897,0,null],[119.62547126300001,-4.0114387429999852,0,null],[119.62482466400002,-4.0109465749999913,0,null],[119.62440005899998,-4.0106287230000248,0,null],[119.62432275100002,-4.0105780399999844,0,null],[119.62426839299997,-4.0105559770000241,0,null],[119.62422049500003,-4.0105439370000227,0,null],[119.62416189700002,-4.0105362350000178,0,null],[119.62408903699998,-4.0105364689999874,0,null],[119.62401189399998,-4.0105374350000034,0,null],[119.62396475399999,-4.0105390209999996,0,null],[119.62390314300001,-4.0105495500000075,0,null],[119.62384538200001,-4.0105787859999964,0,null],[119.62380350599994,-4.0105976450000185,0,null],[119.623753609,-4.0106308040000158,0,null],[119.62370586500003,-4.0106668249999871,0,null],[119.62360639799999,-4.010760399999981,0,null],[119.62326745400003,-4.011100966000015,0,null],[119.62304055899995,-4.0112262279999982,0,null],[119.623034362,-4.0112296489999721,0,null],[119.62285505299997,-4.0112081209999815,0,null],[119.62229284299997,-4.011152605999996,0,null],[119.62228091700001,-4.0111507359999905,0,null],[119.62205890799999,-4.0111289079999892,0,null],[119.62122900400004,-4.011021583999991,0,null],[119.62069856100004,-4.0109529910000106,0,null],[119.62063544800003,-4.0109501109999997,0,null],[119.62063176499998,-4.0109908100000098,0,null],[119.62062311099999,-4.0110992869999791,0,null],[119.62062214100001,-4.0111478669999769,0,null],[119.62062077500002,-4.0112472829999888,0,null],[119.62062003200003,-4.0113010250000229,0,null],[119.62061944799996,-4.0113432630000148,0,null],[119.62061940000001,-4.0113466990000006,0,null],[119.62061866800002,-4.0114698369999928,0,null],[119.62061116500001,-4.0115862179999908,0,null],[119.62060354599998,-4.011666450000007,0,null],[119.62060047499995,-4.0117087689999948,0,null],[119.62059600299995,-4.0117704040000035,0,null],[119.62059466599999,-4.0117925629999718,0,null],[119.62058959299998,-4.0118766150000056,0,null],[119.62058936599999,-4.0119045380000102,0,null],[119.620588785,-4.0119760289999817,0,null],[119.62058788299998,-4.0120460719999755,0,null],[119.62057688599998,-4.0121251850000021,0,null],[119.62054665799997,-4.0121704700000009,0,null],[119.620503955,-4.0121841629999722,0,null],[119.62045785199996,-4.0121899600000006,0,null],[119.62044331100003,-4.012189171999978,0,null],[119.62037909499998,-4.0121856939999816,0,null],[119.62030590100005,-4.0121820350000235,0,null],[119.62030086499999,-4.0121824600000195,0,null],[119.62027042600005,-4.0121850319999908,0,null],[119.62024553599997,-4.0121966699999803,0,null],[119.620211165,-4.0122439560000203,0,null],[119.62020262399994,-4.0122719010000196,0,null],[119.62017826099998,-4.0123698809999837,0,null],[119.62015389700002,-4.0124678710000126,0,null],[119.62012954199997,-4.0125658520000229,0,null],[119.62010517800002,-4.0126638329999764,0,null],[119.62008081500005,-4.0127618139999868,0,null],[119.62005645099998,-4.0128597949999971,0,null],[119.62003209600005,-4.012957785000026,0,null],[119.62000773299997,-4.0130557659999795,0,null],[119.61998336900001,-4.0131537469999898,0,null],[119.61995901499995,-4.0132517280000002,0,null],[119.61993684499998,-4.013340573999983,0,null],[119.61991467500002,-4.0134294200000227,0,null],[119.61989250399995,-4.013518275000024,0,null],[119.61987033499997,-4.0136071210000068,0,null],[119.61984816500001,-4.0136959660000002,0,null],[119.61982599500004,-4.0137848140000187,0,null],[119.61980382499996,-4.0138736600000016,0,null],[119.619781655,-4.0139625059999844,0,null],[119.61975948500003,-4.0140513520000241,0,null],[119.61973731499995,-4.0141401980000069,0,null],[119.61971514499999,-4.0142290439999897,0,null],[119.61969297600001,-4.0143178899999725,0,null],[119.61966534199996,-4.0144262750000053,0,null],[119.619645257,-4.0145050290000199,0,null],[119.6196377,-4.0145346589999917,0,null],[119.61961006700005,-4.0146430440000245,0,null],[119.61960851799995,-4.0146907490000103,0,null],[119.619625638,-4.0147366850000026,0,null],[119.61964778699996,-4.0147655790000272,0,null],[119.61970725399999,-4.0147909359999971,0,null],[119.61977686199998,-4.0148043410000014,0,null],[119.61984228699998,-4.0148339450000208,0,null],[119.61985856399997,-4.0148824419999869,0,null],[119.61985941600005,-4.0149887459999718,0,null],[119.61986027700004,-4.0150950419999845,0,null],[119.61986111299996,-4.0151990969999929,0,null],[119.619853659,-4.0153278949999844,0,null],[119.61985173999994,-4.0154318319999902,0,null],[119.619854369,-4.0155504400000268,0,null],[119.619874923,-4.0156463960000224,0,null],[119.61988659400004,-4.0157785310000236,0,null],[119.61992417800002,-4.0159230099999945,0,null],[119.61998318099995,-4.0160821050000095,0,null],[119.62001616400005,-4.0161949660000005,0,null],[119.62004463599999,-4.0163044540000215,0,null],[119.62005862800004,-4.016348282000024,0,null],[119.62009561499997,-4.0163120159999721,0,null],[119.62057718100004,-4.016132932000005,0,null],[119.62065521199997,-4.0161107019999918,0,null],[119.62090644700004,-4.0160458099999801,0,null],[119.62091315400005,-4.0160582220000265,0,null],[119.62134338500005,-4.0159745810000231,0,null],[119.621372898,-4.0159706599999936,0,null],[119.62138399499997,-4.0160192060000099,0,null],[119.62140709599998,-4.0160164819999977,0,null],[119.62163760700003,-4.0159873979999929,0,null],[119.62171677799995,-4.0159774090000155,0,null],[119.62225028800003,-4.0159100949999811,0,null],[119.62237104999997,-4.0158940110000003,0,null],[119.62246192999999,-4.0158819069999936,0,null],[119.62248724799997,-4.015878535000013,0,null],[119.62276007699995,-4.0158258999999816,0,null],[119.62279791000003,-4.015824522999992,0,null],[119.62293781599999,-4.0158259390000239,0,null],[119.62296602399999,-4.0158350259999906,0,null],[119.62302706200001,-4.0158708760000081,0,null],[119.62331367800005,-4.0160392129999991,0,null],[119.62332382299996,-4.0160451720000196,0,null],[119.62333534200002,-4.0160525829999756,0,null],[119.62381373799997,-4.0163225329999932,0,null],[119.62383894300001,-4.0163328660000275,0,null],[119.624192343,-4.015670182000008,0,null],[119.62440015300001,-4.0152958900000044,0,null],[119.62483391900003,-4.0145146219999788,0,null],[119.62488683900006,-4.014384371999995,0,null],[119.62492273099997,-4.0142905239999891,0,null],[119.62494256000002,-4.0142368979999787,0,null],[119.62496508799995,-4.0141335280000021,0,null],[119.62506042500002,-4.0135669960000087,0,null],[119.62516397000002,-4.0128866179999818,0,null],[119.62521660899995,-4.0126683760000219,0,null],[119.62538125100002,-4.0121247480000193,0,null],[119.62538560300004,-4.0121068590000277,0,null],[119.62544138400006,-4.0119412220000186,0,null],[119.62550304199999,-4.0117581320000113,0,null],[119.625597105,-4.0115325749999897,0,null]]]},"properties":{"FID":33584,"OBJECTID":114111,"NAMOBJ":"Mallusetasi","FCODE":"BA03070040","REMARK":"Pemerintah Kota Parepare, Tahun 2010","METADATA":"TASWIL1000020230928_DATA_BATAS_DESAKELURAHAN","SRS_ID":"SRGI 2013","KDBBPS":" ","KDCBPS":" ","KDCPUM":"73.72.02","KDEBPS":" ","KDEPUM":"73.72.02.1005","KDPBPS":" ","KDPKAB":"73.72","KDPPUM":"73","LUASWH":30.49649252,"TIPADM":2,"WADMKC":"Ujung","WADMKD":"Mallusetasi","WADMKK":"Kota Parepare","WADMPR":"Sulawesi Selatan","WIADKC":" ","WIADKK":" ","WIADPR":" ","WIADKD":" ","UUPP":"Data dari Pemerintah Daerah","LUAS":30.49649252,"SHAPE_AREA":2.4834902220299999e-05,"SHAPE_LEN":0.020708665062799999}},{"type":"Feature","id":33645,"geometry":{"type":"Polygon","coordinates":[[[119.64735654200001,-4.0405022599999825,0,null],[119.64733135400002,-4.0404449559999875,0,null],[119.64726316400004,-4.0403435570000283,0,null],[119.64722253100001,-4.0402958669999975,0,null],[119.64715568999998,-4.0402434819999939,0,null],[119.64708772899996,-4.0402126199999771,0,null],[119.647017452,-4.0402020889999903,0,null],[119.64690673600001,-4.0402036469999985,0,null],[119.64681868299999,-4.0402182820000121,0,null],[119.64667828500001,-4.0402450430000272,0,null],[119.64655097499997,-4.0402693710000221,0,null],[119.64643906499998,-4.0402697370000169,0,null],[119.64632356300001,-4.0402641370000083,0,null],[119.64621398700001,-4.0402501479999842,0,null],[119.64613660199996,-4.0402504009999802,0,null],[119.64604968499998,-4.04024829399998,0,null],[119.64594009400003,-4.040229523999983,0,null],[119.64586981399998,-4.0402177980000147,0,null],[119.64579009399995,-4.0402324049999834,0,null],[119.64567473600005,-4.0402710399999933,0,null],[119.64559623800005,-4.040295207999975,0,null],[119.645527249,-4.0403145629999813,0,null],[119.64544036300003,-4.0403220200000192,0,null],[119.64535222400002,-4.0403103529999953,0,null],[119.645235447,-4.0402784539999743,0,null],[119.64512575499998,-4.0402285999999776,0,null],[119.64504343299996,-4.0401750689999858,0,null],[119.64480855199997,-4.0399326689999953,0,null],[119.64476133300002,-4.0398662889999741,0,null],[119.64449483400006,-4.0393547049999938,0,null],[119.644373481,-4.0391810039999996,0,null],[119.64427592300001,-4.0390977229999976,0,null],[119.64402032999999,-4.038880660000018,0,null],[119.64396244600005,-4.038816311000005,0,null],[119.64385271399999,-4.0387306499999909,0,null],[119.64373834800006,-4.0386832340000183,0,null],[119.64363818000004,-4.0386118779999833,0,null],[119.64348066000002,-4.038464246999979,0,null],[119.64338517399995,-4.0383689810000192,0,null],[119.64322760699997,-4.0382070129999761,0,null],[119.643093927,-4.0380736399999932,0,null],[119.64285519700002,-4.0378306960000145,0,null],[119.64263574999995,-4.0376641510000013,0,null],[119.64241173000005,-4.0375549670000055,0,null],[119.64231153200001,-4.0374740529999826,0,null],[119.64216372999999,-4.0373885149999751,0,null],[119.64203516400005,-4.0373650399999974,0,null],[119.64190667599996,-4.0373654590000001,0,null],[119.64182101699998,-4.0373657389999948,0,null],[119.64158265900005,-4.0372374859999809,0,null],[119.64128263700002,-4.0371715599999902,0,null],[119.64104922299998,-4.0371006380000267,0,null],[119.64073014999997,-4.0370299950000117,0,null],[119.64058447299999,-4.0369955140000116,0,null],[119.64049115199998,-4.0369443110000134,0,null],[119.64042643100004,-4.0368910110000229,0,null],[119.64039026299997,-4.0368358069999886,0,null],[119.64034267399995,-4.036719689999984,0,null],[119.64031221699997,-4.0365426579999735,0,null],[119.64028556699998,-4.0361885940000093,0,null],[119.64027033800005,-4.0358173980000061,0,null],[119.64025511,-4.0356003910000027,0,null],[119.64021894200005,-4.0353700590000017,0,null],[119.64018087099998,-4.0352482310000255,0,null],[119.64004313700002,-4.0350203159999865,0,null],[119.639847315,-4.0348011250000013,0,null],[119.63977172,-4.0347402159999888,0,null],[119.63971858599996,-4.0346568780000212,0,null],[119.63970274500002,-4.0346181940000179,0,null],[119.63969545400005,-4.0345723080000084,0,null],[119.63969531999999,-4.0345307029999731,0,null],[119.63970796900003,-4.0344661010000209,0,null],[119.63974343899997,-4.0343899480000118,0,null],[119.639783233,-4.034325258000024,0,null],[119.639838639,-4.0342289550000032,0,null],[119.63994510600003,-4.03401771099999,0,null],[119.63997776999997,-4.0339573480000013,0,null],[119.64001900100004,-4.0338955230000124,0,null],[119.64006598000003,-4.0338437219999719,0,null],[119.64009722399999,-4.0337862330000007,0,null],[119.64011278700002,-4.0337388379999766,0,null],[119.64011972100002,-4.033674254999994,0,null],[119.64011954499995,-4.0336197380000272,0,null],[119.63999958700003,-4.0331925959999921,0,null],[119.63988302400003,-4.0329318650000232,0,null],[119.63984563400004,-4.0328559490000089,0,null],[119.63981679699998,-4.0327742669999793,0,null],[119.639809464,-4.0327154689999816,0,null],[119.63979906099996,-4.0325906859999918,0,null],[119.63980442299999,-4.0324816340000211,0,null],[119.63983117800001,-4.0323610340000187,0,null],[119.639858054,-4.0322777360000259,0,null],[119.63989637199995,-4.0321987039999954,0,null],[119.63993336399994,-4.0321512389999725,0,null],[119.63998182600005,-4.0321166489999882,0,null],[119.64005741899996,-4.03207766700001,0,null],[119.640398409,-4.031935959000009,0,null],[119.64057094099996,-4.0318320999999742,0,null],[119.640683502,-4.0317384800000013,0,null],[119.64079189300003,-4.031680740000013,0,null],[119.64088744900005,-4.031630215000007,0,null],[119.64096166000002,-4.0316055839999763,0,null],[119.64138132599999,-4.0314951820000147,0,null],[119.64198355600001,-4.0312909319999903,0,null],[119.64212192100001,-4.0312244869999745,0,null],[119.64220031900004,-4.0311697139999865,0,null],[119.64228147799997,-4.0310848039999883,0,null],[119.642346922,-4.0309999450000191,0,null],[119.642396641,-4.0309122680000087,0,null],[119.64241777400002,-4.0308203800000229,0,null],[119.64242008899998,-4.0306525159999751,0,null],[119.64241537700002,-4.0305205419999766,0,null],[119.64239628999997,-4.0303613560000144,0,null],[119.64231937199997,-4.0301271260000249,0,null],[119.64225680000004,-4.0300348320000126,0,null],[119.64221590499994,-4.0299745120000239,0,null],[119.64216165300002,-4.0299334449999833,0,null],[119.641991512,-4.0297730240000078,0,null],[119.64195568000002,-4.0297372740000128,0,null],[119.64190436000001,-4.0296979880000094,0,null],[119.64184236799997,-4.0296718870000063,0,null],[119.64177213400001,-4.0296745069999815,0,null],[119.64169720500001,-4.0296974670000054,0,null],[119.64162229399994,-4.0297264039999732,0,null],[119.64151292400004,-4.029775777999987,0,null],[119.64144040600002,-4.0298082940000199,0,null],[119.641339292,-4.0298337300000071,0,null],[119.641255355,-4.0298292219999894,0,null],[119.641230931,-4.029826909999997,0,null],[119.64120471299998,-4.029818626000008,0,null],[119.64118200799999,-4.0297923979999837,0,null],[119.64116282400005,-4.0297506160000012,0,null],[119.64113640100004,-4.0296789679999847,0,null],[119.64111331799995,-4.0295355760000007,0,null],[119.64110833999996,-4.029468640999994,0,null],[119.64110221700003,-4.0294160560000023,0,null],[119.64109005800003,-4.0293371889999889,0,null],[119.64108864299999,-4.029267850999986,0,null],[119.64111212199998,-4.0291649559999883,0,null],[119.64113328500002,-4.0290823939999996,0,null],[119.64115671699994,-4.0289651530000015,0,null],[119.64121436999994,-4.0287533509999776,0,null],[119.64124965400003,-4.0286193329999946,0,null],[119.64133724299995,-4.0284612340000194,0,null],[119.64139174100001,-4.0283785629999898,0,null],[119.64147117100003,-4.0282742910000024,0,null],[119.64156490899995,-4.0281771460000186,0,null],[119.64171573600004,-4.0280618809999851,0,null],[119.64190824499997,-4.0279512629999772,0,null],[119.64203661700003,-4.0278874809999934,0,null],[119.642123363,-4.0278369850000217,0,null],[119.64221479399998,-4.0277625630000102,0,null],[119.64225034399999,-4.0277110380000067,0,null],[119.64228231499999,-4.0276571339999805,0,null],[119.64230948099998,-4.0275900940000042,0,null],[119.64233188399999,-4.0275230699999724,0,null],[119.64236359200004,-4.0273878680000053,0,null],[119.64239768100003,-4.0272526589999984,0,null],[119.64242830700005,-4.0271509369999876,0,null],[119.642436363,-4.0270648299999721,0,null],[119.64245407400006,-4.0270193420000169,0,null],[119.64248856100005,-4.0270072740000273,0,null],[119.64253380399998,-4.0270083219999719,0,null],[119.64259952099997,-4.0270321869999748,0,null],[119.64264472699995,-4.027071325999998,0,null],[119.64265193999995,-4.027092821999986,0,null],[119.64268188000005,-4.0271477200000163,0,null],[119.64271300400003,-4.027200224000012,0,null],[119.64275356200005,-4.0272251979999965,0,null],[119.64281431400002,-4.0272357609999858,0,null],[119.64290480099999,-4.0272378569999887,0,null],[119.64294770200001,-4.0272508689999995,0,null],[119.642999003,-4.0272841770000127,0,null],[119.64305865200004,-4.0273222409999789,0,null],[119.64309795899999,-4.0273280910000153,0,null],[119.64318843900003,-4.0273277960000087,0,null],[119.64322059000006,-4.0273300829999812,0,null],[119.64324803,-4.0273479269999939,0,null],[119.643276722,-4.0273848950000115,0,null],[119.64331367099999,-4.0273979259999919,0,null],[119.64337200700004,-4.0273977360000117,0,null],[119.64343271899997,-4.0273963430000208,0,null],[119.64351443299995,-4.0273930179999979,0,null],[119.64360770300004,-4.0273885999999948,0,null],[119.64366250900002,-4.0274015730000201,0,null],[119.64377734899995,-4.0274376350000125,0,null],[119.64383296999995,-4.0274679689999857,0,null],[119.64388898200002,-4.0274857200000156,0,null],[119.64396874700003,-4.0274854599999799,0,null],[119.64400798400004,-4.0274697899999978,0,null],[119.64403887599997,-4.027450559999977,0,null],[119.64405905700005,-4.0274325610000119,0,null],[119.64407206500005,-4.0274081119999892,0,null],[119.64412420300005,-4.0273295310000208,0,null],[119.64414669200005,-4.0272888090000265,0,null],[119.64417991799996,-4.0272552249999762,0,null],[119.64422032599998,-4.0272335729999895,0,null],[119.64425480499995,-4.0272191139999904,0,null],[119.64427856500004,-4.0272034949999806,0,null],[119.64429635700003,-4.0271831119999888,0,null],[119.64434610199999,-4.0271042749999992,0,null],[119.64435145899995,-4.0270907949999923,0,null],[119.64437311400002,-4.0270132530000069,0,null],[119.64437389299997,-4.026959689000023,0,null],[119.64437461399996,-4.0268879530000277,0,null],[119.64438949500004,-4.0267769569999814,0,null],[119.64439121700002,-4.0267205210000157,0,null],[119.64440055600005,-4.026663104000022,0,null],[119.64442234099999,-4.0266257320000136,0,null],[119.64446699600001,-4.0265921110000136,0,null],[119.64454401499995,-4.0265526460000274,0,null],[119.64459818900002,-4.0265170810000086,0,null],[119.64463139700001,-4.0264777579999986,0,null],[119.64467692400001,-4.0264192669999943,0,null],[119.644726311,-4.0263760660000116,0,null],[119.64481663900006,-4.0263289060000034,0,null],[119.64488421399994,-4.0263143390000096,0,null],[119.64496135299999,-4.0263121749999868,0,null],[119.64502609600004,-4.0263052689999768,0,null],[119.645068917,-4.0262936519999926,0,null],[119.64512791699997,-4.0262781569999788,0,null],[119.64517641899999,-4.0262560009999788,0,null],[119.64519919400004,-4.0262301019999995,0,null],[119.645204788,-4.0261927829999991,0,null],[119.64520369700006,-4.0261497459999873,0,null],[119.64518257700001,-4.0260981669999865,0,null],[119.64511651400005,-4.0259912600000121,0,null],[119.64507823500003,-4.0259349550000252,0,null],[119.64504761000001,-4.0258891450000078,0,null],[119.644984454,-4.0257975320000128,0,null],[119.644982422,-4.0257583250000266,0,null],[119.645009974,-4.0257371929999977,0,null],[119.64504131499996,-4.0257093540000142,0,null],[119.64507356399997,-4.0256681220000132,0,null],[119.645088719,-4.0256422489999864,0,null],[119.64511814499997,-4.0256115459999933,0,null],[119.645150468,-4.0255932690000122,0,null],[119.64526080300004,-4.0255479560000254,0,null],[119.64530927099997,-4.0255152789999897,0,null],[119.64535011999999,-4.0254826269999739,0,null],[119.64537196399999,-4.0254634269999769,0,null],[119.64540716900001,-4.02545279200001,0,null],[119.64542810600005,-4.0254479409999817,0,null],[119.64545760299995,-4.0254392370000005,0,null],[119.64546995700005,-4.0254305889999955,0,null],[119.64549784300004,-4.0254098170000248,0,null],[119.64550435299998,-4.0253905449999934,0,null],[119.64547775000005,-4.0253368319999936,0,null],[119.64543318899996,-4.0252523319999796,0,null],[119.64542094900003,-4.0252222440000196,0,null],[119.64541658600001,-4.0251985859999877,0,null],[119.645426466,-4.0251612519999753,0,null],[119.64544131800005,-4.0251152949999778,0,null],[119.64544833599996,-4.0250765359999718,0,null],[119.64544254999998,-4.0250543170000128,0,null],[119.64542391800001,-4.0250357269999881,0,null],[119.64541668200002,-4.0250070569999821,0,null],[119.64540764000003,-4.0248614679999832,0,null],[119.64543446899995,-4.0247638230000007,0,null],[119.64544342099998,-4.0246604980000029,0,null],[119.64544107200004,-4.0245966630000112,0,null],[119.64545453699998,-4.0245636220000165,0,null],[119.64549295999996,-4.0245168700000136,0,null],[119.64554575800003,-4.0244980479999981,0,null],[119.64565570399998,-4.0244797560000052,0,null],[119.645789648,-4.0244598369999949,0,null],[119.64579989599997,-4.0244564210000249,0,null],[119.64594706299999,-4.024446925999996,0,null],[119.64599281599999,-4.0244657459999758,0,null],[119.64605573999995,-4.02448562699999,0,null],[119.64612074199999,-4.0244854150000151,0,null],[119.64616571800002,-4.0244773779999718,0,null],[119.64619286200002,-4.0244772890000036,0,null],[119.64621641799999,-4.0244721909999726,0,null],[119.64627072200005,-4.0244514739999886,0,null],[119.64636751299997,-4.024366987999997,0,null],[119.64641167499997,-4.0243281080000202,0,null],[119.64648013199997,-4.0242920189999722,0,null],[119.64653006399999,-4.0242703359999723,0,null],[119.64656855800001,-4.0242458210000223,0,null],[119.64660129599997,-4.0242084129999967,0,null],[119.64663253499998,-4.0241494900000134,0,null],[119.64665954899999,-4.0241092320000007,0,null],[119.646716481,-4.0240430520000245,0,null],[119.64676775299995,-4.0239941059999751,0,null],[119.64680341300004,-4.0239767740000048,0,null],[119.64687340099999,-4.0239722420000135,0,null],[119.64697196199995,-4.0239676169999825,0,null],[119.647029051,-4.0239502150000135,0,null],[119.64712319099999,-4.0239039990000265,0,null],[119.64718308600004,-4.0238708059999908,0,null],[119.64723015699997,-4.0238476979999973,0,null],[119.64727584000002,-4.0238375069999961,0,null],[119.64731877199995,-4.0238603220000186,0,null],[119.64736880199996,-4.023868766000021,0,null],[119.64742302399998,-4.0238485049999895,0,null],[119.64746866999997,-4.023826836000012,0,null],[119.64753711900005,-4.0237878770000179,0,null],[119.64755556499995,-4.0237490810000054,0,null],[119.64755684099998,-4.0237017329999958,0,null],[119.647572384,-4.0236485990000119,0,null],[119.64763646799997,-4.0235852650000083,0,null],[119.64768927600005,-4.0235693120000064,0,null],[119.64774063200002,-4.0235461899999905,0,null],[119.64778622200004,-4.0235073050000096,0,null],[119.64780607,-4.0234598970000093,0,null],[119.64783297700001,-4.0233866410000019,0,null],[119.64785416999996,-4.0233134040000209,0,null],[119.64787396600002,-4.0232502150000187,0,null],[119.64789380900004,-4.0232013710000274,0,null],[119.64794784599997,-4.0231237230000261,0,null],[119.64799627499997,-4.0230790909999996,0,null],[119.64809899199997,-4.023034282000026,0,null],[119.64816885000005,-4.0229895800000008,0,null],[119.64820156899998,-4.0229464330000155,0,null],[119.64822429200001,-4.0229047540000238,0,null],[119.64827559299999,-4.022864654999978,0,null],[119.64834448099998,-4.0228142170000183,0,null],[119.64841700900001,-4.0227852880000228,0,null],[119.64849428000002,-4.022750364999979,0,null],[119.64846658500005,-4.0226536150000243,0,null],[119.64845030499998,-4.0224049930000092,0,null],[119.64842120000003,-4.022240102000012,0,null],[119.64840549200005,-4.0221684200000141,0,null],[119.64841243399997,-4.0221062279999842,0,null],[119.64843491800002,-4.0220643110000083,0,null],[119.64846218800005,-4.0220295510000028,0,null],[119.64850494999996,-4.0219995229999768,0,null],[119.64856231299996,-4.0219742310000015,0,null],[119.64863691799997,-4.0219439379999926,0,null],[119.64865964600006,-4.0219036930000129,0,null],[119.64866095900004,-4.0218678219999902,0,null],[119.64862127200001,-4.0218297499999949,0,null],[119.64858507500003,-4.0218164219999721,0,null],[119.64855071900001,-4.0217950140000198,0,null],[119.64853059799998,-4.0217577779999942,0,null],[119.648543335,-4.0217204350000202,0,null],[119.64857611900004,-4.0216973739999844,0,null],[119.64862173300003,-4.0216656630000216,0,null],[119.64865728100006,-4.0216138989999877,0,null],[119.64869564900005,-4.0215506490000053,0,null],[119.64871688799997,-4.0214917580000247,0,null],[119.64871676300004,-4.0214530229999923,0,null],[119.64870096100003,-4.0214258159999758,0,null],[119.64867231899996,-4.0214043889999971,0,null],[119.64865502700002,-4.0213585359999797,0,null],[119.64866488400003,-4.0213140289999956,0,null],[119.64869761700004,-4.0212751870000147,0,null],[119.64873898600001,-4.0212564010000165,0,null],[119.64877036899998,-4.0212419530000147,0,null],[119.64882030599995,-4.0212217050000163,0,null],[119.64884170200003,-4.021211591999986,0,null],[119.64886904000002,-4.0211805370000206,0,null],[119.64886481300005,-4.0211057110000183,0,null],[119.64885894099996,-4.0210569509999914,0,null],[119.64884304600002,-4.0210010509999847,0,null],[119.64884286999995,-4.0209465340000179,0,null],[119.64886129299998,-4.0209005649999767,0,null],[119.64889404899998,-4.0208688960000245,0,null],[119.64896457899999,-4.0208455889999755,0,null],[119.64903815299999,-4.0208110400000123,0,null],[119.64909803900002,-4.0207749780000199,0,null],[119.64915363399996,-4.0207374959999811,0,null],[119.64918636200002,-4.0206972189999988,0,null],[119.649214777,-4.0206483470000194,0,null],[119.649230311,-4.0205923450000114,0,null],[119.64924017700002,-4.0205507079999734,0,null],[119.64926854500004,-4.0204874899999936,0,null],[119.64929558200004,-4.0204544050000095,0,null],[119.64929979800002,-4.0204328710000254,0,null],[119.64929833799999,-4.020373893999988,0,null],[119.64930280800002,-4.0202957309999761,0,null],[119.64928595499998,-4.0202383999999824,0,null],[119.64926437099996,-4.020190647999982,0,null],[119.649251091,-4.0201333050000017,0,null],[119.64925326699995,-4.020069933000002,0,null],[119.64928641899996,-4.0200136340000086,0,null],[119.64931010999999,-4.0199764949999803,0,null],[119.649319526,-4.0199429890000147,0,null],[119.64931818900004,-4.0198975619999828,0,null],[119.64928934600005,-4.019813967999994,0,null],[119.649302229,-4.0197481700000139,0,null],[119.64932822699996,-4.0196883080000134,0,null],[119.64935780400003,-4.0196308249999788,0,null],[119.64938741599997,-4.0195841020000103,0,null],[119.64941469400003,-4.0195517330000143,0,null],[119.64943836099997,-4.0195074210000143,0,null],[119.64946198999996,-4.0194511529999772,0,null],[119.64951767299999,-4.0193672830000082,0,null],[119.64956028799998,-4.0192918239999926,0,null],[119.64959579799995,-4.0192283439999983,0,null],[119.64960158899999,-4.0191781120000201,0,null],[119.64959195599999,-4.019144668000024,0,null],[119.64957758200001,-4.0191172169999732,0,null],[119.64956081800005,-4.0190873829999987,0,null],[119.64952735600002,-4.0190480389999834,0,null],[119.64949513199997,-4.0190230370000108,0,null],[119.64946411300002,-4.0190028139999754,0,null],[119.64944258000003,-4.0189706040000033,0,null],[119.64939960599997,-4.0189348779999818,0,null],[119.649355399,-4.0188860040000236,0,null],[119.64932191299999,-4.018855880999979,0,null],[119.64926951999996,-4.0189027870000018,0,null],[119.64917641399995,-4.0188265749999914,0,null],[119.64906199400002,-4.0187862989999985,0,null],[119.64891671400005,-4.0187748170000077,0,null],[119.64880238700005,-4.0187632330000156,0,null],[119.64864991000002,-4.018735036999999,0,null],[119.64857364900001,-4.0187137649999727,0,null],[119.64849032100005,-4.0187164270000153,0,null],[119.64841180200006,-4.018733420999979,0,null],[119.64834276099998,-4.0187360369999965,0,null],[119.64831171499998,-4.0187074439999719,0,null],[119.64826626000001,-4.0186406409999904,0,null],[119.64811629099995,-4.0180217719999973,0,null],[119.64807481399998,-4.0179735479999863,0,null],[119.64756268600001,-4.0179094590000091,0,null],[119.64657661499996,-4.0177938819999781,0,null],[119.64612630700003,-4.0177254079999898,0,null],[119.64596463199996,-4.0176738220000061,0,null],[119.645886464,-4.0176291550000087,0,null],[119.64554864299998,-4.0172741700000074,0,null],[119.64537444400003,-4.017155181000021,0,null],[119.64461663199995,-4.0169555950000131,0,null],[119.644491948,-4.0170552309999721,0,null],[119.64443727399998,-4.0170829069999741,0,null],[119.64386595099995,-4.0171218250000038,0,null],[119.64371247899999,-4.0171546039999839,0,null],[119.64356756100005,-4.0172555010000224,0,null],[119.64339280700005,-4.0173337800000013,0,null],[119.64299903400001,-4.0174235310000199,0,null],[119.64229776399998,-4.0174066789999756,0,null],[119.64221915200005,-4.0173949790000165,0,null],[119.64213695299998,-4.0173785079999789,0,null],[119.64205469299998,-4.0173429079999892,0,null],[119.64184821100002,-4.0171809820000135,0,null],[119.64150919899998,-4.0168999300000223,0,null],[119.64137916799996,-4.0168178590000139,0,null],[119.64127072799999,-4.0167859310000154,0,null],[119.64109918700001,-4.016753011999981,0,null],[119.64075832900005,-4.0166381480000268,0,null],[119.64063080999995,-4.0165967170000272,0,null],[119.64013053899998,-4.0165182370000139,0,null],[119.63983166399998,-4.0165012730000171,0,null],[119.63971376100005,-4.0164885049999839,0,null],[119.63940514599994,-4.0164046209999924,0,null],[119.63929797399999,-4.0163965990000179,0,null],[119.63911826799995,-4.0164163110000004,0,null],[119.63901832299996,-4.0164345680000224,0,null],[119.63886614499995,-4.0164996220000262,0,null],[119.63874727899997,-4.0165573940000172,0,null],[119.63862239499997,-4.0165948619999767,0,null],[119.63851527899999,-4.0166047729999832,0,null],[119.63789927799996,-4.0164489559999765,0,null],[119.637638595,-4.0164617560000124,0,null],[119.63710605300002,-4.016343925000001,0,null],[119.63691042899995,-4.0162261980000267,0,null],[119.63671109899997,-4.0160666379999839,0,null],[119.63650276199996,-4.015786941999977,0,null],[119.63643738099995,-4.0157279840000228,0,null],[119.63627037200001,-4.0156233150000276,0,null],[119.63613569100005,-4.0155759290000219,0,null],[119.63599753100004,-4.0155616349999832,0,null],[119.63594435799996,-4.0155557990000261,0,null],[119.635944322,-4.0155559980000248,0,null],[119.63594455600003,-4.0156286879999925,0,null],[119.63601791500002,-4.0159326020000208,0,null],[119.63612025899999,-4.0163645869999982,0,null],[119.63612060900005,-4.0164736209999887,0,null],[119.63612092200003,-4.0165711779999924,0,null],[119.63609454300001,-4.0166611700000203,0,null],[119.63601510000001,-4.0168355019999922,0,null],[119.63590326200006,-4.0170061129999795,0,null],[119.63579513599996,-4.0171461049999948,0,null],[119.63565652,-4.0172823699999753,0,null],[119.63550070600002,-4.0174014749999856,0,null],[119.63528979199998,-4.0175647550000235,0,null],[119.635084667,-4.0177509709999981,0,null],[119.63498945599997,-4.0178688999999963,0,null],[119.63497948199995,-4.0178824500000019,0,null],[119.63491029800002,-4.017840829000022,0,null],[119.63487926799996,-4.0178170180000166,0,null],[119.63485544599996,-4.0178135080000175,0,null],[119.63482806399998,-4.0178135969999857,0,null],[119.63479594299997,-4.017820874999984,0,null],[119.63476136400004,-4.0178042489999939,0,null],[119.63474342200004,-4.0177780039999789,0,null],[119.63470409700005,-4.0177661760000092,0,null],[119.63466957599996,-4.0177674830000001,0,null],[119.63460892099999,-4.017786808999972,0,null],[119.63454100800004,-4.0177702909999766,0,null],[119.63447299500001,-4.0177226879999921,0,null],[119.63441921799995,-4.017659497000011,0,null],[119.63436185099999,-4.0175903400000266,0,null],[119.634323666,-4.0175629660000141,0,null],[119.63423898999997,-4.017516612999998,0,null],[119.63417818100004,-4.0174881159999813,0,null],[119.63400417800005,-4.0174300959999982,0,null],[119.63363587499998,-4.0172961889999783,0,null],[119.63338470300005,-4.0170901050000225,0,null],[119.63334051300001,-4.0170759650000036,0,null],[119.63316424599998,-4.0170544169999971,0,null],[119.63316564000002,-4.0171149959999752,0,null],[119.63315675700005,-4.0175033770000255,0,null],[119.63313567700004,-4.0176122419999842,0,null],[119.63310718000002,-4.0177101319999906,0,null],[119.63305612099998,-4.0178260280000018,0,null],[119.63263320399994,-4.0184070079999969,0,null],[119.63222962400005,-4.0189396900000247,0,null],[119.63222129400003,-4.0189501240000141,0,null],[119.63206400900003,-4.0191953579999904,0,null],[119.632023527,-4.0192844289999812,0,null],[119.63198517199999,-4.0193688190000216,0,null],[119.63196917699997,-4.0194040119999954,0,null],[119.63191701699998,-4.0195695360000059,0,null],[119.63191517899998,-4.0195768329999737,0,null],[119.63188449999996,-4.0196986170000173,0,null],[119.631874864,-4.0197747120000145,0,null],[119.63186865,-4.0198904810000045,0,null],[119.631870951,-4.0200330889999805,0,null],[119.63187129799996,-4.0200545810000108,0,null],[119.63187275999996,-4.0201451140000017,0,null],[119.63187703999995,-4.0204526609999789,0,null],[119.63187119600002,-4.0206841759999747,0,null],[119.63186720399995,-4.0207364099999836,0,null],[119.63185855500001,-4.0208495719999746,0,null],[119.63184921699997,-4.0210182640000198,0,null],[119.63184861900004,-4.0210336879999886,0,null],[119.63184048999995,-4.0212436919999845,0,null],[119.63184044299999,-4.0212449090000177,0,null],[119.63183705200004,-4.0213324779999766,0,null],[119.631835389,-4.0213749380000081,0,null],[119.63181927100004,-4.0216603090000262,0,null],[119.63182402999996,-4.0217055179999761,0,null],[119.63184495899998,-4.0217636570000082,0,null],[119.63185517399995,-4.0217778479999993,0,null],[119.63190658300005,-4.0218492660000038,0,null],[119.63200223700005,-4.0219492040000091,0,null],[119.63201370399997,-4.0219546139999807,0,null],[119.63201676599999,-4.0219577409999943,0,null],[119.63215906000005,-4.0220630759999949,0,null],[119.63224426500005,-4.0221134980000102,0,null],[119.63252267799999,-4.0222400490000041,0,null],[119.63266801300006,-4.022315773999992,0,null],[119.63276867499997,-4.0223812849999945,0,null],[119.63280936299998,-4.0224112249999848,0,null],[119.63289900400002,-4.0225002359999849,0,null],[119.63293697899996,-4.0225379440000211,0,null],[119.63298282699998,-4.0226073339999857,0,null],[119.63302924899995,-4.022697447999974,0,null],[119.633045692,-4.0227293660000214,0,null],[119.63317042400001,-4.0230988349999848,0,null],[119.63329173499994,-4.0235049350000054,0,null],[119.63339185300003,-4.0238365000000158,0,null],[119.633471859,-4.0241852890000018,0,null],[119.63348821199997,-4.0243257519999815,0,null],[119.63348609800005,-4.0244148489999816,0,null],[119.633469236,-4.0245024189999867,0,null],[119.633430976,-4.0246001009999759,0,null],[119.63335864700002,-4.0247653239999863,0,null],[119.63308762700001,-4.0253415099999756,0,null],[119.632945834,-4.0256748159999916,0,null],[119.63291450400004,-4.0258384950000163,0,null],[119.63291554800003,-4.0259390780000217,0,null],[119.63291521199994,-4.0259490839999899,0,null],[119.632915239,-4.0259505540000191,0,null],[119.63292078400002,-4.0262576169999988,0,null],[119.63292996899997,-4.0268924339999899,0,null],[119.63292545700006,-4.026970160000019,0,null],[119.63290204999998,-4.0270957710000062,0,null],[119.63284581200003,-4.0273781070000041,0,null],[119.63278244599996,-4.0276652489999947,0,null],[119.63268944699996,-4.0279931360000205,0,null],[119.63259567,-4.0284489520000193,0,null],[119.63247471399995,-4.0289682210000137,0,null],[119.63241937800001,-4.0291608869999891,0,null],[119.63238046000004,-4.0292757880000067,0,null],[119.63235684899996,-4.0293380339999771,0,null],[119.63232848400003,-4.0294026870000152,0,null],[119.63211900900001,-4.029791925999973,0,null],[119.63205628000003,-4.0299069039999722,0,null],[119.63199953100002,-4.0300302320000014,0,null],[119.63194302299996,-4.030228878999992,0,null],[119.63184498800001,-4.0307286589999762,0,null],[119.63184099399996,-4.0307576960000233,0,null],[119.63183798099999,-4.0307733079999934,0,null],[119.63172155200004,-4.031403886000021,0,null],[119.631646123,-4.0316420490000269,0,null],[119.63107435799998,-4.0330283740000255,0,null],[119.63078656499999,-4.0337201080000114,0,null],[119.63060273899998,-4.0340887009999733,0,null],[119.63038838900002,-4.0345169330000203,0,null],[119.63029186100005,-4.0347102110000037,0,null],[119.63026699900001,-4.0347533319999798,0,null],[119.63023854999994,-4.0347921609999844,0,null],[119.63017273800006,-4.0348585159999857,0,null],[119.63010773899998,-4.0349237880000146,0,null],[119.62952339100002,-4.0354238310000028,0,null],[119.629364861,-4.0355878990000065,0,null],[119.62931838199995,-4.0356473510000228,0,null],[119.62928048799995,-4.0357106000000158,0,null],[119.62924739000005,-4.0357843539999863,0,null],[119.62922479600002,-4.0358666829999947,0,null],[119.62921465199997,-4.0359700129999965,0,null],[119.62920289900001,-4.0361655250000013,0,null],[119.62920376299996,-4.036433929999987,0,null],[119.62919212899999,-4.0366663870000252,0,null],[119.62918192699999,-4.0367515450000155,0,null],[119.62915932700002,-4.0368319610000185,0,null],[119.62912816699998,-4.0369162299999743,0,null],[119.62909315800005,-4.0369880779999789,0,null],[119.62906666799995,-4.0370436380000001,0,null],[119.62899559200002,-4.0371548179999763,0,null],[119.62895765799999,-4.0372056339999745,0,null],[119.62887511300005,-4.037304416999973,0,null],[119.62865485500004,-4.0375722580000115,0,null],[119.62830289999999,-4.0379614469999865,0,null],[119.62826402300004,-4.0380151350000233,0,null],[119.628233733,-4.0380735780000236,0,null],[119.62818890699998,-4.0381978020000133,0,null],[119.62807138599999,-4.0386798530000192,0,null],[119.62801028900003,-4.0389578240000219,0,null],[119.62791573899995,-4.0393879869999978,0,null],[119.62789954100003,-4.0394578899999942,0,null],[119.62787852300005,-4.0395699850000142,0,null],[119.62787169600006,-4.0396682830000259,0,null],[119.62787344799995,-4.039768706000018,0,null],[119.62790103899999,-4.0399070639999763,0,null],[119.62793343600003,-4.0399851490000174,0,null],[119.62808369300001,-4.0402668770000219,0,null],[119.62811641200005,-4.0403302610000082,0,null],[119.62827872900004,-4.0406240670000102,0,null],[119.62838095200004,-4.0408098300000006,0,null],[119.62844767299998,-4.0409310790000177,0,null],[119.62859669900001,-4.0411885500000153,0,null],[119.62861142899999,-4.0412135959999773,0,null],[119.62878243800003,-4.0415258070000277,0,null],[119.62892092300001,-4.0417912529999853,0,null],[119.62900055900002,-4.0419717639999817,0,null],[119.629078832,-4.0421728439999924,0,null],[119.62915480300001,-4.0423983210000074,0,null],[119.62918183099998,-4.0425096600000074,0,null],[119.62921045300004,-4.0426726430000031,0,null],[119.62921537,-4.0427204499999903,0,null],[119.62922132699998,-4.0427955119999979,0,null],[119.62922398800004,-4.0428825409999831,0,null],[119.629216778,-4.043206103999978,0,null],[119.62921581600006,-4.043227021000007,0,null],[119.62921603200004,-4.0432395390000124,0,null],[119.62920873099995,-4.043541590000018,0,null],[119.62921619400004,-4.0435808880000081,0,null],[119.62921603500001,-4.0439411190000101,0,null],[119.62921095599995,-4.0442316659999733,0,null],[119.62922360499999,-4.0442308240000102,0,null],[119.62925877400005,-4.044230959999993,0,null],[119.62984581600006,-4.0441816140000242,0,null],[119.63027989499994,-4.0441070329999889,0,null],[119.63038693500005,-4.0440722519999781,0,null],[119.63043827900003,-4.0440448260000039,0,null],[119.63051460500003,-4.0441495919999966,0,null],[119.63056157400001,-4.0442786109999815,0,null],[119.63056556699996,-4.044295988999977,0,null],[119.63063960299996,-4.0444926690000216,0,null],[119.63068294899995,-4.0446006870000133,0,null],[119.63071028299998,-4.0446594200000163,0,null],[119.63077195699998,-4.0447338230000014,0,null],[119.630905138,-4.0448309480000262,0,null],[119.63102816100002,-4.0448793269999896,0,null],[119.63110823600005,-4.0449005859999829,0,null],[119.63116685800003,-4.0449147420000031,0,null],[119.63121259900004,-4.0449217670000053,0,null],[119.63124692400004,-4.0449331329999723,0,null],[119.63127699500001,-4.0449545550000039,0,null],[119.63131142700001,-4.0449989179999761,0,null],[119.63137220999999,-4.045037509999986,0,null],[119.63137474600001,-4.0450408259999904,0,null],[119.63138854800002,-4.0450478829999952,0,null],[119.63151037299997,-4.0451101759999801,0,null],[119.63167776800003,-4.0451842339999757,0,null],[119.63188238800001,-4.0452825610000218,0,null],[119.63196398000002,-4.0453310739999893,0,null],[119.63200843499999,-4.0453825779999875,0,null],[119.63203004100001,-4.0454370260000019,0,null],[119.63204166499997,-4.0454972449999786,0,null],[119.63205620199994,-4.0455746700000077,0,null],[119.63205794099997,-4.0456707879999954,0,null],[119.632078267,-4.0457711500000073,0,null],[119.632098412,-4.0458155590000047,0,null],[119.63220830700004,-4.0460401149999825,0,null],[119.63239020100002,-4.0463640950000013,0,null],[119.63265232000003,-4.0473063019999813,0,null],[119.63281932400002,-4.0479693720000114,0,null],[119.63283441399994,-4.04806359600002,0,null],[119.63337090300001,-4.0484630860000266,0,null],[119.63457521800001,-4.0493598649999853,0,null],[119.63591537299999,-4.0502610760000266,0,null],[119.63787304499999,-4.051577549000001,0,null],[119.63844219299995,-4.0519602830000281,0,null],[119.63869377599997,-4.0521294640000178,0,null],[119.63903509399995,-4.052529858000014,0,null],[119.63998330200002,-4.0536421850000011,0,null],[119.64013240899999,-4.0537733190000154,0,null],[119.640880928,-4.0544316149999986,0,null],[119.64104897599998,-4.0545794099999739,0,null],[119.64137292800001,-4.0548193800000263,0,null],[119.64179756700003,-4.05515823799999,0,null],[119.64205861999994,-4.0553665549999778,0,null],[119.64245902300001,-4.0556354319999741,0,null],[119.64262632099997,-4.0557233979999978,0,null],[119.64280464199999,-4.0557940780000195,0,null],[119.64303697599996,-4.0558405489999814,0,null],[119.64325579399997,-4.055850415000009,0,null],[119.64347815600001,-4.0558496859999877,0,null],[119.64374064200001,-4.0557794009999952,0,null],[119.64401459299995,-4.0557097980000094,0,null],[119.64432254799999,-4.0556365749999941,0,null],[119.64460541799997,-4.0555369850000034,0,null],[119.64503323700001,-4.0553573469999833,0,null],[119.64540018699995,-4.0551763369999776,0,null],[119.64554871200005,-4.0551030710000191,0,null],[119.64579648699998,-4.0549111990000029,0,null],[119.64612739999995,-4.0546406380000235,0,null],[119.64638295199995,-4.0544035390000204,0,null],[119.64657163000004,-4.0541722199999981,0,null],[119.64669469600005,-4.0540002579999737,0,null],[119.64688510899998,-4.0536786459999803,0,null],[119.64708144300005,-4.0533355239999764,0,null],[119.64724626999998,-4.0529360589999897,0,null],[119.64738260599995,-4.052659991999974,0,null],[119.64748320700005,-4.0525000929999919,0,null],[119.64761989700003,-4.0523328219999826,0,null],[119.64777782199997,-4.0522217299999852,0,null],[119.64795139199998,-4.0520996330000116,0,null],[119.64807507900002,-4.0520513949999781,0,null],[119.64832650599999,-4.051953339000022,0,null],[119.648641441,-4.0518789139999853,0,null],[119.64891656099996,-4.0518013509999946,0,null],[119.64917799499995,-4.0517039370000134,0,null],[119.64936137899997,-4.0515736309999966,0,null],[119.64957776200004,-4.0513706240000147,0,null],[119.64967326399994,-4.0512435620000247,0,null],[119.64975966099996,-4.0510056090000148,0,null],[119.64981417299998,-4.0507401670000149,0,null],[119.64985290000004,-4.0504614339999989,0,null],[119.64985221500001,-4.0502511349999963,0,null],[119.649851861,-4.0501422990000151,0,null],[119.64979684699995,-4.0499288350000029,0,null],[119.64973377499996,-4.0497304130000202,0,null],[119.64968401399994,-4.0496133710000208,0,null],[119.64959051699998,-4.0495200930000124,0,null],[119.64958355399995,-4.0495131470000274,0,null],[119.649543085,-4.0494727729999909,0,null],[119.64953184000001,-4.0494615540000041,0,null],[119.64920620099997,-4.0492740409999897,0,null],[119.649044624,-4.0491043600000012,0,null],[119.64885751400004,-4.0488964219999843,0,null],[119.64870276500005,-4.0487097430000176,0,null],[119.64858388799996,-4.0485558120000178,0,null],[119.64845705699997,-4.0483647699999779,0,null],[119.64827783999999,-4.0480948219999959,0,null],[119.64812715100004,-4.047841625999979,0,null],[119.64802365200001,-4.0476677199999926,0,null],[119.64792149499999,-4.0473489159999758,0,null],[119.64778952799998,-4.0469935780000128,0,null],[119.64774661700005,-4.0468780339999739,0,null],[119.64765243500005,-4.046680044000027,0,null],[119.64754227000003,-4.0464484550000179,0,null],[119.64745667800003,-4.0462823550000167,0,null],[119.64733475000003,-4.0460860019999814,0,null],[119.64723325900002,-4.0459225609999976,0,null],[119.64710724300005,-4.0457196240000144,0,null],[119.64701229599996,-4.0455022699999859,0,null],[119.646914068,-4.0452774060000252,0,null],[119.64682815499998,-4.0450262740000085,0,null],[119.646769027,-4.04483793899999,0,null],[119.64671377499997,-4.0446619510000232,0,null],[119.646641434,-4.0443828009999834,0,null],[119.64657480000005,-4.0441256720000069,0,null],[119.64650783599996,-4.0438895350000053,0,null],[119.64644328400004,-4.0436619000000178,0,null],[119.64637969800003,-4.0434386289999793,0,null],[119.64635800600001,-4.0432110660000262,0,null],[119.64638582199996,-4.0429776029999971,0,null],[119.64641020600004,-4.0428608369999779,0,null],[119.646446008,-4.0427402079999979,0,null],[119.646531149,-4.0425620309999886,0,null],[119.64668644200003,-4.0422822410000094,0,null],[119.64686086999995,-4.0420291689999885,0,null],[119.64696499199999,-4.0418298879999952,0,null],[119.64708979399995,-4.041546373000017,0,null],[119.64714043699996,-4.0413032710000039,0,null],[119.64717604600003,-4.0411233429999811,0,null],[119.64717346400005,-4.0409148470000105,0,null],[119.64718448999997,-4.0407904730000155,0,null],[119.64720509599999,-4.0406832840000106,0,null],[119.647244806,-4.0405932479999933,0,null],[119.64731884399998,-4.0405196199999978,0,null],[119.64735654200001,-4.0405022599999825,0,null]]]},"properties":{"FID":33645,"OBJECTID":114062,"NAMOBJ":"Bumi Harapan","FCODE":"BA03070040","REMARK":"Pemerintah Kota Parepare, Tahun 2010","METADATA":"TASWIL1000020230928_DATA_BATAS_DESAKELURAHAN","SRS_ID":"SRGI 2013","KDBBPS":" ","KDCBPS":" ","KDCPUM":"73.72.04","KDEBPS":" ","KDEPUM":"73.72.04.1006","KDPBPS":" ","KDPKAB":"73.72","KDPPUM":"73","LUASWH":616.33870723999996,"TIPADM":2,"WADMKC":"Bacukiki Barat","WADMKD":"Bumi Harapan","WADMKK":"Kota Parepare","WADMPR":"Sulawesi Selatan","WIADKC":" ","WIADKK":" ","WIADPR":" ","WIADKD":" ","UUPP":"Data dari Pemerintah Daerah","LUAS":616.33870723999996,"SHAPE_AREA":0.00050193043875300001,"SHAPE_LEN":0.125701202894}},{"type":"Feature","id":33692,"geometry":{"type":"Polygon","coordinates":[[[119.63316564000002,-4.0171149959999752,0,null],[119.63310436100005,-4.0171134870000174,0,null],[119.63273044200002,-4.0169509689999927,0,null],[119.63240896599996,-4.01679204200002,0,null],[119.63233081700002,-4.016739092000023,0,null],[119.63227406600004,-4.0166765079999891,0,null],[119.63208394000003,-4.0164170869999793,0,null],[119.63200089099996,-4.0163211120000142,0,null],[119.63181940300001,-4.0161567100000184,0,null],[119.63159145700001,-4.0159834919999753,0,null],[119.63144411999997,-4.0158877250000273,0,null],[119.631368974,-4.015843134000022,0,null],[119.63128671499999,-4.0158081299999822,0,null],[119.631151467,-4.015769712000008,0,null],[119.63098768299994,-4.0157427429999757,0,null],[119.63088227100002,-4.0157269430000042,0,null],[119.630798282,-4.0157092809999995,0,null],[119.63067374599996,-4.015670230000012,0,null],[119.63055218900001,-4.0156317660000127,0,null],[119.63034121700002,-4.0155541380000273,0,null],[119.630293499,-4.0155238049999866,0,null],[119.63025246699999,-4.0154792260000249,0,null],[119.63025103300004,-4.0154898420000222,0,null],[119.630245425,-4.0155103710000049,0,null],[119.63024349399996,-4.0155174409999859,0,null],[119.63023485300005,-4.0155490739999777,0,null],[119.63021848300002,-4.0156090020000192,0,null],[119.63019671999996,-4.0156592210000213,0,null],[119.63001941499999,-4.0161684479999735,0,null],[119.62998214799995,-4.0162821920000056,0,null],[119.62987604900002,-4.0166060120000111,0,null],[119.62984024599996,-4.0167275979999886,0,null],[119.62982245700005,-4.0168233009999881,0,null],[119.62979506900001,-4.0170153870000149,0,null],[119.62979489999998,-4.0170225040000105,0,null],[119.62978805099999,-4.0170646089999877,0,null],[119.62977229299997,-4.0171614750000231,0,null],[119.62975334600003,-4.0172554249999735,0,null],[119.62974960199995,-4.0172739910000246,0,null],[119.62972054199997,-4.0173773889999893,0,null],[119.62971052900002,-4.0174130149999883,0,null],[119.62964854200004,-4.0175951059999875,0,null],[119.62959955899998,-4.0177242419999857,0,null],[119.62950776399998,-4.017853515000013,0,null],[119.62943235099999,-4.017956278999975,0,null],[119.62936682700001,-4.018062317999977,0,null],[119.62931110800002,-4.0181451760000186,0,null],[119.62923253999998,-4.0182909420000215,0,null],[119.629167069,-4.0184135160000096,0,null],[119.629095001,-4.0185328059999961,0,null],[119.62906468300002,-4.0185839229999942,0,null],[119.62902621600006,-4.0186487760000205,0,null],[119.62890814000002,-4.0187979780000092,0,null],[119.628835998,-4.0188941170000021,0,null],[119.62879339899996,-4.0189603970000007,0,null],[119.62878043900002,-4.0190265809999914,0,null],[119.62878069299995,-4.0191059509999718,0,null],[119.62878113600004,-4.0191162350000127,0,null],[119.62875649600005,-4.0191320459999815,0,null],[119.62828073200001,-4.0193010319999871,0,null],[119.62815187399997,-4.0193511609999746,0,null],[119.62792004000005,-4.0192634379999959,0,null],[119.627743151,-4.0192003039999804,0,null],[119.62763157999996,-4.0191565569999739,0,null],[119.62745109299999,-4.0190857869999945,0,null],[119.627295731,-4.0190270609999743,0,null],[119.62714438299997,-4.0189704599999914,0,null],[119.62702956199996,-4.0189288110000234,0,null],[119.62684139600003,-4.0188664980000226,0,null],[119.62675934399999,-4.0190293869999891,0,null],[119.62663821800004,-4.0189771729999961,0,null],[119.62652809999997,-4.0189649060000079,0,null],[119.62636590399995,-4.0189400109999838,0,null],[119.62630794699999,-4.0192085510000197,0,null],[119.62605646600002,-4.0190259190000006,0,null],[119.62604021000004,-4.0190164859999982,0,null],[119.62568679599997,-4.0192945219999956,0,null],[119.62572191899994,-4.0193368640000244,0,null],[119.62536743999999,-4.0195317779999868,0,null],[119.62531363599999,-4.0195484129999954,0,null],[119.62524995199999,-4.0195177919999878,0,null],[119.625159747,-4.0196041649999756,0,null],[119.62511131799999,-4.0196103949999724,0,null],[119.62506419600004,-4.0196177199999852,0,null],[119.62504705200001,-4.019617774999972,0,null],[119.62502989699999,-4.0196142440000244,0,null],[119.62501202600004,-4.0196099980000213,0,null],[119.624985584,-4.0196064959999944,0,null],[119.62493197900005,-4.0195966269999985,0,null],[119.62488126200003,-4.01959678999998,0,null],[119.62482051999996,-4.0195890950000148,0,null],[119.62475203199995,-4.0195643640000185,0,null],[119.62465297400001,-4.0195780799999739,0,null],[119.62459440199996,-4.0193674050000254,0,null],[119.62459072199999,-4.0193583729999887,0,null],[119.62349821199996,-4.0196677900000282,0,null],[119.62349627900005,-4.0196608539999943,0,null],[119.623488307,-4.0196315570000252,0,null],[119.62304148099997,-4.019770823999977,0,null],[119.62267931899999,-4.019909924999979,0,null],[119.62268610399997,-4.0199259980000193,0,null],[119.62271436000003,-4.0199929369999836,0,null],[119.62256580099995,-4.0200451779999753,0,null],[119.62261386700004,-4.020151769999984,0,null],[119.62266491000003,-4.0202837780000209,0,null],[119.62269556800004,-4.0203729230000249,0,null],[119.62274315800005,-4.0204800889999888,0,null],[119.62279638200005,-4.0205906260000006,0,null],[119.62284621499998,-4.0206955250000078,0,null],[119.62288594400002,-4.0208072350000066,0,null],[119.62293480699998,-4.0209607140000116,0,null],[119.62297000800004,-4.0210634009999922,0,null],[119.62300408700003,-4.0211672209999847,0,null],[119.62303248499995,-4.0212529849999896,0,null],[119.62306540700001,-4.0213466420000259,0,null],[119.62310622899997,-4.0214481809999825,0,null],[119.62313700300001,-4.0215734760000146,0,null],[119.62316668400001,-4.0217089419999752,0,null],[119.62319401499997,-4.0218127840000193,0,null],[119.62323911999999,-4.0219533960000149,0,null],[119.62327734500002,-4.0220870260000083,0,null],[119.62331112499999,-4.0222266449999893,0,null],[119.62331929599998,-4.0222604090000118,0,null],[119.62334315199996,-4.0224031239999931,0,null],[119.62336875999995,-4.0225313720000031,0,null],[119.62339616899999,-4.0226596150000091,0,null],[119.62344342799997,-4.022804060999988,0,null],[119.62351950200002,-4.0229538369999887,0,null],[119.62358831899996,-4.0230855610000162,0,null],[119.62365530800002,-4.0232082530000071,0,null],[119.62371325000004,-4.0233165149999763,0,null],[119.62375858799999,-4.0234230099999877,0,null],[119.623783291,-4.0235494539999763,0,null],[119.62380659799999,-4.023668750000013,0,null],[119.62380799499999,-4.0236758980000218,0,null],[119.62384799100005,-4.0238004849999811,0,null],[119.62388987400004,-4.0239521789999912,0,null],[119.62391561000004,-4.0241201910000086,0,null],[119.62393948299996,-4.0242683280000051,0,null],[119.62394363999999,-4.0243005720000156,0,null],[119.62400413800003,-4.0242837310000255,0,null],[119.62401064100004,-4.0242827069999976,0,null],[119.62479341400001,-4.0241055100000267,0,null],[119.62585642199997,-4.0239692869999999,0,null],[119.62561465299996,-4.0230621690000135,0,null],[119.62561195199999,-4.0230532880000283,0,null],[119.62560899200002,-4.0230415579999885,0,null],[119.62533173199995,-4.0220320770000058,0,null],[119.62527410500002,-4.0218365040000208,0,null],[119.62526578899997,-4.0218082800000161,0,null],[119.62526031799996,-4.0217924759999732,0,null],[119.62608774600005,-4.0217927929999746,0,null],[119.62677170699999,-4.021791181000026,0,null],[119.62743428199997,-4.0218033859999878,0,null],[119.62778609999998,-4.0218076290000226,0,null],[119.62799094399998,-4.0218296830000213,0,null],[119.62823041299998,-4.0218655869999793,0,null],[119.62860553999997,-4.0219161680000184,0,null],[119.62882940500003,-4.0219297909999909,0,null],[119.62920559999998,-4.0219249880000234,0,null],[119.62942404399996,-4.0219189009999923,0,null],[119.629488348,-4.0219234749999941,0,null],[119.62953241499997,-4.0219287130000225,0,null],[119.62999662899995,-4.0220844290000173,0,null],[119.63006573099995,-4.0221003450000126,0,null],[119.63011040100002,-4.0221079720000148,0,null],[119.63017647300001,-4.0221071600000187,0,null],[119.63024788999996,-4.0221021469999982,0,null],[119.63029785100002,-4.0220894319999729,0,null],[119.63033174099996,-4.022076769000023,0,null],[119.63044999800002,-4.022032954999986,0,null],[119.63047498000003,-4.0220161130000065,0,null],[119.63057213800005,-4.0219506120000119,0,null],[119.63064230299995,-4.0218835800000079,0,null],[119.63073097400002,-4.0217988690000084,0,null],[119.630811806,-4.0217216460000031,0,null],[119.63100212899997,-4.0215093749999937,0,null],[119.63104999300003,-4.0214604359999839,0,null],[119.63127001700002,-4.0212354689999756,0,null],[119.63128441699996,-4.0212207449999937,0,null],[119.63149642099995,-4.0210295360000146,0,null],[119.63149785500002,-4.0210282419999999,0,null],[119.63162593699997,-4.0209186929999987,0,null],[119.63177707199998,-4.0208090689999949,0,null],[119.63183821500002,-4.0207597790000023,0,null],[119.63186720399995,-4.0207364099999836,0,null],[119.63187119600002,-4.0206841759999747,0,null],[119.63187703999995,-4.0204526609999789,0,null],[119.63187275999996,-4.0201451140000017,0,null],[119.63187129799996,-4.0200545810000108,0,null],[119.631870951,-4.0200330889999805,0,null],[119.63186865,-4.0198904810000045,0,null],[119.631874864,-4.0197747120000145,0,null],[119.63188449999996,-4.0196986170000173,0,null],[119.63191517899998,-4.0195768329999737,0,null],[119.63191701699998,-4.0195695360000059,0,null],[119.63196917699997,-4.0194040119999954,0,null],[119.63198517199999,-4.0193688190000216,0,null],[119.632023527,-4.0192844289999812,0,null],[119.63206400900003,-4.0191953579999904,0,null],[119.63222129400003,-4.0189501240000141,0,null],[119.63222962400005,-4.0189396900000247,0,null],[119.63263320399994,-4.0184070079999969,0,null],[119.63305612099998,-4.0178260280000018,0,null],[119.63310718000002,-4.0177101319999906,0,null],[119.63313567700004,-4.0176122419999842,0,null],[119.63315675700005,-4.0175033770000255,0,null],[119.63316564000002,-4.0171149959999752,0,null]]]},"properties":{"FID":33692,"OBJECTID":113927,"NAMOBJ":"Kampung Baru","FCODE":"BA03070040","REMARK":"Pemerintah Kota Parepare, Tahun 2010","METADATA":"TASWIL1000020230928_DATA_BATAS_DESAKELURAHAN","SRS_ID":"SRGI 2013","KDBBPS":" ","KDCBPS":" ","KDCPUM":"73.72.04","KDEBPS":" ","KDEPUM":"73.72.04.1001","KDPBPS":" ","KDPKAB":"73.72","KDPPUM":"73","LUASWH":45.818731669999998,"TIPADM":2,"WADMKC":"Bacukiki Barat","WADMKD":"Kampung Baru","WADMKK":"Kota Parepare","WADMPR":"Sulawesi Selatan","WIADKC":" ","WIADKK":" ","WIADPR":" ","WIADKD":" ","UUPP":"Data dari Pemerintah Daerah","LUAS":45.818731669999998,"SHAPE_AREA":3.7312902348800001e-05,"SHAPE_LEN":0.0347188941461}},{"type":"Feature","id":33694,"geometry":{"type":"Polygon","coordinates":[[[119.62631477800005,-4.0037445059999754,0,null],[119.62630919799994,-4.0037643420000109,0,null],[119.62629861699997,-4.0038143429999877,0,null],[119.62629569700005,-4.0038667279999913,0,null],[119.62626919499996,-4.0039938250000091,0,null],[119.62623357500001,-4.0040752580000003,0,null],[119.626178095,-4.0041008040000179,0,null],[119.62591091000002,-4.0041487670000038,0,null],[119.62573111799998,-4.0041805419999719,0,null],[119.62555132600005,-4.0042123169999968,0,null],[119.625407634,-4.0042339180000113,0,null],[119.62530978200004,-4.0042581089999771,0,null],[119.62524018700003,-4.0042766249999886,0,null],[119.62515617400004,-4.0043087340000056,0,null],[119.62505989600004,-4.0043521609999857,0,null],[119.62499999299996,-4.0043791759999863,0,null],[119.62496361700005,-4.0043955880000226,0,null],[119.62490066999999,-4.0044076560000121,0,null],[119.62483965399997,-4.0044098230000031,0,null],[119.62479827100003,-4.0043941490000066,0,null],[119.62473701500005,-4.004321224000023,0,null],[119.62470150399997,-4.0042956450000133,0,null],[119.62467989100003,-4.0042674559999796,0,null],[119.62467581199996,-4.0042621360000226,0,null],[119.62463622600001,-4.0041950699999802,0,null],[119.62461047299996,-4.004141795999999,0,null],[119.62457681599994,-4.0040826189999734,0,null],[119.62453371599997,-4.0039970369999764,0,null],[119.62452017199996,-4.0039790260000245,0,null],[119.62448860500001,-4.0039370480000116,0,null],[119.62448538399997,-4.0039327650000018,0,null],[119.62440084100001,-4.0038323690000084,0,null],[119.62432845800004,-4.0037722050000184,0,null],[119.624256081,-4.0037140460000273,0,null],[119.62418370399996,-4.0036558969999874,0,null],[119.62408723199997,-4.0035877490000189,0,null],[119.62399075999997,-4.0035196100000121,0,null],[119.62395238500005,-4.0034968680000134,0,null],[119.62393134800004,-4.0035234310000192,0,null],[119.62376259899997,-4.0038422499999911,0,null],[119.62374184500004,-4.0038301220000108,0,null],[119.62352029900001,-4.0042440259999807,0,null],[119.62342236100005,-4.0044437629999834,0,null],[119.62353827000004,-4.0045036469999786,0,null],[119.62356697799999,-4.0045288289999803,0,null],[119.62345424800003,-4.0049631489999911,0,null],[119.62322410900003,-4.0059681739999746,0,null],[119.62308997599996,-4.0064659660000075,0,null],[119.62299323000002,-4.0071142799999961,0,null],[119.62288510500002,-4.0075545999999918,0,null],[119.62292209199995,-4.0075762920000102,0,null],[119.62297381500002,-4.0076020559999961,0,null],[119.62318162899999,-4.0077105230000143,0,null],[119.62326180399998,-4.0077309530000207,0,null],[119.62329698200006,-4.0077399159999914,0,null],[119.62350127100001,-4.0077756370000088,0,null],[119.623751621,-4.0077979819999996,0,null],[119.62386907400003,-4.0078116130000012,0,null],[119.62408435199995,-4.007836597999983,0,null],[119.62432180300004,-4.0078614660000085,0,null],[119.62439071599999,-4.0078686830000265,0,null],[119.62480579500004,-4.0079136479999988,0,null],[119.624998226,-4.0079341030000251,0,null],[119.62500064999995,-4.0079343610000251,0,null],[119.62516369699995,-4.007951692000006,0,null],[119.62622147499997,-4.008055904999992,0,null],[119.62623766599995,-4.0078698130000134,0,null],[119.62646266199999,-4.0062995389999969,0,null],[119.62643893899997,-4.0055808359999787,0,null],[119.62644978699996,-4.0047088570000255,0,null],[119.62568841200004,-4.0046736799999962,0,null],[119.62580342700005,-4.0043041160000143,0,null],[119.62633993099996,-4.0042028629999891,0,null],[119.62633378500004,-4.0041790270000206,0,null],[119.62633361799999,-4.004038917999992,0,null],[119.62631477800005,-4.0037445059999754,0,null]]]},"properties":{"FID":33694,"OBJECTID":113929,"NAMOBJ":"Kampung Pisang","FCODE":"BA03070040","REMARK":"Pemerintah Kota Parepare, Tahun 2010","METADATA":"TASWIL1000020230928_DATA_BATAS_DESAKELURAHAN","SRS_ID":"SRGI 2013","KDBBPS":" ","KDCBPS":" ","KDCPUM":"73.72.03","KDEBPS":" ","KDEPUM":"73.72.03.1004","KDPBPS":" ","KDPKAB":"73.72","KDPPUM":"73","LUASWH":14.542376190000001,"TIPADM":2,"WADMKC":"Soreang","WADMKD":"Kampung Pisang","WADMKK":"Kota Parepare","WADMPR":"Sulawesi Selatan","WIADKC":" ","WIADKK":" ","WIADPR":" ","WIADKD":" ","UUPP":"Data dari Pemerintah Daerah","LUAS":14.542376190000001,"SHAPE_AREA":1.1842519454699999e-05,"SHAPE_LEN":0.016382564453000001}},{"type":"Feature","id":33709,"geometry":{"type":"Polygon","coordinates":[[[119.632915239,-4.0259505540000191,0,null],[119.63247803100001,-4.0259382020000203,0,null],[119.63240258400003,-4.0259446690000118,0,null],[119.63223507099997,-4.0259675109999762,0,null],[119.63209420600003,-4.0260474610000188,0,null],[119.63207716299996,-4.0260611080000217,0,null],[119.63177224599997,-4.0262878820000196,0,null],[119.63150629500001,-4.0265138820000175,0,null],[119.63110815799996,-4.0268050820000099,0,null],[119.63099013700003,-4.0268488639999873,0,null],[119.63093683700004,-4.0268602849999979,0,null],[119.63068942100006,-4.026857935999999,0,null],[119.63005845999999,-4.0268761560000144,0,null],[119.62962093299996,-4.0268757790000222,0,null],[119.62937446399997,-4.0268676110000001,0,null],[119.62923924999996,-4.0268405510000207,0,null],[119.62890626000001,-4.026768101000016,0,null],[119.62851889299998,-4.0266312670000275,0,null],[119.62840211299999,-4.0265981690000103,0,null],[119.62825622499997,-4.0265836969999782,0,null],[119.62791933200003,-4.0265937539999754,0,null],[119.62781817500002,-4.0266060370000218,0,null],[119.627734895,-4.0266242399999896,0,null],[119.62765343199999,-4.0266520019999916,0,null],[119.62757084299994,-4.0267000919999987,0,null],[119.62752393799997,-4.0267379040000151,0,null],[119.62743613800001,-4.0268314429999919,0,null],[119.62709024100002,-4.0272437599999762,0,null],[119.62686382000004,-4.0274461719999977,0,null],[119.62672016900001,-4.0275448470000015,0,null],[119.62665383299998,-4.0275751899999932,0,null],[119.62657251099995,-4.0276098859999934,0,null],[119.62648972099998,-4.0276323919999868,0,null],[119.62644188399997,-4.0276397200000247,0,null],[119.62613257099997,-4.0276371339999741,0,null],[119.62549463000005,-4.0276234159999831,0,null],[119.62549532200001,-4.0276162399999862,0,null],[119.62550323599999,-4.027562013000022,0,null],[119.62557596500005,-4.0272214400000053,0,null],[119.62571463999996,-4.0268056489999822,0,null],[119.62592480000001,-4.0261921960000109,0,null],[119.62594250799998,-4.026136345999987,0,null],[119.62543813299999,-4.026117892000002,0,null],[119.62517601800005,-4.0261316510000142,0,null],[119.62496614300005,-4.0261746529999982,0,null],[119.62473998999997,-4.0262650519999852,0,null],[119.62419161800005,-4.0263224290000039,0,null],[119.62418352999998,-4.0263232749999815,0,null],[119.62410268999997,-4.0263337520000277,0,null],[119.62410674700004,-4.0264765300000249,0,null],[119.624106944,-4.0265379190000203,0,null],[119.62410715199997,-4.0266030529999739,0,null],[119.62410933499996,-4.0267223399999921,0,null],[119.62411333099999,-4.0268461389999857,0,null],[119.62411732800001,-4.0269699390000255,0,null],[119.62412501999995,-4.0271235499999989,0,null],[119.62413445899995,-4.0272608880000007,0,null],[119.62414389900005,-4.0273982260000025,0,null],[119.62414562599997,-4.0274157239999795,0,null],[119.62415504299997,-4.0275111099999776,0,null],[119.62415692100001,-4.0275301300000024,0,null],[119.62417535999998,-4.0276674390000267,0,null],[119.62418379300004,-4.0277713419999941,0,null],[119.624192225,-4.0278752450000184,0,null],[119.62420535700005,-4.0280414910000104,0,null],[119.62421471300001,-4.0281526210000038,0,null],[119.62422128100002,-4.028230638000025,0,null],[119.62422406899998,-4.0282637509999972,0,null],[119.62423071199999,-4.0283443330000068,0,null],[119.62423717800004,-4.028422766999995,0,null],[119.62424649599996,-4.0285221479999791,0,null],[119.62425587200005,-4.0286396039999772,0,null],[119.62425986599999,-4.0287625000000276,0,null],[119.62426801000004,-4.0288691150000204,0,null],[119.62427614600006,-4.0289757300000133,0,null],[119.62428428999999,-4.0290823450000062,0,null],[119.62429183999996,-4.0291938739999864,0,null],[119.62429279200001,-4.0292079380000132,0,null],[119.62429981499997,-4.0293116629999872,0,null],[119.62430129500001,-4.029333529999974,0,null],[119.62431263899998,-4.0295033969999849,0,null],[119.62431658900005,-4.02961273599999,0,null],[119.62432053999999,-4.0297220759999846,0,null],[119.62432264699999,-4.0298178659999735,0,null],[119.62432475399999,-4.0299136560000193,0,null],[119.62433047599995,-4.0300139519999902,0,null],[119.62433619700005,-4.0301142490000075,0,null],[119.62434391199997,-4.0302750899999751,0,null],[119.62434970100003,-4.0303961729999855,0,null],[119.62435549500003,-4.0305190629999856,0,null],[119.62436121899998,-4.030620263000003,0,null],[119.62436137500003,-4.0306690639999943,0,null],[119.62435981299996,-4.0307431759999872,0,null],[119.62434918199995,-4.0307956280000212,0,null],[119.62433487600003,-4.0308245940000234,0,null],[119.62431156499997,-4.0308517810000239,0,null],[119.62426123800003,-4.0308736339999882,0,null],[119.62422680400005,-4.0308797870000035,0,null],[119.624193762,-4.0308856909999804,0,null],[119.62412428699997,-4.0308859159999884,0,null],[119.62411333600005,-4.0308855800000174,0,null],[119.62403840599995,-4.0308832840000264,0,null],[119.62398099899997,-4.0308863750000228,0,null],[119.62396536400001,-4.0308931370000209,0,null],[119.62393812200003,-4.0309049179999761,0,null],[119.62393294499998,-4.0309119980000219,0,null],[119.62392178799996,-4.0309272569999735,0,null],[119.62391805699997,-4.0309650460000057,0,null],[119.623925891,-4.0310027969999851,0,null],[119.62395640800003,-4.0311009530000206,0,null],[119.62398691600004,-4.0311991180000177,0,null],[119.62405402399997,-4.031327847,0,null],[119.62410004499998,-4.0314281390000133,0,null],[119.62414606699997,-4.0315284229999975,0,null],[119.62419207200003,-4.0316237549999983,0,null],[119.62423807699997,-4.0317190769999911,0,null],[119.62428497400003,-4.0318230269999731,0,null],[119.62433187099998,-4.0319269679999934,0,null],[119.62437877699995,-4.0320309090000137,0,null],[119.62442567400001,-4.0321348589999957,0,null],[119.62447257099996,-4.032238800000016,0,null],[119.62449559699996,-4.0322898260000102,0,null],[119.62451947600005,-4.0323427409999795,0,null],[119.62456408200001,-4.0324505219999764,0,null],[119.624608696,-4.032558301999984,0,null],[119.62465330199996,-4.0326660819999915,0,null],[119.62469791599995,-4.0327738619999991,0,null],[119.62473144600006,-4.0328769160000206,0,null],[119.62476497600005,-4.0329799780000144,0,null],[119.62479850600005,-4.0330830319999791,0,null],[119.62479920999999,-4.0330851969999912,0,null],[119.62483203600004,-4.0331860850000112,0,null],[119.62486242299997,-4.033293910999987,0,null],[119.6248928,-4.0334017380000091,0,null],[119.62492318700004,-4.0335095639999849,0,null],[119.62495357299997,-4.0336173900000176,0,null],[119.62497704800001,-4.0337165899999832,0,null],[119.62500026500004,-4.0338146589999724,0,null],[119.62502401400002,-4.033914990000028,0,null],[119.62504749799996,-4.0340141890000041,0,null],[119.62507098100002,-4.0341133890000265,0,null],[119.62509446399997,-4.034212588999992,0,null],[119.62511794800002,-4.0343117890000144,0,null],[119.62514143099997,-4.034410978999972,0,null],[119.62516491400004,-4.0345101789999944,0,null],[119.62518838899996,-4.0346093790000168,0,null],[119.62521187200002,-4.0347085789999824,0,null],[119.62523535499997,-4.0348077790000048,0,null],[119.62525816200002,-4.034900762999996,0,null],[119.62528097699999,-4.0349937469999873,0,null],[119.62530378400004,-4.0350867309999785,0,null],[119.62532659999999,-4.0351797150000266,0,null],[119.62534940600005,-4.0352726899999993,0,null],[119.62537221299999,-4.03536567499998,0,null],[119.62540670099997,-4.0354757470000209,0,null],[119.62544118100004,-4.0355858190000049,0,null],[119.625475661,-4.0356958909999889,0,null],[119.62551014099995,-4.0358059640000192,0,null],[119.62554463000004,-4.0359160360000033,0,null],[119.62557910999999,-4.0360261079999873,0,null],[119.62559923699996,-4.0361281649999796,0,null],[119.62561936400004,-4.0362302230000182,0,null],[119.62563675900003,-4.0363223479999988,0,null],[119.62565415400002,-4.0364144729999794,0,null],[119.62566084000002,-4.0365346479999857,0,null],[119.62566752600003,-4.0366548239999815,0,null],[119.62567152099996,-4.036777719999975,0,null],[119.625675516,-4.0369006149999791,0,null],[119.62567583299995,-4.0369991219999974,0,null],[119.62567614900001,-4.0370976290000158,0,null],[119.62568098300005,-4.0372015429999806,0,null],[119.62568581699998,-4.0373054570000022,0,null],[119.62569531099996,-4.0374590619999822,0,null],[119.62570307999999,-4.0376361699999848,0,null],[119.62570880400006,-4.0377772990000267,0,null],[119.62570894400005,-4.0377807489999782,0,null],[119.62570936300006,-4.0379108870000096,0,null],[119.62570251800003,-4.0380211649999751,0,null],[119.62569318199996,-4.0380500300000222,0,null],[119.62566331000005,-4.0381423929999869,0,null],[119.62564045600004,-4.0381673659999819,0,null],[119.62559694599997,-4.0382149079999863,0,null],[119.62554214099998,-4.0382493660000023,0,null],[119.62555081200003,-4.0382608940000182,0,null],[119.62566129499999,-4.038411783000015,0,null],[119.625746392,-4.0385138479999796,0,null],[119.625803765,-4.0385567480000191,0,null],[119.62585419300001,-4.0385680169999887,0,null],[119.62588378099997,-4.0385870499999896,0,null],[119.625982099,-4.038693018999993,0,null],[119.62599942600002,-4.0387110149999899,0,null],[119.62601001999997,-4.0387473260000206,0,null],[119.62603482099996,-4.0387587230000008,0,null],[119.62610535399995,-4.0387747539999737,0,null],[119.62614629899997,-4.038771751000013,0,null],[119.62624624099999,-4.0387513420000118,0,null],[119.62629575000005,-4.0387454419999926,0,null],[119.62639957199997,-4.0387470179999809,0,null],[119.62655114300003,-4.0387876539999752,0,null],[119.62655965099998,-4.038767541000027,0,null],[119.62659396000004,-4.0387741249999749,0,null],[119.62685151999995,-4.0388077449999855,0,null],[119.62692363500003,-4.038813226000002,0,null],[119.62692124600005,-4.0388488699999812,0,null],[119.62692182499995,-4.0388488959999904,0,null],[119.62692003300003,-4.0388669729999833,0,null],[119.62691815400001,-4.0388859349999962,0,null],[119.62777838800002,-4.0389386179999747,0,null],[119.627987727,-4.0389559559999952,0,null],[119.62801028900003,-4.0389578240000219,0,null],[119.62807138599999,-4.0386798530000192,0,null],[119.62818890699998,-4.0381978020000133,0,null],[119.628233733,-4.0380735780000236,0,null],[119.62826402300004,-4.0380151350000233,0,null],[119.62830289999999,-4.0379614469999865,0,null],[119.62865485500004,-4.0375722580000115,0,null],[119.62887511300005,-4.037304416999973,0,null],[119.62895765799999,-4.0372056339999745,0,null],[119.62899559200002,-4.0371548179999763,0,null],[119.62906666799995,-4.0370436380000001,0,null],[119.62909315800005,-4.0369880779999789,0,null],[119.62912816699998,-4.0369162299999743,0,null],[119.62915932700002,-4.0368319610000185,0,null],[119.62918192699999,-4.0367515450000155,0,null],[119.62919212899999,-4.0366663870000252,0,null],[119.62920376299996,-4.036433929999987,0,null],[119.62920289900001,-4.0361655250000013,0,null],[119.62921465199997,-4.0359700129999965,0,null],[119.62922479600002,-4.0358666829999947,0,null],[119.62924739000005,-4.0357843539999863,0,null],[119.62928048799995,-4.0357106000000158,0,null],[119.62931838199995,-4.0356473510000228,0,null],[119.629364861,-4.0355878990000065,0,null],[119.62952339100002,-4.0354238310000028,0,null],[119.63010773899998,-4.0349237880000146,0,null],[119.63017273800006,-4.0348585159999857,0,null],[119.63023854999994,-4.0347921609999844,0,null],[119.63026699900001,-4.0347533319999798,0,null],[119.63029186100005,-4.0347102110000037,0,null],[119.63038838900002,-4.0345169330000203,0,null],[119.63060273899998,-4.0340887009999733,0,null],[119.63078656499999,-4.0337201080000114,0,null],[119.63107435799998,-4.0330283740000255,0,null],[119.631646123,-4.0316420490000269,0,null],[119.63172155200004,-4.031403886000021,0,null],[119.63183798099999,-4.0307733079999934,0,null],[119.63184099399996,-4.0307576960000233,0,null],[119.63184498800001,-4.0307286589999762,0,null],[119.63194302299996,-4.030228878999992,0,null],[119.63199953100002,-4.0300302320000014,0,null],[119.63205628000003,-4.0299069039999722,0,null],[119.63211900900001,-4.029791925999973,0,null],[119.63232848400003,-4.0294026870000152,0,null],[119.63235684899996,-4.0293380339999771,0,null],[119.63238046000004,-4.0292757880000067,0,null],[119.63241937800001,-4.0291608869999891,0,null],[119.63247471399995,-4.0289682210000137,0,null],[119.63259567,-4.0284489520000193,0,null],[119.63268944699996,-4.0279931360000205,0,null],[119.63278244599996,-4.0276652489999947,0,null],[119.63284581200003,-4.0273781070000041,0,null],[119.63290204999998,-4.0270957710000062,0,null],[119.63292545700006,-4.026970160000019,0,null],[119.63292996899997,-4.0268924339999899,0,null],[119.63292078400002,-4.0262576169999988,0,null],[119.632915239,-4.0259505540000191,0,null]]]},"properties":{"FID":33709,"OBJECTID":114172,"NAMOBJ":"Cappa Galung","FCODE":"BA03070040","REMARK":"Pemerintah Kota Parepare, Tahun 2010","METADATA":"TASWIL1000020230928_DATA_BATAS_DESAKELURAHAN","SRS_ID":"SRGI 2013","KDBBPS":" ","KDCBPS":" ","KDCPUM":"73.72.04","KDEBPS":" ","KDEPUM":"73.72.04.1002","KDPBPS":" ","KDPKAB":"73.72","KDPPUM":"73","LUASWH":90.078453760000002,"TIPADM":2,"WADMKC":"Bacukiki Barat","WADMKD":"Cappa Galung","WADMKK":"Kota Parepare","WADMPR":"Sulawesi Selatan","WIADKC":" ","WIADKK":" ","WIADPR":" ","WIADKD":" ","UUPP":"Data dari Pemerintah Daerah","LUAS":90.078453760000002,"SHAPE_AREA":7.3357219443200003e-05,"SHAPE_LEN":0.041284080998400002}},{"type":"Feature","id":37377,"geometry":{"type":"Polygon","coordinates":[[[119.632915239,-4.0259505540000191,0,null],[119.63291521199994,-4.0259490839999899,0,null],[119.63291554800003,-4.0259390780000217,0,null],[119.63291450400004,-4.0258384950000163,0,null],[119.632945834,-4.0256748159999916,0,null],[119.63308762700001,-4.0253415099999756,0,null],[119.63335864700002,-4.0247653239999863,0,null],[119.633430976,-4.0246001009999759,0,null],[119.633469236,-4.0245024189999867,0,null],[119.63348609800005,-4.0244148489999816,0,null],[119.63348821199997,-4.0243257519999815,0,null],[119.633471859,-4.0241852890000018,0,null],[119.63339185300003,-4.0238365000000158,0,null],[119.63329173499994,-4.0235049350000054,0,null],[119.63317042400001,-4.0230988349999848,0,null],[119.633045692,-4.0227293660000214,0,null],[119.63302924899995,-4.022697447999974,0,null],[119.63298282699998,-4.0226073339999857,0,null],[119.63293697899996,-4.0225379440000211,0,null],[119.63289900400002,-4.0225002359999849,0,null],[119.63280936299998,-4.0224112249999848,0,null],[119.63276867499997,-4.0223812849999945,0,null],[119.63266801300006,-4.022315773999992,0,null],[119.63252267799999,-4.0222400490000041,0,null],[119.63224426500005,-4.0221134980000102,0,null],[119.63215906000005,-4.0220630759999949,0,null],[119.63201676599999,-4.0219577409999943,0,null],[119.63201370399997,-4.0219546139999807,0,null],[119.63200223700005,-4.0219492040000091,0,null],[119.63190658300005,-4.0218492660000038,0,null],[119.63185517399995,-4.0217778479999993,0,null],[119.63184495899998,-4.0217636570000082,0,null],[119.63182402999996,-4.0217055179999761,0,null],[119.63181927100004,-4.0216603090000262,0,null],[119.631835389,-4.0213749380000081,0,null],[119.63183705200004,-4.0213324779999766,0,null],[119.63184044299999,-4.0212449090000177,0,null],[119.63184048999995,-4.0212436919999845,0,null],[119.63184861900004,-4.0210336879999886,0,null],[119.63184921699997,-4.0210182640000198,0,null],[119.63185855500001,-4.0208495719999746,0,null],[119.63186720399995,-4.0207364099999836,0,null],[119.63183821500002,-4.0207597790000023,0,null],[119.63177707199998,-4.0208090689999949,0,null],[119.63162593699997,-4.0209186929999987,0,null],[119.63149785500002,-4.0210282419999999,0,null],[119.63149642099995,-4.0210295360000146,0,null],[119.63128441699996,-4.0212207449999937,0,null],[119.63127001700002,-4.0212354689999756,0,null],[119.63104999300003,-4.0214604359999839,0,null],[119.63100212899997,-4.0215093749999937,0,null],[119.630811806,-4.0217216460000031,0,null],[119.63073097400002,-4.0217988690000084,0,null],[119.63064230299995,-4.0218835800000079,0,null],[119.63057213800005,-4.0219506120000119,0,null],[119.63047498000003,-4.0220161130000065,0,null],[119.63044999800002,-4.022032954999986,0,null],[119.63033174099996,-4.022076769000023,0,null],[119.63029785100002,-4.0220894319999729,0,null],[119.63024788999996,-4.0221021469999982,0,null],[119.63017647300001,-4.0221071600000187,0,null],[119.63011040100002,-4.0221079720000148,0,null],[119.63006573099995,-4.0221003450000126,0,null],[119.62999662899995,-4.0220844290000173,0,null],[119.62953241499997,-4.0219287130000225,0,null],[119.629488348,-4.0219234749999941,0,null],[119.62942404399996,-4.0219189009999923,0,null],[119.62920559999998,-4.0219249880000234,0,null],[119.62882940500003,-4.0219297909999909,0,null],[119.62860553999997,-4.0219161680000184,0,null],[119.62823041299998,-4.0218655869999793,0,null],[119.62799094399998,-4.0218296830000213,0,null],[119.62778609999998,-4.0218076290000226,0,null],[119.62743428199997,-4.0218033859999878,0,null],[119.62677170699999,-4.021791181000026,0,null],[119.62608774600005,-4.0217927929999746,0,null],[119.62526031799996,-4.0217924759999732,0,null],[119.62526578899997,-4.0218082800000161,0,null],[119.62527410500002,-4.0218365040000208,0,null],[119.62533173199995,-4.0220320770000058,0,null],[119.62560899200002,-4.0230415579999885,0,null],[119.62561195199999,-4.0230532880000283,0,null],[119.62561465299996,-4.0230621690000135,0,null],[119.62585642199997,-4.0239692869999999,0,null],[119.62479341400001,-4.0241055100000267,0,null],[119.62401064100004,-4.0242827069999976,0,null],[119.62400413800003,-4.0242837310000255,0,null],[119.62394363999999,-4.0243005720000156,0,null],[119.62395147999996,-4.0243613740000228,0,null],[119.62396347799995,-4.0244544209999731,0,null],[119.62398203800001,-4.0246296870000151,0,null],[119.62400054600005,-4.0247886849999759,0,null],[119.62401172700004,-4.0249079430000165,0,null],[119.62402288500004,-4.0250199710000061,0,null],[119.62403211599997,-4.0250922399999922,0,null],[119.62404870900002,-4.0252150960000108,0,null],[119.62405798600003,-4.0253018249999855,0,null],[119.62407285999996,-4.0254499900000269,0,null],[119.62407479299998,-4.02549155600002,0,null],[119.624085992,-4.0256162360000189,0,null],[119.62409719000004,-4.0257409160000179,0,null],[119.62409774599996,-4.0259144330000254,0,null],[119.62409827299996,-4.0260789120000027,0,null],[119.62410064100004,-4.026256036999996,0,null],[119.62410268999997,-4.0263337520000277,0,null],[119.62418352999998,-4.0263232749999815,0,null],[119.62419161800005,-4.0263224290000039,0,null],[119.62473998999997,-4.0262650519999852,0,null],[119.62496614300005,-4.0261746529999982,0,null],[119.62517601800005,-4.0261316510000142,0,null],[119.62543813299999,-4.026117892000002,0,null],[119.62594250799998,-4.026136345999987,0,null],[119.62592480000001,-4.0261921960000109,0,null],[119.62571463999996,-4.0268056489999822,0,null],[119.62557596500005,-4.0272214400000053,0,null],[119.62550323599999,-4.027562013000022,0,null],[119.62549532200001,-4.0276162399999862,0,null],[119.62549463000005,-4.0276234159999831,0,null],[119.62613257099997,-4.0276371339999741,0,null],[119.62644188399997,-4.0276397200000247,0,null],[119.62648972099998,-4.0276323919999868,0,null],[119.62657251099995,-4.0276098859999934,0,null],[119.62665383299998,-4.0275751899999932,0,null],[119.62672016900001,-4.0275448470000015,0,null],[119.62686382000004,-4.0274461719999977,0,null],[119.62709024100002,-4.0272437599999762,0,null],[119.62743613800001,-4.0268314429999919,0,null],[119.62752393799997,-4.0267379040000151,0,null],[119.62757084299994,-4.0267000919999987,0,null],[119.62765343199999,-4.0266520019999916,0,null],[119.627734895,-4.0266242399999896,0,null],[119.62781817500002,-4.0266060370000218,0,null],[119.62791933200003,-4.0265937539999754,0,null],[119.62825622499997,-4.0265836969999782,0,null],[119.62840211299999,-4.0265981690000103,0,null],[119.62851889299998,-4.0266312670000275,0,null],[119.62890626000001,-4.026768101000016,0,null],[119.62923924999996,-4.0268405510000207,0,null],[119.62937446399997,-4.0268676110000001,0,null],[119.62962093299996,-4.0268757790000222,0,null],[119.63005845999999,-4.0268761560000144,0,null],[119.63068942100006,-4.026857935999999,0,null],[119.63093683700004,-4.0268602849999979,0,null],[119.63099013700003,-4.0268488639999873,0,null],[119.63110815799996,-4.0268050820000099,0,null],[119.63150629500001,-4.0265138820000175,0,null],[119.63177224599997,-4.0262878820000196,0,null],[119.63207716299996,-4.0260611080000217,0,null],[119.63209420600003,-4.0260474610000188,0,null],[119.63223507099997,-4.0259675109999762,0,null],[119.63240258400003,-4.0259446690000118,0,null],[119.63247803100001,-4.0259382020000203,0,null],[119.632915239,-4.0259505540000191,0,null]]]},"properties":{"FID":37377,"OBJECTID":117591,"NAMOBJ":"Tiro Sompe","FCODE":"BA03070040","REMARK":"Pemerintah Kota Parepare, Tahun 2010","METADATA":"TASWIL1000020230928_DATA_BATAS_DESAKELURAHAN","SRS_ID":"SRGI 2013","KDBBPS":" ","KDCBPS":" ","KDCPUM":"73.72.04","KDEBPS":" ","KDEPUM":"73.72.04.1004","KDPBPS":" ","KDPKAB":"73.72","KDPPUM":"73","LUASWH":49.992152930000003,"TIPADM":2,"WADMKC":"Bacukiki Barat","WADMKD":"Tiro Sompe","WADMKK":"Kota Parepare","WADMPR":"Sulawesi Selatan","WIADKC":" ","WIADKK":" ","WIADPR":" ","WIADKD":" ","UUPP":"Data dari Pemerintah Daerah","LUAS":49.992152930000003,"SHAPE_AREA":4.0711776781099997e-05,"SHAPE_LEN":0.030980884841399998}},{"type":"Feature","id":37397,"geometry":{"type":"Polygon","coordinates":[[[119.63856327600001,-4.0071358719999921,0,null],[119.63844129300003,-4.0071029229999908,0,null],[119.63825600200005,-4.0070861599999716,0,null],[119.63814727600004,-4.0070691490000172,0,null],[119.63783226400005,-4.0069554560000142,0,null],[119.63752317199999,-4.006795770999986,0,null],[119.63735512699998,-4.0066643239999848,0,null],[119.63704847300005,-4.0063735969999925,0,null],[119.63658619199998,-4.005962860000011,0,null],[119.63626721200001,-4.0056893889999969,0,null],[119.63615715399999,-4.0056180240000003,0,null],[119.63613099300005,-4.0056121029999758,0,null],[119.63611384800004,-4.005611440999985,0,null],[119.63608884999996,-4.0056122390000155,0,null],[119.63605530500001,-4.0056209559999729,0,null],[119.63603390799994,-4.0056310680000138,0,null],[119.63601182699995,-4.0056505069999844,0,null],[119.63598409999997,-4.0056914849999998,0,null],[119.63590824000005,-4.0058696300000065,0,null],[119.63578781800004,-4.0061849310000071,0,null],[119.63571534599998,-4.0063056779999897,0,null],[119.63563920299998,-4.0063955919999898,0,null],[119.63552665600002,-4.0064935130000094,0,null],[119.63546180200001,-4.0065396329999885,0,null],[119.63538068399998,-4.0066374529999962,0,null],[119.63514112300004,-4.0069997659999785,0,null],[119.63503593300004,-4.0071643759999915,0,null],[119.63500250499999,-4.0072096769999916,0,null],[119.634972597,-4.0072384669999792,0,null],[119.63486927099996,-4.0073162730000149,0,null],[119.63443867700005,-4.0075809279999817,0,null],[119.63419272800002,-4.0077330810000262,0,null],[119.634074317,-4.007784393999998,0,null],[119.63401221699996,-4.0077982239999983,0,null],[119.63393865700004,-4.0078027659999975,0,null],[119.63385936300006,-4.0078008699999828,0,null],[119.63379506900003,-4.0077989249999746,0,null],[119.63342877000002,-4.0077687840000067,0,null],[119.63242169,-4.0076496080000084,0,null],[119.63237568900001,-4.0078582639999922,0,null],[119.63221475299997,-4.0084603939999965,0,null],[119.63216081500002,-4.0085696040000016,0,null],[119.63212952100002,-4.0086117889999855,0,null],[119.63209436099999,-4.0086367700000096,0,null],[119.63203916500004,-4.0086503389999848,0,null],[119.63199440799997,-4.0086523960000022,0,null],[119.63123976400004,-4.0085486639999885,0,null],[119.63067482300005,-4.00849883799998,0,null],[119.62979165599995,-4.0084117790000278,0,null],[119.62880367499997,-4.0083097539999812,0,null],[119.62786030999996,-4.0082124030000159,0,null],[119.62783057000001,-4.0082095640000261,0,null],[119.62625016100003,-4.0080587310000055,0,null],[119.62622147499997,-4.008055904999992,0,null],[119.62621016000003,-4.0081760300000155,0,null],[119.62616409500004,-4.0087378590000071,0,null],[119.62612077899996,-4.0092659649999973,0,null],[119.62608928400005,-4.0096928859999821,0,null],[119.62604878100001,-4.0102066360000208,0,null],[119.62603629199998,-4.0103221680000161,0,null],[119.62601872400001,-4.0104129169999965,0,null],[119.626039784,-4.0104166329999771,0,null],[119.62657114499996,-4.0104898490000096,0,null],[119.62702353999998,-4.0105324849999988,0,null],[119.62767366100002,-4.0105967470000223,0,null],[119.628353586,-4.0106600350000008,0,null],[119.62858693199996,-4.0106817550000073,0,null],[119.62880949099997,-4.0107093550000172,0,null],[119.62909007899998,-4.0107441519999725,0,null],[119.62917914599996,-4.0107551969999804,0,null],[119.62921090999998,-4.0107591359999901,0,null],[119.62933055400003,-4.0107855570000197,0,null],[119.62937489800004,-4.0108033480000245,0,null],[119.62943857699997,-4.0108361399999808,0,null],[119.62951660600004,-4.0108889719999752,0,null],[119.62966483499997,-4.0110032690000139,0,null],[119.62986170500005,-4.0111389290000261,0,null],[119.62991397300004,-4.0111774960000162,0,null],[119.63000715500004,-4.0112776240000017,0,null],[119.63008058699995,-4.0113772380000228,0,null],[119.63014857999997,-4.0114915569999994,0,null],[119.63018759900001,-4.0114732110000091,0,null],[119.630189782,-4.0114721850000024,0,null],[119.63023195799997,-4.0114386849999732,0,null],[119.63025894800001,-4.0114092229999869,0,null],[119.630314,-4.0113491280000062,0,null],[119.63034075200005,-4.0113094519999777,0,null],[119.630446871,-4.0111836670000116,0,null],[119.63055827000005,-4.011074098999984,0,null],[119.63060940599996,-4.0110439219999989,0,null],[119.63064440799997,-4.0110254379999901,0,null],[119.63101337499995,-4.0108235359999753,0,null],[119.63105319099998,-4.0107977640000172,0,null],[119.63114518600003,-4.0107313249999947,0,null],[119.63129302599998,-4.0106217129999777,0,null],[119.63142776799998,-4.0105352940000216,0,null],[119.63156257399999,-4.0104687169999806,0,null],[119.63173028899996,-4.0103954190000195,0,null],[119.63173751199997,-4.0103910939999992,0,null],[119.63194679000003,-4.0102853519999826,0,null],[119.63208815500002,-4.0101956269999732,0,null],[119.63211129199999,-4.0101813559999755,0,null],[119.63211451200004,-4.0101788979999924,0,null],[119.63233782199995,-4.0100083919999747,0,null],[119.63247858,-4.0099087049999866,0,null],[119.63255165800001,-4.0098654290000013,0,null],[119.6326206,-4.0098317299999735,0,null],[119.63269196199997,-4.0098099790000106,0,null],[119.63276217099997,-4.0098001879999856,0,null],[119.63284194599999,-4.009803517000023,0,null],[119.63290925399997,-4.0098170489999916,0,null],[119.63300344200002,-4.0098597850000033,0,null],[119.63307024799997,-4.0099026099999833,0,null],[119.63310368299994,-4.0099341850000201,0,null],[119.63315030499996,-4.0099938120000047,0,null],[119.63317605500004,-4.0100421500000039,0,null],[119.63320195200004,-4.0101359180000031,0,null],[119.63322430999995,-4.0104257709999729,0,null],[119.63323925600002,-4.0106319579999763,0,null],[119.63325552100002,-4.0106922819999795,0,null],[119.63328133899995,-4.0107615420000116,0,null],[119.63332396400006,-4.0108369640000205,0,null],[119.63335601000006,-4.0108808570000178,0,null],[119.63343718500005,-4.0109494600000062,0,null],[119.63350150500003,-4.0109842169999865,0,null],[119.63360027299996,-4.0110197100000278,0,null],[119.63381136999999,-4.0110679160000018,0,null],[119.63390266299996,-4.0110828929999798,0,null],[119.63413664200004,-4.0111350509999966,0,null],[119.63440683500005,-4.0111837840000248,0,null],[119.63457817100004,-4.0112129940000045,0,null],[119.63476600399997,-4.0112520719999907,0,null],[119.63497689999997,-4.0112943820000169,0,null],[119.63534559899995,-4.0113620980000064,0,null],[119.63542660500002,-4.0113779760000057,0,null],[119.63551176299995,-4.0113890590000096,0,null],[119.63556653900002,-4.0113930659999824,0,null],[119.63562189000004,-4.01139049599999,0,null],[119.63569684799995,-4.011376504999987,0,null],[119.635743241,-4.0113649969999869,0,null],[119.63579436600003,-4.0113439090000043,0,null],[119.63588350199996,-4.0112963959999774,0,null],[119.63594764599998,-4.0112513550000131,0,null],[119.63613698500001,-4.0110803740000165,0,null],[119.63645272500003,-4.010788233000028,0,null],[119.63662014199997,-4.0106490059999942,0,null],[119.637016227,-4.0103524200000038,0,null],[119.63728102599998,-4.0101788769999871,0,null],[119.63731746099995,-4.0101572340000189,0,null],[119.637519247,-4.0100269150000258,0,null],[119.63771683499999,-4.0099039689999927,0,null],[119.63776495000002,-4.0098727289999943,0,null],[119.63780415199994,-4.0098462999999924,0,null],[119.63784153999995,-4.0098109099999988,0,null],[119.63787003300001,-4.0097863089999919,0,null],[119.63794241400001,-4.0097113520000107,0,null],[119.63798629799999,-4.0096598000000085,0,null],[119.63800999299997,-4.0096238570000082,0,null],[119.63806206599997,-4.0095274450000034,0,null],[119.63811215400005,-4.009417510999981,0,null],[119.63811902299994,-4.0093925670000203,0,null],[119.63812330600001,-4.0093689160000281,0,null],[119.63814577300002,-4.0092719219999822,0,null],[119.63815627400004,-4.0092055339999888,0,null],[119.63815899600002,-4.0091260199999965,0,null],[119.63815692000003,-4.0090357619999963,0,null],[119.63812084799997,-4.0087387809999768,0,null],[119.63810672199997,-4.0086031309999726,0,null],[119.63809126700005,-4.0084244440000134,0,null],[119.63809190400002,-4.0082614140000032,0,null],[119.63809877100005,-4.0082120039999722,0,null],[119.638129499,-4.0080955399999993,0,null],[119.63818929299998,-4.0079586489999883,0,null],[119.63819342099998,-4.0079471309999803,0,null],[119.63820122599998,-4.0079313300000194,0,null],[119.63831188100005,-4.0076779949999946,0,null],[119.63832091799998,-4.0076556959999721,0,null],[119.63835514499999,-4.0075845609999874,0,null],[119.63856327600001,-4.0071358719999921,0,null]]]},"properties":{"FID":37397,"OBJECTID":117823,"NAMOBJ":"Ujung Baru","FCODE":"BA03070040","REMARK":"Pemerintah Kota Parepare, Tahun 2010","METADATA":"TASWIL1000020230928_DATA_BATAS_DESAKELURAHAN","SRS_ID":"SRGI 2013","KDBBPS":" ","KDCBPS":" ","KDCPUM":"73.72.03","KDEBPS":" ","KDEPUM":"73.72.03.1002","KDPBPS":" ","KDPKAB":"73.72","KDPPUM":"73","LUASWH":44.460249070000003,"TIPADM":2,"WADMKC":"Soreang","WADMKD":"Ujung Baru","WADMKK":"Kota Parepare","WADMPR":"Sulawesi Selatan","WIADKC":" ","WIADKK":" ","WIADPR":" ","WIADKD":" ","UUPP":"Data dari Pemerintah Daerah","LUAS":44.460249070000003,"SHAPE_AREA":3.6206137013800003e-05,"SHAPE_LEN":0.033952013845800003}},{"type":"Feature","id":37398,"geometry":{"type":"Polygon","coordinates":[[[119.63014857999997,-4.0114915569999994,0,null],[119.63008058699995,-4.0113772380000228,0,null],[119.63000715500004,-4.0112776240000017,0,null],[119.62991397300004,-4.0111774960000162,0,null],[119.62986170500005,-4.0111389290000261,0,null],[119.62966483499997,-4.0110032690000139,0,null],[119.62951660600004,-4.0108889719999752,0,null],[119.62943857699997,-4.0108361399999808,0,null],[119.62937489800004,-4.0108033480000245,0,null],[119.62933055400003,-4.0107855570000197,0,null],[119.62921090999998,-4.0107591359999901,0,null],[119.62917914599996,-4.0107551969999804,0,null],[119.62909007899998,-4.0107441519999725,0,null],[119.62880949099997,-4.0107093550000172,0,null],[119.62858693199996,-4.0106817550000073,0,null],[119.628353586,-4.0106600350000008,0,null],[119.62767366100002,-4.0105967470000223,0,null],[119.62702353999998,-4.0105324849999988,0,null],[119.62657114499996,-4.0104898490000096,0,null],[119.626039784,-4.0104166329999771,0,null],[119.62601872400001,-4.0104129169999965,0,null],[119.62601169699997,-4.0104492180000193,0,null],[119.62598204200003,-4.0105576319999727,0,null],[119.62581126099997,-4.0109864379999749,0,null],[119.62567442900001,-4.0113089660000014,0,null],[119.625597105,-4.0115325749999897,0,null],[119.62550304199999,-4.0117581320000113,0,null],[119.62544138400006,-4.0119412220000186,0,null],[119.62538560300004,-4.0121068590000277,0,null],[119.62538125100002,-4.0121247480000193,0,null],[119.62521660899995,-4.0126683760000219,0,null],[119.62516397000002,-4.0128866179999818,0,null],[119.62506042500002,-4.0135669960000087,0,null],[119.62496508799995,-4.0141335280000021,0,null],[119.62494256000002,-4.0142368979999787,0,null],[119.62492273099997,-4.0142905239999891,0,null],[119.62488683900006,-4.014384371999995,0,null],[119.62483391900003,-4.0145146219999788,0,null],[119.62440015300001,-4.0152958900000044,0,null],[119.62442217099999,-4.0153086899999835,0,null],[119.62442196500001,-4.0153090379999981,0,null],[119.62442703900001,-4.015311521000001,0,null],[119.62443141300002,-4.0153136600000039,0,null],[119.62484124499997,-4.0154766630000154,0,null],[119.62515707099999,-4.0155392230000189,0,null],[119.62546660800001,-4.0155808139999749,0,null],[119.62553519799997,-4.0155853750000006,0,null],[119.62558659800004,-4.0155756450000126,0,null],[119.62581303399998,-4.0155003099999931,0,null],[119.62587012100005,-4.0154819539999949,0,null],[119.62623285699999,-4.0154386990000148,0,null],[119.62641856000005,-4.0154323620000127,0,null],[119.62647946599998,-4.015416861999995,0,null],[119.62653933900003,-4.015376496999977,0,null],[119.62658952699996,-4.0153246479999893,0,null],[119.62661441800003,-4.0153255629999762,0,null],[119.62669643300001,-4.0153587739999921,0,null],[119.62669932400001,-4.0153692860000092,0,null],[119.62669583499996,-4.0154697250000027,0,null],[119.62670842800003,-4.0155356800000277,0,null],[119.62672396300002,-4.0156284070000083,0,null],[119.62674895299995,-4.0156991040000207,0,null],[119.62690855599999,-4.0161682109999788,0,null],[119.62692246999995,-4.0161648600000035,0,null],[119.62725141800001,-4.0160901090000038,0,null],[119.62724959599996,-4.0160787570000025,0,null],[119.62738581099995,-4.0160472329999948,0,null],[119.627407189,-4.0160828809999884,0,null],[119.62763159400004,-4.0160279080000123,0,null],[119.62765176899995,-4.0160620670000071,0,null],[119.62780209599998,-4.0160706369999843,0,null],[119.62781349900001,-4.0161288020000256,0,null],[119.62784094400001,-4.0161395719999859,0,null],[119.62793733299998,-4.0161426529999744,0,null],[119.62795454499997,-4.0161641170000166,0,null],[119.62798387299995,-4.0161769349999759,0,null],[119.62802960700003,-4.0161825260000228,0,null],[119.62806605100002,-4.0161867119999783,0,null],[119.62810036600001,-4.016195209999978,0,null],[119.628169695,-4.0162078980000047,0,null],[119.62820978100001,-4.0162273199999845,0,null],[119.62824911799999,-4.0162497260000123,0,null],[119.62827201000005,-4.0162601729999778,0,null],[119.62829869300003,-4.0162648689999969,0,null],[119.62833488499996,-4.0162647519999837,0,null],[119.62836438199997,-4.0162560489999919,0,null],[119.62839956300002,-4.0162377620000029,0,null],[119.62844142100005,-4.0162223240000117,0,null],[119.62850142000002,-4.0162211740000089,0,null],[119.62855003000004,-4.0162324940000076,0,null],[119.62860626199995,-4.0162447469999734,0,null],[119.62867864899999,-4.0162454690000118,0,null],[119.62872624500005,-4.0162376640000161,0,null],[119.62880160600002,-4.0162348840000277,0,null],[119.62883767400001,-4.0162363480000067,0,null],[119.62889938499995,-4.0158774770000036,0,null],[119.62960338100004,-4.0160541989999956,0,null],[119.62956699100005,-4.016161301000011,0,null],[119.62996090900003,-4.0162753320000206,0,null],[119.62998214799995,-4.0162821920000056,0,null],[119.63001941499999,-4.0161684479999735,0,null],[119.63019671999996,-4.0156592210000213,0,null],[119.63021848300002,-4.0156090020000192,0,null],[119.63023485300005,-4.0155490739999777,0,null],[119.63024349399996,-4.0155174409999859,0,null],[119.630245425,-4.0155103710000049,0,null],[119.63025103300004,-4.0154898420000222,0,null],[119.63025246699999,-4.0154792260000249,0,null],[119.63025455699994,-4.0154637470000125,0,null],[119.63026711700002,-4.0153707339999869,0,null],[119.630272655,-4.0153538690000232,0,null],[119.63028140100005,-4.0153323700000101,0,null],[119.63031191699997,-4.0152155279999988,0,null],[119.63039201300001,-4.0149472620000211,0,null],[119.63043992899998,-4.0148532549999913,0,null],[119.63050209699998,-4.0147490389999803,0,null],[119.630555383,-4.0146591989999934,0,null],[119.63062750500001,-4.0145029440000144,0,null],[119.63077390700005,-4.0141210849999993,0,null],[119.63086933700004,-4.0138081349999766,0,null],[119.63094178599999,-4.0135681890000114,0,null],[119.631023863,-4.0133604920000039,0,null],[119.631114776,-4.013124074000018,0,null],[119.63121291200002,-4.0129501839999762,0,null],[119.63117603000001,-4.0129200310000215,0,null],[119.63074833899998,-4.0124569330000099,0,null],[119.63048126499996,-4.0121469470000193,0,null],[119.63048265999998,-4.0120249949999902,0,null],[119.63044709099995,-4.0118846299999973,0,null],[119.63029652700004,-4.0117105630000083,0,null],[119.63027570300005,-4.0117136189999769,0,null],[119.63025423600004,-4.0117017320000059,0,null],[119.63023452300001,-4.0116802759999928,0,null],[119.63014857999997,-4.0114915569999994,0,null]]]},"properties":{"FID":37398,"OBJECTID":117824,"NAMOBJ":"Ujung Bulu","FCODE":"BA03070040","REMARK":"Pemerintah Kota Parepare, Tahun 2010","METADATA":"TASWIL1000020230928_DATA_BATAS_DESAKELURAHAN","SRS_ID":"SRGI 2013","KDBBPS":" ","KDCBPS":" ","KDCPUM":"73.72.02","KDEBPS":" ","KDEPUM":"73.72.02.1003","KDPBPS":" ","KDPKAB":"73.72","KDPPUM":"73","LUASWH":34.556889859999998,"TIPADM":2,"WADMKC":"Ujung","WADMKD":"Ujung Bulu","WADMKK":"Kota Parepare","WADMPR":"Sulawesi Selatan","WIADKC":" ","WIADKK":" ","WIADPR":" ","WIADKD":" ","UUPP":"Data dari Pemerintah Daerah","LUAS":34.556889859999998,"SHAPE_AREA":2.8141495696699999e-05,"SHAPE_LEN":0.022019285154299999}},{"type":"Feature","id":37401,"geometry":{"type":"Polygon","coordinates":[[[119.62801028900003,-4.0389578240000219,0,null],[119.627987727,-4.0389559559999952,0,null],[119.62777838800002,-4.0389386179999747,0,null],[119.62691815400001,-4.0388859349999962,0,null],[119.62692003300003,-4.0388669729999833,0,null],[119.62692182499995,-4.0388488959999904,0,null],[119.62692124600005,-4.0388488699999812,0,null],[119.62692363500003,-4.038813226000002,0,null],[119.62685151999995,-4.0388077449999855,0,null],[119.62659396000004,-4.0387741249999749,0,null],[119.62655965099998,-4.038767541000027,0,null],[119.62655114300003,-4.0387876539999752,0,null],[119.62639957199997,-4.0387470179999809,0,null],[119.62629575000005,-4.0387454419999926,0,null],[119.62624624099999,-4.0387513420000118,0,null],[119.62614629899997,-4.038771751000013,0,null],[119.62610535399995,-4.0387747539999737,0,null],[119.62603482099996,-4.0387587230000008,0,null],[119.62601001999997,-4.0387473260000206,0,null],[119.62599942600002,-4.0387110149999899,0,null],[119.625982099,-4.038693018999993,0,null],[119.62588378099997,-4.0385870499999896,0,null],[119.62585419300001,-4.0385680169999887,0,null],[119.625803765,-4.0385567480000191,0,null],[119.625746392,-4.0385138479999796,0,null],[119.62566129499999,-4.038411783000015,0,null],[119.62555081200003,-4.0382608940000182,0,null],[119.62554214099998,-4.0382493660000023,0,null],[119.62553048400002,-4.0382566949999728,0,null],[119.62549308799998,-4.0382871799999975,0,null],[119.62541918199997,-4.0383474299999875,0,null],[119.625415664,-4.038350462999972,0,null],[119.62529712599996,-4.0384526600000186,0,null],[119.62520024000003,-4.0385487699999771,0,null],[119.62511415400002,-4.0386448460000111,0,null],[119.62504247200002,-4.0387426820000201,0,null],[119.62499751500002,-4.0388199129999975,0,null],[119.62494760100003,-4.03890566299998,0,null],[119.62491549699996,-4.0389973430000055,0,null],[119.624883393,-4.0390890319999926,0,null],[119.62485129000004,-4.039180712000018,0,null],[119.62482279699998,-4.0392756979999831,0,null],[119.62479430400003,-4.0393706830000156,0,null],[119.62476580199996,-4.039462957000012,0,null],[119.62473729999999,-4.0395552310000085,0,null],[119.62470611900005,-4.0396538389999819,0,null],[119.62467493700001,-4.0397524480000016,0,null],[119.62464480400001,-4.0398971440000082,0,null],[119.62462350199996,-4.0399893950000205,0,null],[119.62460220000003,-4.040081645999976,0,null],[119.62456307299999,-4.0402281780000067,0,null],[119.62454088799996,-4.0403258540000024,0,null],[119.62451870300004,-4.0404235299999982,0,null],[119.624502173,-4.0405196649999766,0,null],[119.62449926800002,-4.0405365610000104,0,null],[119.62447983200002,-4.0406495909999762,0,null],[119.62446122999995,-4.0407418330000269,0,null],[119.62444262700001,-4.0408340750000207,0,null],[119.62442046299998,-4.0409380770000212,0,null],[119.62439829899995,-4.0410420790000217,0,null],[119.62438300099996,-4.0411349159999759,0,null],[119.62436769399994,-4.0412277440000253,0,null],[119.62435239700005,-4.0413205799999901,0,null],[119.62433289000001,-4.0414116229999877,0,null],[119.62431338399995,-4.0415026570000236,0,null],[119.624293878,-4.0415937000000213,0,null],[119.62425121499996,-4.0417601259999856,0,null],[119.62423350699999,-4.0418505580000215,0,null],[119.62421579900001,-4.0419409890000111,0,null],[119.62419812300004,-4.0420413620000204,0,null],[119.62418044599997,-4.0421417339999834,0,null],[119.62414840600002,-4.0422529990000271,0,null],[119.62411636499996,-4.0423642630000245,0,null],[119.62408612499996,-4.0424755209999716,0,null],[119.62405588399997,-4.0425867789999756,0,null],[119.62402289700003,-4.0426835860000097,0,null],[119.62398990999998,-4.0427803939999762,0,null],[119.62395876899996,-4.0428916550000054,0,null],[119.62392762900004,-4.0430029159999776,0,null],[119.62389919099996,-4.0431150719999778,0,null],[119.62387075300001,-4.0432272279999779,0,null],[119.62384680900004,-4.0433375619999765,0,null],[119.62382286499997,-4.0434478959999751,0,null],[119.62379976499994,-4.043540758000006,0,null],[119.62377666500004,-4.0436336110000184,0,null],[119.62375356500002,-4.0437264729999924,0,null],[119.62372156799995,-4.0438512929999888,0,null],[119.623689571,-4.0439761139999746,0,null],[119.62366916300005,-4.0440665539999827,0,null],[119.62364875499998,-4.0441569939999908,0,null],[119.62363047099996,-4.0442558600000211,0,null],[119.62362127100005,-4.0443056350000006,0,null],[119.62361219599995,-4.0443547340000237,0,null],[119.62359391200005,-4.0444535990000077,0,null],[119.62357081200003,-4.0445467600000029,0,null],[119.62354771299999,-4.0446399200000087,0,null],[119.62353001400004,-4.0447330630000238,0,null],[119.62351231399998,-4.0448262049999926,0,null],[119.62348511300002,-4.0449143810000123,0,null],[119.62346930199999,-4.0449656189999814,0,null],[119.62345790300003,-4.0450025569999752,0,null],[119.62344619600003,-4.0450405070000102,0,null],[119.62343070199995,-4.045090732999995,0,null],[119.62341981400004,-4.0451260159999833,0,null],[119.62340349199997,-4.0451789090000148,0,null],[119.62337563300002,-4.0452780219999909,0,null],[119.62334777299998,-4.0453771360000133,0,null],[119.623319907,-4.0454762489999894,0,null],[119.62329098199996,-4.0455824420000113,0,null],[119.62326205700003,-4.0456886260000147,0,null],[119.62323652099997,-4.045835612000019,0,null],[119.623259491,-4.0459008330000188,0,null],[119.623288957,-4.0459627609999984,0,null],[119.62328464200004,-4.0459879819999855,0,null],[119.62326846500002,-4.0460825330000034,0,null],[119.62316114999999,-4.0467097619999777,0,null],[119.62319066099997,-4.046704343999977,0,null],[119.62622300199996,-4.0468096339999988,0,null],[119.62707014900002,-4.0466609700000049,0,null],[119.62743567400003,-4.0466597810000167,0,null],[119.63032705399996,-4.0474116180000124,0,null],[119.63274472900002,-4.0480402779999736,0,null],[119.63283441399994,-4.04806359600002,0,null],[119.63281932400002,-4.0479693720000114,0,null],[119.63265232000003,-4.0473063019999813,0,null],[119.63239020100002,-4.0463640950000013,0,null],[119.63220830700004,-4.0460401149999825,0,null],[119.632098412,-4.0458155590000047,0,null],[119.632078267,-4.0457711500000073,0,null],[119.63205794099997,-4.0456707879999954,0,null],[119.63205620199994,-4.0455746700000077,0,null],[119.63204166499997,-4.0454972449999786,0,null],[119.63203004100001,-4.0454370260000019,0,null],[119.63200843499999,-4.0453825779999875,0,null],[119.63196398000002,-4.0453310739999893,0,null],[119.63188238800001,-4.0452825610000218,0,null],[119.63167776800003,-4.0451842339999757,0,null],[119.63151037299997,-4.0451101759999801,0,null],[119.63138854800002,-4.0450478829999952,0,null],[119.63137474600001,-4.0450408259999904,0,null],[119.63137220999999,-4.045037509999986,0,null],[119.63131142700001,-4.0449989179999761,0,null],[119.63127699500001,-4.0449545550000039,0,null],[119.63124692400004,-4.0449331329999723,0,null],[119.63121259900004,-4.0449217670000053,0,null],[119.63116685800003,-4.0449147420000031,0,null],[119.63110823600005,-4.0449005859999829,0,null],[119.63102816100002,-4.0448793269999896,0,null],[119.630905138,-4.0448309480000262,0,null],[119.63077195699998,-4.0447338230000014,0,null],[119.63071028299998,-4.0446594200000163,0,null],[119.63068294899995,-4.0446006870000133,0,null],[119.63063960299996,-4.0444926690000216,0,null],[119.63056556699996,-4.044295988999977,0,null],[119.63056157400001,-4.0442786109999815,0,null],[119.63051460500003,-4.0441495919999966,0,null],[119.63043827900003,-4.0440448260000039,0,null],[119.63038693500005,-4.0440722519999781,0,null],[119.63027989499994,-4.0441070329999889,0,null],[119.62984581600006,-4.0441816140000242,0,null],[119.62925877400005,-4.044230959999993,0,null],[119.62922360499999,-4.0442308240000102,0,null],[119.62921095599995,-4.0442316659999733,0,null],[119.62921603500001,-4.0439411190000101,0,null],[119.62921619400004,-4.0435808880000081,0,null],[119.62920873099995,-4.043541590000018,0,null],[119.62921603200004,-4.0432395390000124,0,null],[119.62921581600006,-4.043227021000007,0,null],[119.629216778,-4.043206103999978,0,null],[119.62922398800004,-4.0428825409999831,0,null],[119.62922132699998,-4.0427955119999979,0,null],[119.62921537,-4.0427204499999903,0,null],[119.62921045300004,-4.0426726430000031,0,null],[119.62918183099998,-4.0425096600000074,0,null],[119.62915480300001,-4.0423983210000074,0,null],[119.629078832,-4.0421728439999924,0,null],[119.62900055900002,-4.0419717639999817,0,null],[119.62892092300001,-4.0417912529999853,0,null],[119.62878243800003,-4.0415258070000277,0,null],[119.62861142899999,-4.0412135959999773,0,null],[119.62859669900001,-4.0411885500000153,0,null],[119.62844767299998,-4.0409310790000177,0,null],[119.62838095200004,-4.0408098300000006,0,null],[119.62827872900004,-4.0406240670000102,0,null],[119.62811641200005,-4.0403302610000082,0,null],[119.62808369300001,-4.0402668770000219,0,null],[119.62793343600003,-4.0399851490000174,0,null],[119.62790103899999,-4.0399070639999763,0,null],[119.62787344799995,-4.039768706000018,0,null],[119.62787169600006,-4.0396682830000259,0,null],[119.62787852300005,-4.0395699850000142,0,null],[119.62789954100003,-4.0394578899999942,0,null],[119.62791573899995,-4.0393879869999978,0,null],[119.62801028900003,-4.0389578240000219,0,null]]]},"properties":{"FID":37401,"OBJECTID":117877,"NAMOBJ":"Sumpang Minangae","FCODE":"BA03070040","REMARK":"Pemerintah Kota Parepare, Tahun 2010","METADATA":"TASWIL1000020230928_DATA_BATAS_DESAKELURAHAN","SRS_ID":"SRGI 2013","KDBBPS":" ","KDCBPS":" ","KDCPUM":"73.72.04","KDEBPS":" ","KDEPUM":"73.72.04.1005","KDPBPS":" ","KDPKAB":"73.72","KDPPUM":"73","LUASWH":59.021884249999999,"TIPADM":2,"WADMKC":"Bacukiki Barat","WADMKD":"Sumpang Minangae","WADMKK":"Kota Parepare","WADMPR":"Sulawesi Selatan","WIADKC":" ","WIADKK":" ","WIADPR":" ","WIADKD":" ","UUPP":"Data dari Pemerintah Daerah","LUAS":59.021884249999999,"SHAPE_AREA":4.8066377307400001e-05,"SHAPE_LEN":0.033478103549500003}},{"type":"Feature","id":37453,"geometry":{"type":"Polygon","coordinates":[[[119.63916719899998,-4.0063346929999852,0,null],[119.63916019700002,-4.0060701049999921,0,null],[119.63897284400002,-4.0060562250000089,0,null],[119.63881265600003,-4.0060345570000209,0,null],[119.63854736999997,-4.0059733950000123,0,null],[119.63842609599999,-4.005935414000021,0,null],[119.63838140500002,-4.0059214170000246,0,null],[119.63837306599999,-4.0059188050000216,0,null],[119.63834296799996,-4.005909379000002,0,null],[119.63822063299995,-4.005871065000008,0,null],[119.63821849099998,-4.0058700519999775,0,null],[119.63806767100004,-4.005822481999985,0,null],[119.63805193099995,-4.0058146420000185,0,null],[119.63796562000005,-4.0057503900000029,0,null],[119.63770327300006,-4.0055675699999824,0,null],[119.63733391200003,-4.0053241510000248,0,null],[119.63712941999995,-4.0057000900000048,0,null],[119.63712158299995,-4.0057136350000064,0,null],[119.63677789300004,-4.0054565030000049,0,null],[119.63674647599998,-4.0054016889999957,0,null],[119.63667522699996,-4.0052939990000027,0,null],[119.63652492599999,-4.0052012300000115,0,null],[119.63641007199999,-4.0051583879999839,0,null],[119.63631255200005,-4.0051308999999833,0,null],[119.63632240300001,-4.0051085919999991,0,null],[119.63616193799999,-4.0050456420000273,0,null],[119.63600806800002,-4.0050525839999978,0,null],[119.63596109000002,-4.0051378850000106,0,null],[119.63591171999997,-4.0051171229999909,0,null],[119.63576991699995,-4.0053734840000175,0,null],[119.63573505299996,-4.0054706320000264,0,null],[119.63572059399996,-4.0054626520000056,0,null],[119.635642222,-4.0054315990000191,0,null],[119.63525956900003,-4.0053978029999939,0,null],[119.63524540100002,-4.0054349110000089,0,null],[119.63520654000001,-4.0055677440000181,0,null],[119.63518317399996,-4.0057065049999778,0,null],[119.63517278100005,-4.0058069670000123,0,null],[119.63516744699996,-4.0059632179999767,0,null],[119.634908301,-4.0059357040000236,0,null],[119.63463583500004,-4.0059117150000247,0,null],[119.63437662399997,-4.0058628169999793,0,null],[119.63422029599997,-4.0058212370000206,0,null],[119.63410398099995,-4.0057833550000055,0,null],[119.63396848299999,-4.0057034499999986,0,null],[119.63381762699998,-4.0058837500000095,0,null],[119.63353995099999,-4.006315050000012,0,null],[119.63343384699999,-4.0066303009999729,0,null],[119.63330083200003,-4.0065380479999817,0,null],[119.63316520299998,-4.0063667269999996,0,null],[119.63281624299998,-4.0061601059999816,0,null],[119.632748741,-4.0061292240000057,0,null],[119.63275904199998,-4.0060000700000273,0,null],[119.63275289800004,-4.0059403110000176,0,null],[119.63273142699995,-4.0058457650000037,0,null],[119.63267020299998,-4.0057684160000235,0,null],[119.63235289500005,-4.0055709750000119,0,null],[119.63178634899998,-4.005241629000011,0,null],[119.63132603600002,-4.0049992169999769,0,null],[119.631032764,-4.0048722369999723,0,null],[119.63076695799998,-4.0047714699999801,0,null],[119.63054539500001,-4.0047315339999727,0,null],[119.63015118999999,-4.0046861769999964,0,null],[119.63003195099998,-4.0046420929999726,0,null],[119.62998834400003,-4.0046272420000264,0,null],[119.62997623000001,-4.0046957220000081,0,null],[119.62991220599997,-4.0052253270000051,0,null],[119.62974471099994,-4.0064582620000238,0,null],[119.62908147200005,-4.006345624000005,0,null],[119.62895422099996,-4.0073205030000167,0,null],[119.62791851999998,-4.0072230949999721,0,null],[119.62783057000001,-4.0082095640000261,0,null],[119.62786030999996,-4.0082124030000159,0,null],[119.62880367499997,-4.0083097539999812,0,null],[119.62979165599995,-4.0084117790000278,0,null],[119.63067482300005,-4.00849883799998,0,null],[119.63123976400004,-4.0085486639999885,0,null],[119.63199440799997,-4.0086523960000022,0,null],[119.63203916500004,-4.0086503389999848,0,null],[119.63209436099999,-4.0086367700000096,0,null],[119.63212952100002,-4.0086117889999855,0,null],[119.63216081500002,-4.0085696040000016,0,null],[119.63221475299997,-4.0084603939999965,0,null],[119.63237568900001,-4.0078582639999922,0,null],[119.63242169,-4.0076496080000084,0,null],[119.63342877000002,-4.0077687840000067,0,null],[119.63379506900003,-4.0077989249999746,0,null],[119.63385936300006,-4.0078008699999828,0,null],[119.63393865700004,-4.0078027659999975,0,null],[119.63401221699996,-4.0077982239999983,0,null],[119.634074317,-4.007784393999998,0,null],[119.63419272800002,-4.0077330810000262,0,null],[119.63443867700005,-4.0075809279999817,0,null],[119.63486927099996,-4.0073162730000149,0,null],[119.634972597,-4.0072384669999792,0,null],[119.63500250499999,-4.0072096769999916,0,null],[119.63503593300004,-4.0071643759999915,0,null],[119.63514112300004,-4.0069997659999785,0,null],[119.63538068399998,-4.0066374529999962,0,null],[119.63546180200001,-4.0065396329999885,0,null],[119.63552665600002,-4.0064935130000094,0,null],[119.63563920299998,-4.0063955919999898,0,null],[119.63571534599998,-4.0063056779999897,0,null],[119.63578781800004,-4.0061849310000071,0,null],[119.63590824000005,-4.0058696300000065,0,null],[119.63598409999997,-4.0056914849999998,0,null],[119.63601182699995,-4.0056505069999844,0,null],[119.63603390799994,-4.0056310680000138,0,null],[119.63605530500001,-4.0056209559999729,0,null],[119.63608884999996,-4.0056122390000155,0,null],[119.63611384800004,-4.005611440999985,0,null],[119.63613099300005,-4.0056121029999758,0,null],[119.63615715399999,-4.0056180240000003,0,null],[119.63626721200001,-4.0056893889999969,0,null],[119.63658619199998,-4.005962860000011,0,null],[119.63704847300005,-4.0063735969999925,0,null],[119.63735512699998,-4.0066643239999848,0,null],[119.63752317199999,-4.006795770999986,0,null],[119.63783226400005,-4.0069554560000142,0,null],[119.63814727600004,-4.0070691490000172,0,null],[119.63825600200005,-4.0070861599999716,0,null],[119.63844129300003,-4.0071029229999908,0,null],[119.63856327600001,-4.0071358719999921,0,null],[119.63872294099997,-4.0067923560000054,0,null],[119.63880961300003,-4.0066450219999865,0,null],[119.63886792799997,-4.006564491000006,0,null],[119.63893199899996,-4.0064968539999768,0,null],[119.63901750000002,-4.0064298649999728,0,null],[119.63916719899998,-4.0063346929999852,0,null]]]},"properties":{"FID":37453,"OBJECTID":117825,"NAMOBJ":"Ujung Lare","FCODE":"BA03070040","REMARK":"Pemerintah Kota Parepare, Tahun 2010","METADATA":"TASWIL1000020230928_DATA_BATAS_DESAKELURAHAN","SRS_ID":"SRGI 2013","KDBBPS":" ","KDCBPS":" ","KDCPUM":"73.72.03","KDEBPS":" ","KDEPUM":"73.72.03.1005","KDPBPS":" ","KDPKAB":"73.72","KDPPUM":"73","LUASWH":24.424337489999999,"TIPADM":2,"WADMKC":"Soreang","WADMKD":"Ujung Lare","WADMKK":"Kota Parepare","WADMPR":"Sulawesi Selatan","WIADKC":" ","WIADKK":" ","WIADPR":" ","WIADKD":" ","UUPP":"Data dari Pemerintah Daerah","LUAS":24.424337489999999,"SHAPE_AREA":1.9889866964399999e-05,"SHAPE_LEN":0.031826854839800002}},{"type":"Feature","id":37461,"geometry":{"type":"Polygon","coordinates":[[[119.62395238500005,-4.0034968680000134,0,null],[119.623842083,-4.0034315030000016,0,null],[119.62374835200001,-4.0033848269999908,0,null],[119.62365462100001,-4.0033381520000262,0,null],[119.62358509299997,-4.003303528999993,0,null],[119.62356089000002,-4.0032914770000048,0,null],[119.62351618299999,-4.0032713560000275,0,null],[119.62347450000004,-4.0032525949999922,0,null],[119.62338810999995,-4.0032137129999796,0,null],[119.62330172899999,-4.0031748320000133,0,null],[119.62321533900001,-4.0031359500000008,0,null],[119.62312894900003,-4.0030970679999882,0,null],[119.62304256899995,-4.0030581870000219,0,null],[119.62293469600002,-4.0030158039999719,0,null],[119.62282682199998,-4.002973422000025,0,null],[119.62271894900005,-4.0029310300000134,0,null],[119.62258703299995,-4.0028553409999859,0,null],[119.62250104700001,-4.002793521000001,0,null],[119.62249726300001,-4.0027903590000165,0,null],[119.62242703000004,-4.0027316619999738,0,null],[119.622362479,-4.0026271980000274,0,null],[119.62232462899999,-4.0025313869999763,0,null],[119.62228677999997,-4.0024355759999821,0,null],[119.62224892100005,-4.0023397659999773,0,null],[119.622230726,-4.0022891059999779,0,null],[119.62221612400003,-4.0022366179999835,0,null],[119.62222680000002,-4.0021894989999964,0,null],[119.62225920499998,-4.0021694679999769,0,null],[119.62232447300005,-4.0021581990000072,0,null],[119.62240886899997,-4.0021436279999989,0,null],[119.62247740099997,-4.0021361600000205,0,null],[119.62254411599997,-4.0021232660000123,0,null],[119.62261622699998,-4.0021067310000262,0,null],[119.62267386400003,-4.0020775720000188,0,null],[119.62271610000005,-4.0020276220000142,0,null],[119.62271869100005,-4.0019904790000282,0,null],[119.62269156100001,-4.0019688309999992,0,null],[119.62265720899995,-4.0019453990000216,0,null],[119.62258679299998,-4.0019293220000236,0,null],[119.62250199799996,-4.0019277860000102,0,null],[119.622354051,-4.0019246370000019,0,null],[119.62222043099996,-4.0018906519999859,0,null],[119.62207835799995,-4.0018506179999918,0,null],[119.62206152600004,-4.001845875000015,0,null],[119.62192896099998,-4.0018155459999889,0,null],[119.62182071500001,-4.0018140770000059,0,null],[119.62172870500001,-4.0018161890000101,0,null],[119.621647553,-4.0018255049999993,0,null],[119.62154839899995,-4.0018475580000086,0,null],[119.62148175899995,-4.0018839940000248,0,null],[119.62142230100005,-4.0019095440000001,0,null],[119.62141111799997,-4.0019162460000075,0,null],[119.62137368200001,-4.0019386829999917,0,null],[119.62132865900003,-4.0019641869999987,0,null],[119.621276384,-4.0019788409999819,0,null],[119.62121504699996,-4.0019790380000018,0,null],[119.62119893199997,-4.0019773419999751,0,null],[119.62114827799996,-4.0019720129999996,0,null],[119.62109411899996,-4.0019631320000144,0,null],[119.62105907800003,-4.0019609299999956,0,null],[119.62095697999996,-4.0019545160000121,0,null],[119.62092214200004,-4.0019620389999773,0,null],[119.62086271700002,-4.0020232319999991,0,null],[119.620831479,-4.0021046690000048,0,null],[119.62081714600004,-4.002196218999984,0,null],[119.62081295600001,-4.0022933849999731,0,null],[119.62081335100004,-4.0024176480000051,0,null],[119.62081707100003,-4.0025260859999889,0,null],[119.62083312499999,-4.0026220569999964,0,null],[119.62086156299995,-4.0027213779999897,0,null],[119.62089323999999,-4.002777760000015,0,null],[119.62093059100005,-4.002849939999976,0,null],[119.62095549000003,-4.0028973060000226,0,null],[119.620984959,-4.002967252000019,0,null],[119.62100658400004,-4.0030462600000192,0,null],[119.62103628800003,-4.003189634000023,0,null],[119.62104591399998,-4.0032794169999875,0,null],[119.62106212699996,-4.003425094000022,0,null],[119.62107714199999,-4.0035481809999851,0,null],[119.62109223300001,-4.0036949899999854,0,null],[119.62110056400002,-4.0038384329999985,0,null],[119.62110767599995,-4.0039525079999976,0,null],[119.62111478899999,-4.0040665829999966,0,null],[119.62112312700003,-4.0042122840000047,0,null],[119.62113374399996,-4.0043670160000033,0,null],[119.621139728,-4.0044799649999732,0,null],[119.62115122499995,-4.0045578759999785,0,null],[119.62116494600002,-4.0046278720000146,0,null],[119.62119289700001,-4.0047010310000246,0,null],[119.62120205099995,-4.0047272009999801,0,null],[119.62122144199998,-4.0047601699999973,0,null],[119.62125222700001,-4.0048079160000043,0,null],[119.62128184599999,-4.0048454070000048,0,null],[119.62137663700003,-4.0049254099999985,0,null],[119.62140260199999,-4.0049432110000112,0,null],[119.62143832300001,-4.0049723600000107,0,null],[119.62146770300001,-4.0050421789999859,0,null],[119.62147592199995,-4.0050828029999934,0,null],[119.62147443200001,-4.0051234489999956,0,null],[119.62147135800001,-4.005175496999982,0,null],[119.62147149299994,-4.0052177640000082,0,null],[119.62148294999997,-4.005255123999973,0,null],[119.62149495899996,-4.0052720319999935,0,null],[119.62150127200005,-4.0052809210000078,0,null],[119.62151060300005,-4.0052940589999935,0,null],[119.62155864500005,-4.0053292680000254,0,null],[119.62158913899998,-4.0053675789999943,0,null],[119.62162981500001,-4.0054239329999746,0,null],[119.62166261699997,-4.0054803109999852,0,null],[119.62166980999996,-4.0055233950000115,0,null],[119.62167637799996,-4.0055627340000228,0,null],[119.62167556999998,-4.005662147999999,0,null],[119.62167022599999,-4.0057502799999725,0,null],[119.62166034699999,-4.0058271300000001,0,null],[119.62164718300005,-4.0059322320000206,0,null],[119.62163446099999,-4.0059956380000017,0,null],[119.62162835799995,-4.0060260559999961,0,null],[119.62162151699999,-4.0060597639999855,0,null],[119.62159784400001,-4.006176408999977,0,null],[119.62156172100003,-4.0062951340000268,0,null],[119.62152382399995,-4.0064048340000227,0,null],[119.62149376499997,-4.0065032129999736,0,null],[119.62145250799995,-4.0066174429999819,0,null],[119.62144995400001,-4.0066297760000111,0,null],[119.62143954500004,-4.0066800490000105,0,null],[119.62143589000004,-4.0066977039999756,0,null],[119.62142489999997,-4.0067790759999866,0,null],[119.62141955599998,-4.0068672080000169,0,null],[119.62142771499998,-4.0069564269999773,0,null],[119.62143802200001,-4.0070140070000093,0,null],[119.621455137,-4.0070896409999932,0,null],[119.62146326699997,-4.0071698219999803,0,null],[119.62146130099995,-4.0072590730000002,0,null],[119.62145288600004,-4.0073131999999987,0,null],[119.62145130199997,-4.0073233859999959,0,null],[119.62144917600006,-4.0073370590000081,0,null],[119.62144631700005,-4.0073485880000135,0,null],[119.621444225,-4.0073570229999973,0,null],[119.62142029899996,-4.0074535090000154,0,null],[119.62139471800003,-4.0075450950000118,0,null],[119.62135799999999,-4.0076717370000097,0,null],[119.62133137299998,-4.0077881799999773,0,null],[119.62130693500001,-4.0078854110000179,0,null],[119.62129754,-4.007920447999993,0,null],[119.62128698699996,-4.0079598010000268,0,null],[119.62128358999996,-4.0079724710000164,0,null],[119.62125351999998,-4.008067460999996,0,null],[119.62121895799999,-4.0081647239999825,0,null],[119.62117763900005,-4.0082597499999792,0,null],[119.62114075500006,-4.0083344280000119,0,null],[119.62110171200004,-4.0084373540000229,0,null],[119.62108819599996,-4.0084864340000195,0,null],[119.62107652500003,-4.0085288139999875,0,null],[119.62107057399999,-4.0085504219999848,0,null],[119.62105183599999,-4.0086713580000151,0,null],[119.62102743100002,-4.0087787560000265,0,null],[119.62100862399996,-4.0088782280000146,0,null],[119.62100219199999,-4.0089776600000278,0,null],[119.62100029800001,-4.0090895050000199,0,null],[119.62099962299999,-4.0091674450000028,0,null],[119.62099947599995,-4.009184399999981,0,null],[119.62099528199997,-4.0092804369999726,0,null],[119.62098330499998,-4.0094047399999795,0,null],[119.62097004700001,-4.0094804710000176,0,null],[119.62096023300001,-4.0095776549999869,0,null],[119.62095269300005,-4.0096827390000271,0,null],[119.62095150899995,-4.009780343999978,0,null],[119.62095091200001,-4.0098296030000142,0,null],[119.62093667700003,-4.0099516550000089,0,null],[119.62092244200005,-4.0100737060000142,0,null],[119.62089126599994,-4.0101743469999747,0,null],[119.62084867099998,-4.0102219309999896,0,null],[119.62079938099998,-4.0102864809999801,0,null],[119.620751208,-4.0103487679999716,0,null],[119.62071211399996,-4.0104358789999992,0,null],[119.62069280799994,-4.010529001000009,0,null],[119.62068774099998,-4.0105534439999815,0,null],[119.62067714700004,-4.0106252140000151,0,null],[119.62067122400003,-4.0106653359999882,0,null],[119.62065248099998,-4.0107851419999747,0,null],[119.62064045800003,-4.0108947599999851,0,null],[119.62063544800003,-4.0109501109999997,0,null],[119.62069856100004,-4.0109529910000106,0,null],[119.62122900400004,-4.011021583999991,0,null],[119.62205890799999,-4.0111289079999892,0,null],[119.62228091700001,-4.0111507359999905,0,null],[119.62229284299997,-4.011152605999996,0,null],[119.62285505299997,-4.0112081209999815,0,null],[119.623034362,-4.0112296489999721,0,null],[119.62304055899995,-4.0112262279999982,0,null],[119.62326745400003,-4.011100966000015,0,null],[119.62360639799999,-4.010760399999981,0,null],[119.62370586500003,-4.0106668249999871,0,null],[119.623753609,-4.0106308040000158,0,null],[119.62380350599994,-4.0105976450000185,0,null],[119.62384538200001,-4.0105787859999964,0,null],[119.62390314300001,-4.0105495500000075,0,null],[119.62396475399999,-4.0105390209999996,0,null],[119.62401189399998,-4.0105374350000034,0,null],[119.62408903699998,-4.0105364689999874,0,null],[119.62416189700002,-4.0105362350000178,0,null],[119.62422049500003,-4.0105439370000227,0,null],[119.62426839299997,-4.0105559770000241,0,null],[119.62432275100002,-4.0105780399999844,0,null],[119.62440005899998,-4.0106287230000248,0,null],[119.62482466400002,-4.0109465749999913,0,null],[119.62547126300001,-4.0114387429999852,0,null],[119.625597105,-4.0115325749999897,0,null],[119.62567442900001,-4.0113089660000014,0,null],[119.62581126099997,-4.0109864379999749,0,null],[119.62598204200003,-4.0105576319999727,0,null],[119.62601169699997,-4.0104492180000193,0,null],[119.62601872400001,-4.0104129169999965,0,null],[119.62603629199998,-4.0103221680000161,0,null],[119.62604878100001,-4.0102066360000208,0,null],[119.62608928400005,-4.0096928859999821,0,null],[119.62612077899996,-4.0092659649999973,0,null],[119.62616409500004,-4.0087378590000071,0,null],[119.62621016000003,-4.0081760300000155,0,null],[119.62622147499997,-4.008055904999992,0,null],[119.62516369699995,-4.007951692000006,0,null],[119.62500064999995,-4.0079343610000251,0,null],[119.624998226,-4.0079341030000251,0,null],[119.62480579500004,-4.0079136479999988,0,null],[119.62439071599999,-4.0078686830000265,0,null],[119.62432180300004,-4.0078614660000085,0,null],[119.62408435199995,-4.007836597999983,0,null],[119.62386907400003,-4.0078116130000012,0,null],[119.623751621,-4.0077979819999996,0,null],[119.62350127100001,-4.0077756370000088,0,null],[119.62329698200006,-4.0077399159999914,0,null],[119.62326180399998,-4.0077309530000207,0,null],[119.62318162899999,-4.0077105230000143,0,null],[119.62297381500002,-4.0076020559999961,0,null],[119.62292209199995,-4.0075762920000102,0,null],[119.62288510500002,-4.0075545999999918,0,null],[119.62299323000002,-4.0071142799999961,0,null],[119.62308997599996,-4.0064659660000075,0,null],[119.62322410900003,-4.0059681739999746,0,null],[119.62345424800003,-4.0049631489999911,0,null],[119.62356697799999,-4.0045288289999803,0,null],[119.62353827000004,-4.0045036469999786,0,null],[119.62342236100005,-4.0044437629999834,0,null],[119.62352029900001,-4.0042440259999807,0,null],[119.62374184500004,-4.0038301220000108,0,null],[119.62376259899997,-4.0038422499999911,0,null],[119.62393134800004,-4.0035234310000192,0,null],[119.62395238500005,-4.0034968680000134,0,null]]]},"properties":{"FID":37461,"OBJECTID":117881,"NAMOBJ":"Ujung Sabbang","FCODE":"BA03070040","REMARK":"Pemerintah Kota Parepare, Tahun 2010","METADATA":"TASWIL1000020230928_DATA_BATAS_DESAKELURAHAN","SRS_ID":"SRGI 2013","KDBBPS":" ","KDCBPS":" ","KDCPUM":"73.72.02","KDEBPS":" ","KDEPUM":"73.72.02.1002","KDPBPS":" ","KDPKAB":"73.72","KDPPUM":"73","LUASWH":33.678639879999999,"TIPADM":2,"WADMKC":"Ujung","WADMKD":"Ujung Sabbang","WADMKK":"Kota Parepare","WADMPR":"Sulawesi Selatan","WIADKC":" ","WIADKK":" ","WIADPR":" ","WIADKD":" ","UUPP":"Data dari Pemerintah Daerah","LUAS":33.678639879999999,"SHAPE_AREA":2.7426098157499999e-05,"SHAPE_LEN":0.0310502930474}},{"type":"Feature","id":37463,"geometry":{"type":"Polygon","coordinates":[[[119.63645262800003,-3.9964787850000221,0,null],[119.63656809300005,-3.996138722000012,0,null],[119.63662033599996,-3.995946306999997,0,null],[119.63684285099998,-3.994944184000019,0,null],[119.63706245499998,-3.9939248559999783,0,null],[119.63720101599995,-3.9933034850000126,0,null],[119.63728350600002,-3.9929112610000175,0,null],[119.63729741099996,-3.9927921380000271,0,null],[119.63728684700004,-3.9926157070000272,0,null],[119.637216631,-3.9919112320000067,0,null],[119.63721595200002,-3.9918849229999864,0,null],[119.63720150899996,-3.9916151749999926,0,null],[119.63720473000001,-3.991450063000002,0,null],[119.63724870600004,-3.9911846190000233,0,null],[119.63729384999999,-3.9910058570000047,0,null],[119.63742890900005,-3.990576453000017,0,null],[119.63767456000005,-3.9898345359999894,0,null],[119.63768538099998,-3.9897891989999721,0,null],[119.63770889199998,-3.9896752920000154,0,null],[119.63772169699996,-3.9895843880000257,0,null],[119.63772391800001,-3.989534166999988,0,null],[119.63772600100003,-3.9894409060000271,0,null],[119.63771725599997,-3.9893118140000183,0,null],[119.63769581899999,-3.9890714050000042,0,null],[119.637658472,-3.9887979100000166,0,null],[119.63762208699995,-3.9885876079999889,0,null],[119.63760030699996,-3.9884776860000102,0,null],[119.63757736800005,-3.9883718329999738,0,null],[119.63757287800001,-3.9883633809999992,0,null],[119.63751171399997,-3.9882469880000144,0,null],[119.637461444,-3.9881625040000017,0,null],[119.63732222600004,-3.9879599450000001,0,null],[119.63708834900001,-3.9876407639999911,0,null],[119.63675040199996,-3.9871648210000217,0,null],[119.636183577,-3.986352715999999,0,null],[119.63608372700003,-3.9861920999999825,0,null],[119.63604421000002,-3.9861197760000096,0,null],[119.63599528899999,-3.9860101799999939,0,null],[119.63596499699997,-3.9859184580000147,0,null],[119.635893517,-3.9856783789999781,0,null],[119.635759732,-3.9851630420000106,0,null],[119.63566804699997,-3.9848584669999809,0,null],[119.63555033600005,-3.9844557000000123,0,null],[119.63552287599998,-3.9843560780000189,0,null],[119.63551270699998,-3.9843030270000099,0,null],[119.63549950499998,-3.9841947510000182,0,null],[119.63547469100001,-3.9838045980000061,0,null],[119.63544246900005,-3.9831067299999745,0,null],[119.63544324400004,-3.9823182249999718,0,null],[119.63537990899999,-3.9823285780000219,0,null],[119.63533444899997,-3.9823360089999937,0,null],[119.63522370299995,-3.9823541119999959,0,null],[119.63512030499999,-3.9823788900000068,0,null],[119.63505817299995,-3.9823974980000116,0,null],[119.635008997,-3.9824181440000075,0,null],[119.63492431300006,-3.9824564269999883,0,null],[119.63485011499995,-3.9824896509999803,0,null],[119.63474334499995,-3.9825210729999867,0,null],[119.63475339800004,-3.982554040000025,0,null],[119.63475919500002,-3.982573049999985,0,null],[119.63476218400001,-3.9826355650000096,0,null],[119.63475920899998,-3.9826820040000257,0,null],[119.63476103400001,-3.9827126260000227,0,null],[119.63477567200005,-3.9827665089999869,0,null],[119.63477089200001,-3.9828015940000228,0,null],[119.634736567,-3.9828310650000276,0,null],[119.634701436,-3.9828471480000189,0,null],[119.63467136600002,-3.9828613930000074,0,null],[119.63464509200003,-3.9828763930000264,0,null],[119.63462100300001,-3.982916117000002,0,null],[119.63461580600006,-3.9829515509999851,0,null],[119.63461758100004,-3.9830073780000248,0,null],[119.63461611599996,-3.9830488100000139,0,null],[119.63461190299995,-3.9830781410000213,0,null],[119.63458247200003,-3.9831168729999717,0,null],[119.63455386400005,-3.983106231000022,0,null],[119.63452944899996,-3.983122633999983,0,null],[119.63451318299997,-3.983152170999972,0,null],[119.63451160600005,-3.9831882670000027,0,null],[119.63451692000001,-3.9832151900000099,0,null],[119.63453015699997,-3.9832376869999848,0,null],[119.63454693799997,-3.9832612700000141,0,null],[119.63457896900002,-3.9832929450000165,0,null],[119.63460518399995,-3.9833534350000264,0,null],[119.63461244400003,-3.9834070399999746,0,null],[119.63462999299998,-3.9834335080000187,0,null],[119.63464382999996,-3.9834609100000193,0,null],[119.63464670600001,-3.983490981999978,0,null],[119.63464354300004,-3.9835290299999997,0,null],[119.63461647500003,-3.9835872400000198,0,null],[119.63460521699994,-3.9836280299999771,0,null],[119.63460508000003,-3.9836642889999894,0,null],[119.63461091099998,-3.9836951139999996,0,null],[119.63462232500001,-3.9838348760000031,0,null],[119.63463729700004,-3.9839783499999726,0,null],[119.634660231,-3.984135182999978,0,null],[119.63466684299999,-3.9842505600000209,0,null],[119.63466850899999,-3.9842962199999761,0,null],[119.634660242,-3.9843236969999793,0,null],[119.63463583199996,-3.9843500729999732,0,null],[119.63461958400001,-3.9843772070000227,0,null],[119.63461901799997,-3.9844381300000009,0,null],[119.63462250999999,-3.9844750539999723,0,null],[119.63464387700003,-3.9845610660000261,0,null],[119.63468035200003,-3.984677701999999,0,null],[119.634727742,-3.9848280219999879,0,null],[119.63477632199999,-3.9849849440000185,0,null],[119.634811356,-3.9851237799999808,0,null],[119.63483839900005,-3.9852174829999854,0,null],[119.63487016800002,-3.9852452580000204,0,null],[119.63491012500003,-3.9852498770000011,0,null],[119.63494403799996,-3.9852489190000142,0,null],[119.634975414,-3.985244922999982,0,null],[119.63501949800002,-3.9852330869999832,0,null],[119.63505413300004,-3.9852214530000083,0,null],[119.63510048299997,-3.9852061400000025,0,null],[119.635132279,-3.9852027300000259,0,null],[119.63516593899999,-3.9852026219999743,0,null],[119.63520080900003,-3.9852109820000123,0,null],[119.63523770400002,-3.985246109000002,0,null],[119.63524609299998,-3.9852850560000093,0,null],[119.63524935099997,-3.9853262240000049,0,null],[119.63526355099998,-3.9853627800000027,0,null],[119.63527756400003,-3.9853901860000178,0,null],[119.63528681699995,-3.9854346330000112,0,null],[119.63528777600004,-3.9854714890000196,0,null],[119.63528923700005,-3.9855063859999973,0,null],[119.63529306600003,-3.9855430659999911,0,null],[119.63529541900004,-3.985593802999972,0,null],[119.63529552800003,-3.9856282069999907,0,null],[119.63529843799995,-3.9856672529999742,0,null],[119.635307926,-3.9857064490000198,0,null],[119.63531257399995,-3.985736256999985,0,null],[119.63531351999995,-3.9857674329999782,0,null],[119.63531429499994,-3.9857989530000282,0,null],[119.63531421300002,-3.9858267430000183,0,null],[119.63530836100006,-3.9858967380000081,0,null],[119.63529707700002,-3.9859292269999855,0,null],[119.63527538300002,-3.985948532000009,0,null],[119.635266118,-3.9859567770000126,0,null],[119.63522927999998,-3.9859788819999835,0,null],[119.63520824299997,-3.9860094069999832,0,null],[119.63518668500001,-3.9860486219999984,0,null],[119.63517445800005,-3.9860897080000086,0,null],[119.63517489499998,-3.9861610030000065,0,null],[119.63517551400003,-3.9861943849999761,0,null],[119.63518105100002,-3.986237573999972,0,null],[119.63518629999999,-3.9862977099999739,0,null],[119.63519063199999,-3.9863327790000085,0,null],[119.63519414899997,-3.9863775019999821,0,null],[119.63519541300002,-3.9864175700000146,0,null],[119.63519371899997,-3.9864544299999807,0,null],[119.63518348100001,-3.9864990300000045,0,null],[119.63517741500004,-3.9865283620000014,0,null],[119.635176075,-3.9865570059999982,0,null],[119.63517996899998,-3.9865871509999806,0,null],[119.635183106,-3.9866198469999858,0,null],[119.635183385,-3.986652547999995,0,null],[119.63518211999997,-3.9866803460000142,0,null],[119.63518102900002,-3.9867081389999726,0,null],[119.63518578900005,-3.9867460809999784,0,null],[119.63518960299996,-3.9867878349999728,0,null],[119.63518677299999,-3.9868247030000248,0,null],[119.63517559499996,-3.986865148999982,0,null],[119.63516820400002,-3.9869025379999812,0,null],[119.63516459000004,-3.9869318660000204,0,null],[119.63516367299997,-3.9869630480000069,0,null],[119.63516366399995,-3.9869996919999835,0,null],[119.63515611699995,-3.987053134000007,0,null],[119.63513730700004,-3.9870819149999761,0,null],[119.63511416200004,-3.9870989390000204,0,null],[119.63508528800003,-3.9871182589999989,0,null],[119.63506975400003,-3.9871419460000084,0,null],[119.63505555799998,-3.9871882529999993,0,null],[119.63504077699997,-3.9872349020000115,0,null],[119.63501967699995,-3.9872722490000001,0,null],[119.63500355600002,-3.9873090689999913,0,null],[119.63500292100002,-3.9873485549999828,0,null],[119.63500558500004,-3.9873897250000141,0,null],[119.63501352599997,-3.9874459530000195,0,null],[119.63501764700004,-3.9874950799999738,0,null],[119.63501161500005,-3.987535175000005,0,null],[119.63498965999997,-3.9875810830000091,0,null],[119.63497203899999,-3.987611974999993,0,null],[119.63495523200004,-3.9876325349999888,0,null],[119.63493319099996,-3.9876515839999911,0,null],[119.63491167899997,-3.9876784310000062,0,null],[119.63489176999997,-3.9877054350000094,0,null],[119.63487247099999,-3.9877391339999804,0,null],[119.63486284199996,-3.9877872029999821,0,null],[119.63487127799999,-3.9878153050000265,0,null],[119.63488714100004,-3.9878413490000071,0,null],[119.63490802000001,-3.9878800029999866,0,null],[119.63491865100002,-3.9879064840000069,0,null],[119.634926855,-3.9879406869999912,0,null],[119.63491934000001,-3.9879912929999932,0,null],[119.63489424199997,-3.9880321269999968,0,null],[119.63486396799999,-3.9880628970000203,0,null],[119.63481278899997,-3.9880986420000113,0,null],[119.63474943200004,-3.9881254509999735,0,null],[119.63467727800003,-3.9881451680000168,0,null],[119.63463396899999,-3.988160047000008,0,null],[119.63460128500003,-3.9881770970000048,0,null],[119.63454504100002,-3.9882108329999824,0,null],[119.63452315899997,-3.9882288609999819,0,null],[119.63448836500004,-3.9882699839999987,0,null],[119.63446061000002,-3.9882973570000217,0,null],[119.63442138899995,-3.98832713500002,0,null],[119.634370526,-3.9883550879999916,0,null],[119.63431374699996,-3.9883818760000054,0,null],[119.63425750199997,-3.9884152689999723,0,null],[119.63422401599996,-3.9884458779999932,0,null],[119.63417203899996,-3.9884943320000161,0,null],[119.63411957400001,-3.9885504229999924,0,null],[119.63404100399998,-3.9886235349999879,0,null],[119.63400858399996,-3.9886685499999999,0,null],[119.63398342400001,-3.9886885359999837,0,null],[119.63392813600001,-3.9887060020000149,0,null],[119.63387847199999,-3.9887414880000165,0,null],[119.633856541,-3.9887682460000065,0,null],[119.63383980499998,-3.9888111729999878,0,null],[119.63383165400001,-3.9888472090000278,0,null],[119.63383367200004,-3.9888732979999872,0,null],[119.63384492399996,-3.9889080820000231,0,null],[119.633857401,-3.9889322760000141,0,null],[119.63387114499994,-3.9889555249999944,0,null],[119.63390272200002,-3.9890163449999818,0,null],[119.63392269500002,-3.9890763110000194,0,null],[119.63392669699999,-3.9891271170000095,0,null],[119.63391688299998,-3.9891726619999872,0,null],[119.63388026500002,-3.9892252610000014,0,null],[119.63385351700003,-3.9892489069999897,0,null],[119.63381739700003,-3.9892726599999833,0,null],[119.63378404900004,-3.9892919129999882,0,null],[119.63375837900003,-3.9893112269999733,0,null],[119.633709426,-3.9893567970000277,0,null],[119.63369143299997,-3.9893753270000047,0,null],[119.63366856599998,-3.9894005649999826,0,null],[119.63363715399998,-3.9894441310000275,0,null],[119.633630982,-3.9894812570000227,0,null],[119.63364816399996,-3.9895243700000265,0,null],[119.633692634,-3.9895403639999927,0,null],[119.63372967099997,-3.9895544810000274,0,null],[119.63376583299998,-3.9895847820000085,0,null],[119.63378318000002,-3.9896276810000018,0,null],[119.63378749000003,-3.989656406999984,0,null],[119.63376563700001,-3.9896884010000235,0,null],[119.63374032000002,-3.9897149139999897,0,null],[119.63373399800003,-3.9897593320000055,0,null],[119.63373362699997,-3.9898026270000173,0,null],[119.63373512400005,-3.9898492500000202,0,null],[119.63373363200003,-3.9899526070000206,0,null],[119.63373058599996,-3.9900450700000079,0,null],[119.63369759,-3.9902043050000202,0,null],[119.63368442399997,-3.9902783079999722,0,null],[119.63365998500001,-3.9903187300000127,0,null],[119.63362547099996,-3.9903355420000253,0,null],[119.63359977200003,-3.9903480599999739,0,null],[119.63353404099996,-3.9903482710000162,0,null],[119.63352606599994,-3.9903482970000255,0,null],[119.63346351200005,-3.9903440159999946,0,null],[119.63337134000005,-3.9903417620000141,0,null],[119.63327916599997,-3.9903395079999768,0,null],[119.63318699299998,-3.9903372539999964,0,null],[119.63309482099999,-3.9903350010000054,0,null],[119.633002648,-3.9903327459999787,0,null],[119.63298630400004,-3.9904228139999987,0,null],[119.63296996099996,-3.9905128799999829,0,null],[119.63295361600001,-3.9906029470000135,0,null],[119.63293727300004,-3.9906930149999766,0,null],[119.63292092899997,-3.9907830810000178,0,null],[119.632904586,-3.9908731479999915,0,null],[119.63288824200004,-3.990963215000022,0,null],[119.63287189899995,-3.9910532829999852,0,null],[119.63286803699998,-3.9910745610000049,0,null],[119.632855554,-3.9911433490000263,0,null],[119.63284907900004,-3.9911776650000093,0,null],[119.63283881699999,-3.9912320509999972,0,null],[119.63282208099997,-3.9913207519999787,0,null],[119.63280534399996,-3.9914094540000065,0,null],[119.63278860699995,-3.9914981549999879,0,null],[119.63277187000006,-3.9915868570000157,0,null],[119.63275513400004,-3.9916755579999972,0,null],[119.63274405599998,-3.9917748259999826,0,null],[119.63278492799998,-3.9918022130000281,0,null],[119.63284944099996,-3.991809212000021,0,null],[119.63295207299996,-3.9918145390000177,0,null],[119.63305470299997,-3.9918198670000038,0,null],[119.63315733599995,-3.9918251949999899,0,null],[119.63325996599997,-3.9918305219999866,0,null],[119.63339445999998,-3.9918448249999869,0,null],[119.63344538800004,-3.9918873319999761,0,null],[119.63339649299996,-3.9920746559999998,0,null],[119.63336350199995,-3.9922069329999772,0,null],[119.63332297399995,-3.9923548240000173,0,null],[119.63332252400005,-3.9923566489999871,0,null],[119.63329523499999,-3.9924673070000267,0,null],[119.63329198600002,-3.9924804799999833,0,null],[119.63328592699997,-3.9925055960000009,0,null],[119.63325635299998,-3.9926281919999838,0,null],[119.63321412400001,-3.9927730339999812,0,null],[119.63316442600001,-3.9929548449999857,0,null],[119.63312524599996,-3.9931047649999982,0,null],[119.63308152000002,-3.9932543649999843,0,null],[119.63304291199995,-3.9934229180000216,0,null],[119.63302684400003,-3.9934797469999808,0,null],[119.63299485899995,-3.993592867000018,0,null],[119.63294614599999,-3.9937672180000163,0,null],[119.63292208600001,-3.9938416819999816,0,null],[119.63290094499996,-3.9939168519999839,0,null],[119.63288187600006,-3.9939846560000092,0,null],[119.63287405699998,-3.9940189139999802,0,null],[119.63286440800005,-3.9940445839999938,0,null],[119.63284410000006,-3.9940700129999982,0,null],[119.63282942399997,-3.994098694999991,0,null],[119.63282103100005,-3.9941377819999957,0,null],[119.63281974699999,-3.9941846809999788,0,null],[119.63281914499998,-3.9942335250000269,0,null],[119.63280862399995,-3.9942954960000066,0,null],[119.632779153,-3.9944196289999923,0,null],[119.632743237,-3.9945319160000281,0,null],[119.63270959099998,-3.9946679280000126,0,null],[119.63267289299995,-3.9948003889999768,0,null],[119.632640563,-3.9949285970000119,0,null],[119.63262590299996,-3.994987612999978,0,null],[119.63261504699994,-3.9950315340000202,0,null],[119.63260141800004,-3.9950866510000083,0,null],[119.63257139100006,-3.9951948519999974,0,null],[119.63254069599998,-3.9953049270000065,0,null],[119.63251167400006,-3.9954121129999862,0,null],[119.63247896400003,-3.9955252390000169,0,null],[119.63244546299995,-3.9956531170000176,0,null],[119.63241607400005,-3.9957496220000053,0,null],[119.63238135200004,-3.9958668310000007,0,null],[119.63236425599996,-3.9959577110000168,0,null],[119.63233140099999,-3.9960762609999847,0,null],[119.632298354,-3.9961910869999997,0,null],[119.63226621199999,-3.9963245459999825,0,null],[119.63224172900004,-3.9964242610000156,0,null],[119.63220203000003,-3.9965668990000154,0,null],[119.63215124199996,-3.9967254969999999,0,null],[119.63208959300005,-3.9968649790000086,0,null],[119.63206477100005,-3.9969118270000195,0,null],[119.63199021499997,-3.9970250970000052,0,null],[119.63189948900003,-3.9971470500000237,0,null],[119.63180591299999,-3.9972756270000218,0,null],[119.63169807099996,-3.9974288139999885,0,null],[119.63159163,-3.9975948840000228,0,null],[119.63147840399995,-3.9977528329999927,0,null],[119.631349398,-3.9979347359999906,0,null],[119.63123880800003,-3.9980899290000025,0,null],[119.63114364800003,-3.9982295639999847,0,null],[119.63107481999998,-3.9983412799999769,0,null],[119.631045331,-3.9984066150000217,0,null],[119.63103664699997,-3.998434766999992,0,null],[119.63102815100001,-3.9984950379999873,0,null],[119.63100998499999,-3.9985384760000215,0,null],[119.630963834,-3.9986176740000019,0,null],[119.63092591099996,-3.9986850700000218,0,null],[119.630907665,-3.9987286709999807,0,null],[119.63089832200001,-3.9987615790000177,0,null],[119.63089620899996,-3.9987875950000102,0,null],[119.63089309999998,-3.9988175099999808,0,null],[119.63088305400004,-3.9988417810000101,0,null],[119.630872748,-3.9988652789999719,0,null],[119.63085943900001,-3.9988978569999745,0,null],[119.630833489,-3.998960889999978,0,null],[119.63081924000005,-3.9989909309999803,0,null],[119.63080456900002,-3.9990210540000248,0,null],[119.63077873999998,-3.9990967979999823,0,null],[119.63076634200002,-3.9991229290000092,0,null],[119.63074958699997,-3.9991598419999832,0,null],[119.63073535900003,-3.9991965749999849,0,null],[119.630726181,-3.9992279549999807,0,null],[119.63071431799995,-3.9992639170000075,0,null],[119.63068372600003,-3.9993556809999973,0,null],[119.63066736200005,-3.9994079250000141,0,null],[119.63063455700001,-3.9994915720000108,0,null],[119.63061546300003,-3.999537217000011,0,null],[119.63053170900002,-3.9997291330000166,0,null],[119.63047332799999,-3.9998858939999877,0,null],[119.63042736,-4.0000000009999894,0,null],[119.63039259899995,-4.0000821739999992,0,null],[119.63034497900003,-4.0001947430000087,0,null],[119.63025965999998,-4.0003814140000031,0,null],[119.63025526199999,-4.0004130579999924,0,null],[119.63026436200005,-4.0004446600000279,0,null],[119.63027614600003,-4.0004521380000142,0,null],[119.630313957,-4.0004761310000276,0,null],[119.63038604999997,-4.000507529999993,0,null],[119.63034762899997,-4.0006868919999761,0,null],[119.63030920000006,-4.0008662629999776,0,null],[119.63027077900006,-4.0010456240000281,0,null],[119.63023235900005,-4.0012249860000111,0,null],[119.63019392900003,-4.0014043570000126,0,null],[119.63015550900002,-4.0015837189999957,0,null],[119.63005719700004,-4.0017964140000117,0,null],[119.62995888600005,-4.0020091079999816,0,null],[119.62985144599998,-4.0021811639999783,0,null],[119.62974400600001,-4.002353219999975,0,null],[119.62970814000005,-4.0023940039999957,0,null],[119.62967218699998,-4.0024076760000185,0,null],[119.62960923699995,-4.0024214349999738,0,null],[119.62955982899996,-4.0024487059999956,0,null],[119.62952847700001,-4.0024939940000195,0,null],[119.62950163799997,-4.0025437850000003,0,null],[119.629479242,-4.0025754879999909,0,null],[119.62945683099997,-4.0026026730000126,0,null],[119.62942543500003,-4.0026344049999807,0,null],[119.62939848099995,-4.0026480469999797,0,null],[119.62935794999999,-4.0026368810000008,0,null],[119.62913217300002,-4.002386821000016,0,null],[119.62907064499996,-4.0024144519999822,0,null],[119.62904239199997,-4.0024526309999828,0,null],[119.62904710099997,-4.0025181369999814,0,null],[119.62902917500003,-4.0025407879999761,0,null],[119.62898875099995,-4.0025635110000053,0,null],[119.62892127299995,-4.0025682469999992,0,null],[119.62883128299995,-4.0025685370000019,0,null],[119.62871678800002,-4.002548011999977,0,null],[119.62863318899997,-4.0025330249999911,0,null],[119.628498218,-4.0025379780000208,0,null],[119.62842176900006,-4.0025517799999761,0,null],[119.62825541699999,-4.0025929829999995,0,null],[119.62841547000005,-4.0028177469999946,0,null],[119.62842981300003,-4.0028356349999967,0,null],[119.62843951699995,-4.0028259079999771,0,null],[119.628603054,-4.0031593960000009,0,null],[119.62861066100004,-4.0031555460000163,0,null],[119.62869591000003,-4.0033073480000212,0,null],[119.62900531800005,-4.0035665089999952,0,null],[119.62934724800004,-4.0038569270000153,0,null],[119.62937539699999,-4.0038801270000022,0,null],[119.62941391799995,-4.0039118760000179,0,null],[119.62972775699996,-4.0041879799999833,0,null],[119.62982341400004,-4.0042721350000079,0,null],[119.63007290999997,-4.0044773480000231,0,null],[119.630975584,-4.0034406199999921,0,null],[119.63166867100006,-4.0026120090000177,0,null],[119.63204863399994,-4.0021502509999891,0,null],[119.63234345499995,-4.0018681029999925,0,null],[119.63285626300001,-4.001401613999974,0,null],[119.63337615399996,-4.000916449999977,0,null],[119.63389745899997,-4.0004269789999967,0,null],[119.63403549099996,-4.0002572409999857,0,null],[119.63425456799996,-3.9999667299999828,0,null],[119.63478083400003,-3.9992419550000022,0,null],[119.63549783300004,-3.9982984939999824,0,null],[119.635941538,-3.997667239000009,0,null],[119.63644358099998,-3.9965054310000028,0,null],[119.63645262800003,-3.9964787850000221,0,null]]]},"properties":{"FID":37463,"OBJECTID":117945,"NAMOBJ":"Watang Soreang","FCODE":"BA03070040","REMARK":"Pemerintah Kota Parepare, Tahun 2010","METADATA":"TASWIL1000020230928_DATA_BATAS_DESAKELURAHAN","SRS_ID":"SRGI 2013","KDBBPS":" ","KDCBPS":" ","KDCPUM":"73.72.03","KDEBPS":" ","KDEPUM":"73.72.03.1003","KDPBPS":" ","KDPKAB":"73.72","KDPPUM":"73","LUASWH":81.148703870000006,"TIPADM":2,"WADMKC":"Soreang","WADMKD":"Watang Soreang","WADMKK":"Kota Parepare","WADMPR":"Sulawesi Selatan","WIADKC":" ","WIADKK":" ","WIADPR":" ","WIADKD":" ","UUPP":"Data dari Pemerintah Daerah","LUAS":81.148703870000006,"SHAPE_AREA":6.6082189615000007e-05,"SHAPE_LEN":0.054123446290600001}},{"type":"Feature","id":38315,"geometry":{"type":"Polygon","coordinates":[[[119.71557681900003,-4.057879875000026,0,null],[119.71443469500002,-4.0573204670000109,0,null],[119.71295942899997,-4.0565590389999784,0,null],[119.711890133,-4.0562734090000276,0,null],[119.711749908,-4.0562179039999933,0,null],[119.71142630199995,-4.056056099999978,0,null],[119.711083659,-4.0558657440000161,0,null],[119.71090282,-4.0557610469999759,0,null],[119.71072198100001,-4.0557515290000197,0,null],[119.71052210599998,-4.0558562260000031,0,null],[119.71025560700002,-4.056056099999978,0,null],[119.71000814299998,-4.0562369389999731,0,null],[119.70977019700001,-4.0563892249999753,0,null],[119.70950369699995,-4.0564844030000131,0,null],[119.70918009000002,-4.0565224750000084,0,null],[119.70883744800005,-4.0565890999999965,0,null],[119.708618538,-4.0567509030000224,0,null],[119.708361556,-4.0570269209999879,0,null],[119.70815216300002,-4.0571030629999996,0,null],[119.70783807400005,-4.0570935449999865,0,null],[119.70727652200003,-4.0570269209999879,0,null],[119.70695291499999,-4.0570649919999937,0,null],[119.70681966500001,-4.0571125810000126,0,null],[119.70645798700002,-4.0571696879999877,0,null],[119.70596305900006,-4.0570935449999865,0,null],[119.70568704200002,-4.0569983670000056,0,null],[119.705411024,-4.0570174029999748,0,null],[119.70509693500003,-4.0570364380000115,0,null],[119.70473525700004,-4.0570078850000186,0,null],[119.70446875799996,-4.0568746349999856,0,null],[119.70416418699995,-4.0566081349999763,0,null],[119.70388816900004,-4.0562654930000122,0,null],[119.70365974100002,-4.0561322429999791,0,null],[119.70342179500005,-4.0561036899999863,0,null],[119.70287927799995,-4.056189350000011,0,null],[119.70255567100003,-4.0562369389999731,0,null],[119.70224158200006,-4.0562369389999731,0,null],[119.70193701100004,-4.0562274220000063,0,null],[119.701689547,-4.0563225999999872,0,null],[119.70144811299997,-4.0565012199999728,0,null],[119.70140560200002,-4.0565527969999948,0,null],[119.70065702099998,-4.0573482479999825,0,null],[119.70042759399996,-4.0575504560000013,0,null],[119.70032506500002,-4.0576408210000068,0,null],[119.69995045300004,-4.0579421090000096,0,null],[119.69955871100001,-4.0582263100000091,0,null],[119.69926104199999,-4.0585616299999856,0,null],[119.69909087999997,-4.0587336469999968,0,null],[119.69883541000002,-4.0589230960000009,0,null],[119.69853688499995,-4.0590012470000261,0,null],[119.69827188099998,-4.0588906940000129,0,null],[119.69794652200005,-4.0586003239999968,0,null],[119.69768080599999,-4.0582754640000189,0,null],[119.69744935000006,-4.0579847779999909,0,null],[119.69721718300002,-4.0574797849999982,0,null],[119.69706247199997,-4.0571631249999882,0,null],[119.69689045999996,-4.0567779439999754,0,null],[119.69664159000001,-4.0563844470000276,0,null],[119.69651183999997,-4.0561827289999997,0,null],[119.69629643099995,-4.0558478390000232,0,null],[119.69615996300001,-4.0555542289999948,0,null],[119.69602824399999,-4.0553747179999959,0,null],[119.69582633200002,-4.0551164380000273,0,null],[119.695664179,-4.054985309000017,0,null],[119.69552408300001,-4.0549155520000113,0,null],[119.69541305200005,-4.0548828089999915,0,null],[119.69497946700005,-4.0548758880000264,0,null],[119.69458923599996,-4.0548473339999873,0,null],[119.69433225399996,-4.0548949230000062,0,null],[119.69384146300001,-4.0549540950000278,0,null],[119.69353275499998,-4.0549329950000015,0,null],[119.69336619299997,-4.0548949230000062,0,null],[119.69316155900003,-4.0548330569999962,0,null],[119.69291409499999,-4.0547711909999862,0,null],[119.69271897900001,-4.0547711909999862,0,null],[119.69249055099999,-4.0547949859999903,0,null],[119.69226688200001,-4.0547949859999903,0,null],[119.69205748900004,-4.0547902270000122,0,null],[119.69180050700004,-4.0547711909999862,0,null],[119.69145786499996,-4.0548092629999815,0,null],[119.69084247900003,-4.0547644079999827,0,null],[119.69047276799995,-4.0547093249999762,0,null],[119.69009205400005,-4.0545903519999911,0,null],[119.68976368899996,-4.0544571030000043,0,null],[119.68947339399995,-4.0541953619999731,0,null],[119.68918785899996,-4.0538336839999829,0,null],[119.68882618099997,-4.0534053810000046,0,null],[119.688588235,-4.0532150239999964,0,null],[119.68838835999998,-4.0531626759999995,0,null],[119.68818372600003,-4.0531769529999906,0,null],[119.68803620000006,-4.0532245420000095,0,null],[119.68795053899998,-4.0533102019999774,0,null],[119.68794577999995,-4.0534148990000176,0,null],[119.68802668199999,-4.0535195950000116,0,null],[119.68803620000006,-4.0536242910000055,0,null],[119.68797909299997,-4.0536909159999936,0,null],[119.68779825399997,-4.0536861570000156,0,null],[119.687574584,-4.0536290499999836,0,null],[119.68726049600002,-4.0535386309999808,0,null],[119.686817916,-4.0533625510000206,0,null],[119.68666562999999,-4.0533006850000106,0,null],[119.686484791,-4.0531864700000142,0,null],[119.68631822899999,-4.0530770149999853,0,null],[119.68615642600003,-4.0529675600000132,0,null],[119.68591916900004,-4.0528979029999732,0,null],[119.68576286500002,-4.0529304730000035,0,null],[119.68550879700001,-4.053044108999984,0,null],[119.68519876300002,-4.0531329240000105,0,null],[119.68483836400003,-4.0531299040000022,0,null],[119.68413089900002,-4.0531318609999971,0,null],[119.68297508600006,-4.0531350580000094,0,null],[119.68027677800001,-4.0531425209999838,0,null],[119.67349672099999,-4.0531612749999795,0,null],[119.66626235199999,-4.046308109999984,0,null],[119.66424519300006,-4.0443972429999917,0,null],[119.66417816199998,-4.0444015339999737,0,null],[119.66416481800002,-4.0443987090000064,0,null],[119.664129516,-4.0443796970000108,0,null],[119.66410946899998,-4.0443654160000051,0,null],[119.66408556099998,-4.044335846000024,0,null],[119.66407215499999,-4.044313891999991,0,null],[119.66404542800001,-4.0442958080000153,0,null],[119.66403105500001,-4.0442690749999883,0,null],[119.66402622400005,-4.0442480500000215,0,null],[119.66401283300002,-4.0442308780000076,0,null],[119.66399376899994,-4.0442261590000044,0,null],[119.66396999000006,-4.0442358010000135,0,null],[119.66393951299995,-4.0442359020000254,0,null],[119.66392234099999,-4.0442273510000177,0,null],[119.66391562399997,-4.0442120700000146,0,null],[119.66392226300002,-4.0442034399999898,0,null],[119.66393842900004,-4.0441957350000166,0,null],[119.66394792799997,-4.0441880530000276,0,null],[119.66394981400003,-4.0441823080000177,0,null],[119.66395073599995,-4.0441727400000218,0,null],[119.66394599,-4.0441413529999863,0,null],[119.66394714299997,-4.0441299920000233,0,null],[119.66395305499998,-4.0441174189999742,0,null],[119.66395836499998,-4.0441030549999937,0,null],[119.66395593000004,-4.0440863260000128,0,null],[119.66394756499994,-4.0440767889999734,0,null],[119.66392787200004,-4.0440619099999822,0,null],[119.66391711599999,-4.0440493919999767,0,null],[119.66391230900001,-4.0440356589999737,0,null],[119.66391225300003,-4.0440183239999783,0,null],[119.66391754999995,-4.043999776000021,0,null],[119.66392702300004,-4.0439842029999795,0,null],[119.66393708199996,-4.0439656390000209,0,null],[119.66394059300001,-4.0439470960000108,0,null],[119.66393875100005,-4.0439297670000087,0,null],[119.66393157000005,-4.0439184329999875,0,null],[119.66391308599998,-4.0439089299999864,0,null],[119.66389996700002,-4.0439018000000146,0,null],[119.66388742300001,-4.043888690000017,0,null],[119.66387903500004,-4.0438719800000058,0,null],[119.66386887199997,-4.0438588630000254,0,null],[119.663855152,-4.043849941000019,0,null],[119.66383668100002,-4.0438446219999946,0,null],[119.66381526199996,-4.0438476819999778,0,null],[119.66379267699995,-4.0438585160000002,0,null],[119.66376888800005,-4.0438651700000037,0,null],[119.66375102999996,-4.043865229000005,0,null],[119.66372420200003,-4.0438527640000075,0,null],[119.66370869000002,-4.0438420550000274,0,null],[119.66368842600002,-4.0438343509999868,0,null],[119.66367353400005,-4.0438314109999851,0,null],[119.66365627200003,-4.0438314680000076,0,null],[119.66363962599996,-4.0438380979999806,0,null],[119.66361822199997,-4.0438459399999829,0,null],[119.66359089399998,-4.0438627670000074,0,null],[119.66357306999998,-4.0438729879999755,0,null],[119.66355701099997,-4.0438772260000064,0,null],[119.66354213199998,-4.0438778719999959,0,null],[119.66352843499999,-4.0438761240000076,0,null],[119.66352067299999,-4.0438689759999988,0,null],[119.66351944500002,-4.0438576230000081,0,null],[119.66352475600002,-4.0438432590000275,0,null],[119.66353840399995,-4.0438300629999731,0,null],[119.66355563100001,-4.0438192459999982,0,null],[119.66357581399996,-4.0438018450000186,0,null],[119.66357931899995,-4.0437815089999845,0,null],[119.663577476,-4.0437641799999824,0,null],[119.66356789199995,-4.0437456810000185,0,null],[119.66355415999999,-4.043733173000021,0,null],[119.66354461599997,-4.0437272259999872,0,null],[119.66353032200004,-4.0437248819999922,0,null],[119.66350592799995,-4.0437285489999795,0,null],[119.66340544599996,-4.0437647470000115,0,null],[119.66331446599997,-4.0437943370000085,0,null],[119.66327938999996,-4.0438082009999903,0,null],[119.66326217699998,-4.0438232019999987,0,null],[119.66325507500005,-4.0438357790000055,0,null],[119.66325632799999,-4.0438549030000104,0,null],[119.66325937199997,-4.0438758149999785,0,null],[119.66325943499999,-4.043894942999998,0,null],[119.66325651700004,-4.0439128859999869,0,null],[119.66325061500004,-4.0439284479999742,0,null],[119.66324113799999,-4.0439428249999878,0,null],[119.66322925400004,-4.0439494400000058,0,null],[119.66320961199995,-4.0439501019999966,0,null],[119.66319470500002,-4.0439423799999759,0,null],[119.66318335999995,-4.0439316580000195,0,null],[119.66317320200005,-4.0439197360000207,0,null],[119.66316187999996,-4.0439161869999793,0,null],[119.66315235599996,-4.0439162179999926,0,null],[119.66314047399999,-4.0439234300000066,0,null],[119.663136334,-4.043931812999972,0,null],[119.66312993099996,-4.0439760689999957,0,null],[119.66312580099998,-4.0439874400000235,0,null],[119.66311750099999,-4.043997628999989,0,null],[119.66309789000002,-4.0440078560000075,0,null],[119.66307233500004,-4.044020493000005,0,null],[119.66305451400001,-4.0440319100000011,0,null],[119.66304029399998,-4.0440522810000061,0,null],[119.66303561200004,-4.0440768049999747,0,null],[119.66302734099997,-4.0440959609999823,0,null],[119.66298990600001,-4.0441164079999794,0,null],[119.66297563900002,-4.0441224329999841,0,null],[119.66296615199997,-4.0441338219999921,0,null],[119.66291100700005,-4.0441997579999907,0,null],[119.66289558899996,-4.0442177420000007,0,null],[119.662877181,-4.0442315509999958,0,null],[119.66286113599995,-4.0442399730000034,0,null],[119.66284212699998,-4.0442519910000101,0,null],[119.662826698,-4.0442669860000251,0,null],[119.66281188699998,-4.0442885539999907,0,null],[119.66279646299995,-4.0443047449999767,0,null],[119.66277923200005,-4.0443143659999805,0,null],[119.66275305199997,-4.044318039000018,0,null],[119.66273400299997,-4.044318101999977,0,null],[119.66271551099999,-4.0443062069999769,0,null],[119.66270116400005,-4.0442877230000249,0,null],[119.66268802900004,-4.0442758109999772,0,null],[119.66267253499996,-4.0442704820000017,0,null],[119.66265705199999,-4.0442687400000068,0,null],[119.66263324199997,-4.044268819000024,0,null],[119.66258805400003,-4.0442851070000074,0,null],[119.66250362899996,-4.0443164690000231,0,null],[119.66245665400004,-4.0443321660000038,0,null],[119.66241206899997,-4.0443508440000073,0,null],[119.662391286,-4.0443664539999986,0,null],[119.66237526800001,-4.0443832440000165,0,null],[119.66236640800003,-4.0444041960000163,0,null],[119.66235577099997,-4.0444281410000258,0,null],[119.662342749,-4.0444508990000259,0,null],[119.66232374399999,-4.0444641130000036,0,null],[119.66230232199996,-4.0444665750000013,0,null],[119.66227493999997,-4.0444666650000158,0,null],[119.66223805100003,-4.0444721659999914,0,null],[119.66220832500005,-4.0444836219999729,0,null],[119.66217204700001,-4.0444939029999887,0,null],[119.66211020399999,-4.0445138329999963,0,null],[119.66208580800003,-4.0445169029999875,0,null],[119.66205842600004,-4.044516993000002,0,null],[119.66200070100001,-4.0445219650000013,0,null],[119.66195667700003,-4.0445298810000168,0,null],[119.66191683500006,-4.044542564999972,0,null],[119.66187347300001,-4.0445708029999992,0,null],[119.66184141799999,-4.0445984059999773,0,null],[119.66178382600003,-4.0446440260000145,0,null],[119.66175531800002,-4.0446638469999812,0,null],[119.66171548600005,-4.0446795199999883,0,null],[119.6616477,-4.0447024580000175,0,null],[119.66162986100005,-4.044708495000009,0,null],[119.66161322300002,-4.0447175159999915,0,null],[119.661609107,-4.0447330719999854,0,null],[119.66161989,-4.0447539580000011,0,null],[119.66162230800001,-4.0447653080000237,0,null],[119.66162119000001,-4.0447874289999959,0,null],[119.66160876000004,-4.0448089899999786,0,null],[119.66159390400003,-4.0448168099999862,0,null],[119.66156594799997,-4.0448234770000226,0,null],[119.66153559700001,-4.0448259679999978,0,null],[119.66150703000005,-4.0448278559999835,0,null],[119.661479074,-4.04483452300002,0,null],[119.66143743700002,-4.0448442239999736,0,null],[119.66141187000005,-4.0448532749999799,0,null],[119.66138455400005,-4.044873688999985,0,null],[119.661367961,-4.0448964589999719,0,null],[119.66133239299995,-4.0449420069999746,0,null],[119.66131994299997,-4.0449575900000241,0,null],[119.66130151200002,-4.0449642259999905,0,null],[119.66127828699996,-4.0449613139999769,0,null],[119.66125799099996,-4.0449440450000225,0,null],[119.66123531599999,-4.0449273820000258,0,null],[119.66121266300001,-4.0449172950000047,0,null],[119.661187047,-4.0449114009999789,0,null],[119.661129888,-4.0449074050000036,0,null],[119.66108820600004,-4.0449033579999991,0,null],[119.66106024800001,-4.0449094279999827,0,null],[119.66104125000004,-4.0449250319999805,0,null],[119.66103356999997,-4.0449429910000276,0,null],[119.66102292999994,-4.0449657409999986,0,null],[119.66101463300004,-4.044977125999992,0,null],[119.66099204600005,-4.0449873619999721,0,null],[119.66096586599997,-4.0449910350000096,0,null],[119.660918251,-4.0449929850000217,0,null],[119.66086048099999,-4.0449842090000061,0,null],[119.66081047299997,-4.0449825800000099,0,null],[119.66077235499995,-4.0449761300000091,0,null],[119.66073599699996,-4.0449619030000008,0,null],[119.66071391699995,-4.0449452390000147,0,null],[119.66070015599996,-4.0449237639999751,0,null],[119.66068343200004,-4.0449064840000233,0,null],[119.66066198700003,-4.0449017720000029,0,null],[119.66064174600001,-4.0449012409999909,0,null],[119.66061614900002,-4.0449013250000121,0,null],[119.66058457500003,-4.0448936579999781,0,null],[119.66056612,-4.0448931209999728,0,null],[119.66054768799995,-4.044899756999996,0,null],[119.660518561,-4.0449124059999804,0,null],[119.660496567,-4.0449220429999855,0,null],[119.66046442100003,-4.0449215510000158,0,null],[119.66044472900001,-4.0449066720000246,0,null],[119.66042800299999,-4.0448887939999736,0,null],[119.66041899799995,-4.0448655100000224,0,null],[119.66040584500001,-4.0448482180000269,0,null],[119.66038615699995,-4.0448345340000174,0,null],[119.66036230099996,-4.0448208639999734,0,null],[119.66033130400001,-4.0448078150000129,0,null],[119.66032352900004,-4.0447964830000274,0,null],[119.66031870999996,-4.0447791639999764,0,null],[119.66032045099996,-4.0447654089999787,0,null],[119.66032396399999,-4.0447474650000004,0,null],[119.66032092299997,-4.0447277480000139,0,null],[119.66030896699999,-4.0447122450000279,0,null],[119.66029167199997,-4.0447021400000267,0,null],[119.66027437399998,-4.0446914369999831,0,null],[119.66025766300004,-4.044678341000008,0,null],[119.66024928900003,-4.0446658160000197,0,null],[119.66024743100002,-4.0446437040000092,0,null],[119.66024079700003,-4.0446174240000232,0,null],[119.66022643700001,-4.0445947559999809,0,null],[119.660203153,-4.0445739109999863,0,null],[119.66017513099996,-4.0445602539999754,0,null],[119.66015488000005,-4.0445567340000252,0,null],[119.66013346800003,-4.044562185000018,0,null],[119.66010254499997,-4.0445718510000006,0,null],[119.66007280199995,-4.0445779259999881,0,null],[119.66004184799999,-4.0445780279999894,0,null],[119.66001682900003,-4.0445727310000166,0,null],[119.65999653899996,-4.0445572549999724,0,null],[119.65997860200002,-4.0445328060000065,0,null],[119.65995582000005,-4.0444832659999861,0,null],[119.65993485800004,-4.0444444799999815,0,null],[119.65993003799997,-4.0444265630000018,0,null],[119.65993116799996,-4.0444080280000207,0,null],[119.65993469299997,-4.0443936699999767,0,null],[119.65993404300002,-4.0443769340000131,0,null],[119.65992149199997,-4.0443614339999954,0,null],[119.65989823899997,-4.0443501519999927,0,null],[119.65987501999996,-4.0443490330000031,0,null],[119.65984827800003,-4.0443628699999863,0,null],[119.65982869100003,-4.0443802699999765,0,null],[119.65981204699995,-4.0443874979999919,0,null],[119.65979597299997,-4.0443869530000143,0,null],[119.65976733699995,-4.0443679190000239,0,null],[119.65973572999997,-4.0443500889999768,0,null],[119.65965463500004,-4.0443079140000009,0,null],[119.65962243299998,-4.0442900869999789,0,null],[119.65959384600001,-4.0442859969999745,0,null],[119.65957362100005,-4.0442902479999816,0,null],[119.65955164100001,-4.0443040690000203,0,null],[119.65954158600005,-4.0443238280000173,0,null],[119.65953987800003,-4.0443477449999818,0,null],[119.65953278200004,-4.0443621150000126,0,null],[119.65951557200003,-4.0443783110000027,0,null],[119.65948287699996,-4.0443921680000017,0,null],[119.65945371099997,-4.0443928610000057,0,null],[119.65942808299997,-4.0443833809999887,0,null],[119.65940540700001,-4.0443661200000065,0,null],[119.65938029599999,-4.0443327279999721,0,null],[119.659339682,-4.044291018000024,0,null],[119.65931523300003,-4.0442779470000119,0,null],[119.65928246399994,-4.0442690880000214,0,null],[119.65925150400005,-4.0442673969999987,0,null],[119.65922232100002,-4.0442627109999876,0,null],[119.65920026900005,-4.0442544140000223,0,null],[119.65918235799995,-4.0442383330000098,0,null],[119.65916441800005,-4.0442132860000015,0,null],[119.65914345299996,-4.0441733040000258,0,null],[119.65911836600003,-4.0441470850000201,0,null],[119.65907483599995,-4.0441239150000001,0,null],[119.659012244,-4.0440966229999731,0,null],[119.65898658699996,-4.0440781770000171,0,null],[119.658962729,-4.0440639089999877,0,null],[119.65894782800001,-4.0440579799999909,0,null],[119.65891089599995,-4.044050330999994,0,null],[119.658859054,-4.0440337630000158,0,null],[119.65882030900002,-4.0440177510000126,0,null],[119.65879043799998,-4.0439849719999756,0,null],[119.65877489100001,-4.0439635029999863,0,null],[119.65875818500001,-4.0439516029999822,0,null],[119.65872840199995,-4.0439457229999789,0,null],[119.65867478200005,-4.0439315529999931,0,null],[119.65864798300004,-4.0439280539999913,0,null],[119.658621799,-4.0439305319999903,0,null],[119.65860931600002,-4.0439359530000161,0,null],[119.65859328500005,-4.043948558000011,0,null],[119.65858381700002,-4.0439659250000091,0,null],[119.65857025699995,-4.0440060199999834,0,null],[119.65855783400002,-4.0440299719999757,0,null],[119.65854537200005,-4.0440419679999877,0,null],[119.65852514100004,-4.0440444260000277,0,null],[119.65850489000002,-4.0440409060000206,0,null],[119.65848877899998,-4.0440290029999915,0,null],[119.65847741699997,-4.0440129009999737,0,null],[119.65844800100001,-4.0439370810000241,0,null],[119.65842998899996,-4.0438899160000119,0,null],[119.65841923200003,-4.0438768000000209,0,null],[119.65840730499997,-4.0438702640000201,0,null],[119.65839718699999,-4.0438708949999977,0,null],[119.65838435199998,-4.043877990999988,0,null],[119.65837819599994,-4.0438885319999827,0,null],[119.65836353199995,-4.0439187079999783,0,null],[119.65834692999999,-4.043938847999982,0,null],[119.65832314900001,-4.0439480119999871,0,null],[119.65830458599999,-4.0439509419999808,0,null],[119.65827934699996,-4.0439510250000126,0,null],[119.65824742200004,-4.0439453920000119,0,null],[119.65822501000002,-4.0439363790000016,0,null],[119.65821162600002,-4.0439211199999932,0,null],[119.65819873700002,-4.0439115980000224,0,null],[119.65818396999998,-4.0439102120000143,0,null],[119.65816923099999,-4.0439174339999795,0,null],[119.65815068500001,-4.0439256249999858,0,null],[119.65814167300005,-4.0439366530000029,0,null],[119.65813503699997,-4.043946238999979,0,null],[119.65811744400003,-4.0439544270000169,0,null],[119.65808649899998,-4.043957397999975,0,null],[119.65805602199998,-4.0439574979999975,0,null],[119.65804170900003,-4.0439494159999754,0,null],[119.65803737500005,-4.043934605000004,0,null],[119.65803586499999,-4.043909742999972,0,null],[119.65803437099999,-4.0438896630000158,0,null],[119.658030027,-4.0438719829999741,0,null],[119.65800471299997,-4.0438491119999753,0,null],[119.65799181299997,-4.0438362419999976,0,null],[119.65796833700006,-4.0437928019999845,0,null],[119.65795205999996,-4.0437665530000118,0,null],[119.65794007800002,-4.0437431600000195,0,null],[119.65792429199996,-4.0437212140000156,0,null],[119.65790140700005,-4.0437131589999922,0,null],[119.65789521900001,-4.0437141360000055,0,null],[119.65781961499999,-4.0437492940000084,0,null],[119.65776302999996,-4.0437753040000075,0,null],[119.65773352199994,-4.0437806620000174,0,null],[119.65766597799995,-4.0438047950000282,0,null],[119.65758802899995,-4.0438509599999861,0,null],[119.65756379799996,-4.0438682550000067,0,null],[119.65752573700001,-4.043879378999975,0,null],[119.65746202599996,-4.0439106730000276,0,null],[119.657417302,-4.0439232530000027,0,null],[119.65737825899998,-4.0439252950000082,0,null],[119.65733066300004,-4.0439331029999721,0,null],[119.657307833,-4.0439417860000049,0,null],[119.65727930699995,-4.0439562259999775,0,null],[119.65725745400005,-4.0439725570000178,0,null],[119.65721559400004,-4.0439870409999799,0,null],[119.65717654800005,-4.0439881259999879,0,null],[119.657135584,-4.0439853909999783,0,null],[119.65710225199996,-4.0439864570000168,0,null],[119.65707328200006,-4.0439966339999955,0,null],[119.65703051599996,-4.0439462159999948,0,null],[119.65703018299996,-4.0438441740000144,0,null],[119.65695558100003,-4.0437384520000137,0,null],[119.65685757999995,-4.0436485060000109,0,null],[119.65678319599999,-4.0436095030000274,0,null],[119.65673621999997,-4.0435861089999889,0,null],[119.65667367499998,-4.0435823899999832,0,null],[119.65662285500002,-4.0435786329999814,0,null],[119.65657193200002,-4.0435434770000143,0,null],[119.65650116100005,-4.043414193999979,0,null],[119.65649316600002,-4.0433592750000003,0,null],[119.65649278199999,-4.0432415340000034,0,null],[119.65649260299995,-4.0431865890000154,0,null],[119.656453124,-4.0430650530000207,0,null],[119.656417809,-4.0430219969999825,0,null],[119.65634734599996,-4.0429869060000101,0,null],[119.65628089200004,-4.0429831999999806,0,null],[119.656198819,-4.042983468999978,0,null],[119.65583931000003,-4.0430003490000104,0,null],[119.65576506599996,-4.0430045179999752,0,null],[119.65574415000003,-4.0430141479999975,0,null],[119.655361309,-4.0430334289999905,0,null],[119.65515937500004,-4.0430339800000183,0,null],[119.65515926,-4.0429986579999877,0,null],[119.65515910700003,-4.0429515619999847,0,null],[119.65514813200002,-4.0428840929999978,0,null],[119.65519365399996,-4.0428790369999774,0,null],[119.65517883999996,-4.0427169690000255,0,null],[119.65500739900006,-4.0427160980000281,0,null],[119.65476259699994,-4.0425619580000216,0,null],[119.65447202400003,-4.0423087230000192,0,null],[119.65447179600005,-4.0422385719999738,0,null],[119.65447158100005,-4.0421726509999871,0,null],[119.65448374200002,-4.0421272909999857,0,null],[119.65451236700005,-4.0420983559999968,0,null],[119.654536904,-4.0420735559999912,0,null],[119.65454493499999,-4.0420199679999769,0,null],[119.65456126499998,-4.0419951939999805,0,null],[119.65458578799996,-4.0419662740000035,0,null],[119.65461025699994,-4.0419208729999809,0,null],[119.65462244499997,-4.0418837519999897,0,null],[119.65462233799997,-4.0418507919999911,0,null],[119.65460996199999,-4.0418302319999952,0,null],[119.65447424900003,-4.0417317960000219,0,null],[119.65416620600001,-4.0416298060000031,0,null],[119.65365715300004,-4.0415367150000066,0,null],[119.65347047499995,-4.0413472179999985,0,null],[119.65314277799996,-4.0410687149999944,0,null],[119.65303695900002,-4.0411520920000044,0,null],[119.653015557,-4.0411607699999763,0,null],[119.65295559599997,-4.0411738789999845,0,null],[119.65283135100003,-4.0411886329999902,0,null],[119.65255842099998,-4.0411708770000132,0,null],[119.65252700899998,-4.0411767190000205,0,null],[119.65251962499997,-4.0412149609999801,0,null],[119.65250342900003,-4.0412809349999748,0,null],[119.65250354900002,-4.0413180159999911,0,null],[119.65250373699996,-4.0413756959999887,0,null],[119.65250403100003,-4.0414663359999849,0,null],[119.652504163,-4.0415067650000083,0,null],[119.65246096999999,-4.0416710889999763,0,null],[119.65221633900001,-4.042001230999972,0,null],[119.65214231100003,-4.0420818150000173,0,null],[119.65211952699997,-4.0421048439999936,0,null],[119.65208720700002,-4.0421240790000184,0,null],[119.652041596,-4.0421567469999786,0,null],[119.65200741399997,-4.0421893779999891,0,null],[119.65197520599997,-4.0422430450000206,0,null],[119.65195442000004,-4.0422947609999937,0,null],[119.65193367200004,-4.0423579540000105,0,null],[119.65191292999998,-4.0424230589999866,0,null],[119.65188644900002,-4.0424805330000027,0,null],[119.65185239200002,-4.0425514209999847,0,null],[119.65179403299999,-4.042663484000002,0,null],[119.651708192,-4.0427269219999857,0,null],[119.65167968399999,-4.0427471009999749,0,null],[119.65165785299996,-4.0427701269999829,0,null],[119.65163131199995,-4.0428094279999982,0,null],[119.65160767299994,-4.0428621099999873,0,null],[119.65155757000002,-4.0429780029999733,0,null],[119.65153864900003,-4.0430172790000256,0,null],[119.65150736500004,-4.0430623350000019,0,null],[119.65147605300001,-4.0430987820000155,0,null],[119.65143615399995,-4.0431304749999981,0,null],[119.65141247099996,-4.0431697669999949,0,null],[119.651354696,-4.0432694259999948,0,null],[119.65133668399994,-4.0432953089999728,0,null],[119.65131104299996,-4.0433183480000139,0,null],[119.651283541,-4.0433547829999839,0,null],[119.65126173399995,-4.0433854600000245,0,null],[119.651253268,-4.0434180070000139,0,null],[119.65123727599996,-4.0434792710000238,0,null],[119.651237434,-4.0435280489999741,0,null],[119.65123669399998,-4.0435930900000017,0,null],[119.65122173099996,-4.0436782620000145,0,null],[119.65117920499995,-4.0437807399999883,0,null],[119.65115555600005,-4.0438305530000207,0,null],[119.65113572899998,-4.0438841789999742,0,null],[119.65111687299998,-4.0439435399999866,0,null],[119.651092275,-4.0439943119999953,0,null],[119.65106383299997,-4.044034575000012,0,null],[119.65103821599996,-4.044065264999972,0,null],[119.65102019799997,-4.0440892359999907,0,null],[119.65099935299997,-4.0441227790000198,0,null],[119.65098715500005,-4.0441792490000239,0,null],[119.65098064100005,-4.0442261360000202,0,null],[119.65095610799995,-4.044296992999989,0,null],[119.65095529200005,-4.0443390789999967,0,null],[119.65095734600004,-4.0443849819999969,0,null],[119.65096229799997,-4.044443307999984,0,null],[119.65097010700003,-4.0445016259999989,0,null],[119.65097311399995,-4.0445475249999845,0,null],[119.65096682599994,-4.0446642310000129,0,null],[119.65095643699999,-4.0446910460000254,0,null],[119.650952717,-4.0447187940000049,0,null],[119.65095756999995,-4.0447465149999857,0,null],[119.65097294199995,-4.0447875919999774,0,null],[119.65097782600003,-4.0448248769999964,0,null],[119.65097714700005,-4.0449090459999866,0,null],[119.650963897,-4.0449349130000201,0,null],[119.65095158700001,-4.0449569520000068,0,null],[119.65092213000003,-4.0449780899999723,0,null],[119.65089834699995,-4.0449867759999734,0,null],[119.65088024800002,-4.0449858790000235,0,null],[119.65085356099996,-4.0449802279999858,0,null],[119.65081160099999,-4.044964106000009,0,null],[119.65073732999997,-4.0449700880000137,0,null],[119.65070309600003,-4.0449864600000183,0,null],[119.65067174000001,-4.0450095169999827,0,null],[119.65064135499995,-4.0450383099999954,0,null],[119.65060907899999,-4.0450709350000125,0,null],[119.65057777899995,-4.0451112079999803,0,null],[119.65056166800002,-4.0451361280000242,0,null],[119.65055127599999,-4.0451619859999823,0,null],[119.65055140300001,-4.0452012000000082,0,null],[119.65055154599997,-4.0452451959999962,0,null],[119.65055750399995,-4.0453197790000104,0,null],[119.65055855900005,-4.045351337999989,0,null],[119.650557693,-4.0453781209999988,0,null],[119.65055109800005,-4.045400141000016,0,null],[119.65054255999996,-4.0454106899999829,0,null],[119.65052640299996,-4.0454212629999802,0,null],[119.65051024000002,-4.0454299240000182,0,null],[119.65049025999997,-4.045436685000027,0,null],[119.65047409700003,-4.0454453460000082,0,null],[119.65046271100005,-4.0454587730000071,0,null],[119.65046474099995,-4.0454970239999852,0,null],[119.65047054900003,-4.0455256989999953,0,null],[119.65046491199996,-4.0455496280000034,0,null],[119.65045639599998,-4.0455668719999949,0,null],[119.65039277300002,-4.04562542299999,0,null],[119.650359493,-4.0456427490000237,0,null],[119.65033092399995,-4.045643799000004,0,null],[119.65026514500005,-4.045639068000014,0,null],[119.65024906400004,-4.0456593700000099,0,null],[119.650243424,-4.04568234300001,0,null],[119.65024159100005,-4.0457043470000258,0,null],[119.65024168100001,-4.0457320840000079,0,null],[119.65027153300002,-4.0458324119999816,0,null],[119.65029936200006,-4.045896402999972,0,null],[119.65030327399995,-4.0459279519999996,0,null],[119.65029862400002,-4.0459623990000182,0,null],[119.65029118500001,-4.0460178970000129,0,null],[119.65029896299995,-4.0460666500000002,0,null],[119.65031337400001,-4.0461048610000034,0,null],[119.65033732200004,-4.0461468650000256,0,null],[119.65035461499997,-4.0461927179999861,0,null],[119.65035279699998,-4.0462195040000211,0,null],[119.65034621100006,-4.0462443929999949,0,null],[119.65034823999997,-4.0462826439999731,0,null],[119.650364534,-4.0463141530000257,0,null],[119.65038841000001,-4.0463286660000222,0,null],[119.65040366200003,-4.0463379359999863,0,null],[119.65043133200004,-4.0463531479999801,0,null],[119.65045998300002,-4.046376964999979,0,null],[119.650472433,-4.0463979659999723,0,null],[119.65048492400001,-4.0464314010000066,0,null],[119.65049842600001,-4.0464830039999811,0,null],[119.65051105600003,-4.046559478000006,0,null],[119.650485613,-4.0465664569999831,0,null],[119.65038065700003,-4.0465857300000039,0,null],[119.65034261599999,-4.0466030700000033,0,null],[119.65028746200005,-4.0466300319999959,0,null],[119.65021713099998,-4.0466761710000014,0,null],[119.65017536100004,-4.0467183920000025,0,null],[119.65012417800006,-4.0467950749999773,0,null],[119.65009958300004,-4.046846802999994,0,null],[119.65009415400004,-4.0469348139999965,0,null],[119.65009821900003,-4.0470132290000151,0,null],[119.65011965199994,-4.0471604499999785,0,null],[119.65015088899997,-4.0473937190000129,0,null],[119.65021799500005,-4.0475274010000248,0,null],[119.65028126000004,-4.047651529999996,0,null],[119.65035202700005,-4.0477392910000276,0,null],[119.650514187,-4.0478926449999904,0,null],[119.650615733,-4.0479947509999761,0,null],[119.650661743,-4.0480845060000092,0,null],[119.65069832100005,-4.0482029839999996,0,null],[119.650698508,-4.04826036999998,0,null],[119.65069490999997,-4.048325420000026,0,null],[119.650691349,-4.0484019470000021,0,null],[119.65065386399999,-4.0485031509999772,0,null],[119.65059475500004,-4.0485725099999854,0,null],[119.650577742,-4.0486127369999849,0,null],[119.65055695599995,-4.0486644530000149,0,null],[119.650536214,-4.0487295589999803,0,null],[119.65050406199998,-4.0488004410000258,0,null],[119.65045289800003,-4.0488828630000171,0,null],[119.65042066499996,-4.0489288780000265,0,null],[119.65037704600002,-4.0489883199999781,0,null],[119.65033723600004,-4.0490477499999997,0,null],[119.65028599799996,-4.0491072180000174,0,null],[119.65022324300003,-4.0491399420000107,0,null],[119.65011479600003,-4.0491804690000208,0,null],[119.65003676399999,-4.0492017669999996,0,null],[119.649979712,-4.0492306470000017,0,null],[119.64990750699997,-4.0492863580000176,0,null],[119.64975544100002,-4.0494205489999899,0,null],[119.64958355399995,-4.0495131470000274,0,null],[119.64959051699998,-4.0495200930000124,0,null],[119.64968401399994,-4.0496133710000208,0,null],[119.64973377499996,-4.0497304130000202,0,null],[119.64979684699995,-4.0499288350000029,0,null],[119.649851861,-4.0501422990000151,0,null],[119.64985221500001,-4.0502511349999963,0,null],[119.64985290000004,-4.0504614339999989,0,null],[119.64981417299998,-4.0507401670000149,0,null],[119.64975966099996,-4.0510056090000148,0,null],[119.64967326399994,-4.0512435620000247,0,null],[119.64957776200004,-4.0513706240000147,0,null],[119.64936137899997,-4.0515736309999966,0,null],[119.64917799499995,-4.0517039370000134,0,null],[119.64891656099996,-4.0518013509999946,0,null],[119.648641441,-4.0518789139999853,0,null],[119.64832650599999,-4.051953339000022,0,null],[119.64807507900002,-4.0520513949999781,0,null],[119.64795139199998,-4.0520996330000116,0,null],[119.64777782199997,-4.0522217299999852,0,null],[119.64761989700003,-4.0523328219999826,0,null],[119.64748320700005,-4.0525000929999919,0,null],[119.64738260599995,-4.052659991999974,0,null],[119.64724626999998,-4.0529360589999897,0,null],[119.64708144300005,-4.0533355239999764,0,null],[119.64688510899998,-4.0536786459999803,0,null],[119.64669469600005,-4.0540002579999737,0,null],[119.64657163000004,-4.0541722199999981,0,null],[119.64638295199995,-4.0544035390000204,0,null],[119.64612739999995,-4.0546406380000235,0,null],[119.64579648699998,-4.0549111990000029,0,null],[119.64554871200005,-4.0551030710000191,0,null],[119.64540018699995,-4.0551763369999776,0,null],[119.64503323700001,-4.0553573469999833,0,null],[119.64460541799997,-4.0555369850000034,0,null],[119.64432254799999,-4.0556365749999941,0,null],[119.64401459299995,-4.0557097980000094,0,null],[119.64374064200001,-4.0557794009999952,0,null],[119.64347815600001,-4.0558496859999877,0,null],[119.64325579399997,-4.055850415000009,0,null],[119.64303697599996,-4.0558405489999814,0,null],[119.64280464199999,-4.0557940780000195,0,null],[119.64262632099997,-4.0557233979999978,0,null],[119.64245902300001,-4.0556354319999741,0,null],[119.64205861999994,-4.0553665549999778,0,null],[119.64179756700003,-4.05515823799999,0,null],[119.64137292800001,-4.0548193800000263,0,null],[119.64104897599998,-4.0545794099999739,0,null],[119.640880928,-4.0544316149999986,0,null],[119.64013240899999,-4.0537733190000154,0,null],[119.63989595400005,-4.0542030400000044,0,null],[119.63956714300002,-4.0548712390000219,0,null],[119.63948316100004,-4.0554071249999879,0,null],[119.63962810999999,-4.0560474719999888,0,null],[119.63966754399996,-4.0564586149999968,0,null],[119.63962134999997,-4.0568987330000255,0,null],[119.639488938,-4.0571861010000134,0,null],[119.63928042299995,-4.0575024120000194,0,null],[119.63908133999996,-4.0577899990000219,0,null],[119.63851831800002,-4.0589049349999868,0,null],[119.63793819600005,-4.060600232000013,0,null],[119.63714587499999,-4.0619498940000085,0,null],[119.63708878800003,-4.0620483989999912,0,null],[119.637086544,-4.0620508509999809,0,null],[119.63671057800002,-4.0626905889999989,0,null],[119.63629728199999,-4.0636570290000122,0,null],[119.63580788599995,-4.0654740580000066,0,null],[119.63542510100001,-4.0673158260000264,0,null],[119.63505187400006,-4.0683800639999959,0,null],[119.63451573999998,-4.0703407539999716,0,null],[119.63452659799998,-4.0706233380000185,0,null],[119.634581658,-4.072056353999983,0,null],[119.63459491900005,-4.0723247959999753,0,null],[119.63438385899997,-4.073145205000003,0,null],[119.63425536800003,-4.0736734449999972,0,null],[119.63420720199997,-4.0737922530000219,0,null],[119.63425974200004,-4.0738022290000231,0,null],[119.63441358600005,-4.0738806310000086,0,null],[119.63462512399997,-4.0741264630000273,0,null],[119.636269255,-4.0761699579999799,0,null],[119.63647608199994,-4.0764270239999973,0,null],[119.63679492300002,-4.0766676160000088,0,null],[119.63716233299999,-4.0769328819999942,0,null],[119.63738157499995,-4.0772148419999894,0,null],[119.63743885099996,-4.0773632840000005,0,null],[119.637501133,-4.0775247020000052,0,null],[119.63763484799995,-4.077727675999995,0,null],[119.63787585600005,-4.0778031629999987,0,null],[119.63797880499999,-4.077787552000018,0,null],[119.638154009,-4.077611547999993,0,null],[119.63843791600004,-4.0772419259999992,0,null],[119.63875659799999,-4.0769937769999842,0,null],[119.63895333300002,-4.0768685940000182,0,null],[119.63909957800001,-4.0768080920000216,0,null],[119.63939424399996,-4.0766834870000253,0,null],[119.63959207899995,-4.0765998279999849,0,null],[119.63962617699997,-4.0765854090000175,0,null],[119.639665627,-4.0765687269999944,0,null],[119.63967523400004,-4.0765673559999982,0,null],[119.63974043099995,-4.0765580519999958,0,null],[119.63974893299996,-4.0765568389999771,0,null],[119.639855453,-4.0765634559999739,0,null],[119.64018915899999,-4.0766622379999831,0,null],[119.64040250699998,-4.0767481899999893,0,null],[119.64066452899999,-4.0768537519999768,0,null],[119.64066670600005,-4.0768546290000245,0,null],[119.64068147299997,-4.0768684550000103,0,null],[119.64070477400003,-4.0768902720000142,0,null],[119.64071511700001,-4.076899955999977,0,null],[119.64075189499999,-4.0769658639999875,0,null],[119.64075270700005,-4.07696907899998,0,null],[119.640794863,-4.077135931999976,0,null],[119.64079783399995,-4.0771441289999757,0,null],[119.64081978900003,-4.0772046899999737,0,null],[119.64084799199998,-4.0772824890000265,0,null],[119.64085252200005,-4.0772878070000047,0,null],[119.64091405800002,-4.0773600389999842,0,null],[119.640997621,-4.077421390999973,0,null],[119.64111029000003,-4.0774968860000058,0,null],[119.64128371300001,-4.0776130909999893,0,null],[119.64140500899998,-4.0776955459999726,0,null],[119.64151214100002,-4.07776837199998,0,null],[119.641644348,-4.0779291900000203,0,null],[119.64173796800003,-4.0781017740000038,0,null],[119.64174259100002,-4.0781104550000009,0,null],[119.64189055199995,-4.0783882729999732,0,null],[119.64196325600005,-4.078488311000001,0,null],[119.64206340700002,-4.0785502219999898,0,null],[119.64212677099999,-4.0785659649999957,0,null],[119.64224475900005,-4.0785952800000018,0,null],[119.64231568000002,-4.0786030130000199,0,null],[119.642601754,-4.078634204000025,0,null],[119.64268035400005,-4.0786427740000022,0,null],[119.64292005000004,-4.07863097500001,0,null],[119.64298332400006,-4.0786278609999727,0,null],[119.64307000500003,-4.0786235940000211,0,null],[119.64309322600002,-4.0786169400000176,0,null],[119.64324149000004,-4.0785744560000126,0,null],[119.64343059299995,-4.0785296770000059,0,null],[119.64363498299997,-4.0784495220000281,0,null],[119.64381168099999,-4.0783418400000073,0,null],[119.64397213100006,-4.0782337559999746,0,null],[119.64400162100003,-4.0782138910000185,0,null],[119.64415996000002,-4.0781242420000012,0,null],[119.644251811,-4.0780761930000153,0,null],[119.64437545999999,-4.0780503209999779,0,null],[119.64443986100002,-4.0780414700000165,0,null],[119.64449312800002,-4.0780341490000183,0,null],[119.644641955,-4.0780136960000277,0,null],[119.64489187499998,-4.0779517430000283,0,null],[119.64508726199995,-4.0778835369999911,0,null],[119.64535949200001,-4.0777796869999747,0,null],[119.64558640300004,-4.0777096080000206,0,null],[119.64559215300005,-4.0777084339999874,0,null],[119.64578883800004,-4.0776682919999985,0,null],[119.645955716,-4.0776388580000003,0,null],[119.64602368500005,-4.0776268700000173,0,null],[119.64627072500002,-4.0775976020000257,0,null],[119.64645277900001,-4.0775579369999946,0,null],[119.64663369799996,-4.0775104580000061,0,null],[119.64681450099999,-4.0774278170000002,0,null],[119.64727376799999,-4.0771297269999991,0,null],[119.64731039599997,-4.0771122859999878,0,null],[119.64743312600001,-4.0770538460000125,0,null],[119.64751426800001,-4.0770152079999775,0,null],[119.64754305099996,-4.0770096950000152,0,null],[119.647601184,-4.0769985599999927,0,null],[119.64766531099997,-4.0769862770000032,0,null],[119.647764478,-4.0769812120000211,0,null],[119.64776614699997,-4.0769815589999894,0,null],[119.64794407600004,-4.077018527000007,0,null],[119.64804429699996,-4.0770449859999758,0,null],[119.64808588899996,-4.0770559669999784,0,null],[119.64820151399999,-4.077098148999994,0,null],[119.64831759499998,-4.0771404960000268,0,null],[119.64849719200004,-4.0771778120000022,0,null],[119.64863898999999,-4.0772105130000114,0,null],[119.64878282200004,-4.0772568869999759,0,null],[119.64882811200005,-4.0772714899999869,0,null],[119.64896043299996,-4.0772947460000069,0,null],[119.64896689099999,-4.0772945219999883,0,null],[119.64911155300001,-4.0772895079999785,0,null],[119.64931456299996,-4.0772651440000232,0,null],[119.64957442000002,-4.0772927169999775,0,null],[119.64987026200004,-4.0773686910000038,0,null],[119.649882187,-4.0773717540000121,0,null],[119.65006538299997,-4.0774309259999768,0,null],[119.65024844000004,-4.0774474009999722,0,null],[119.65039303900005,-4.0774170340000069,0,null],[119.65044178699998,-4.0773938209999869,0,null],[119.65060974999994,-4.0773138409999774,0,null],[119.65086032500005,-4.0771550279999929,0,null],[119.651174513,-4.0769276870000226,0,null],[119.65158234299997,-4.0767043060000105,0,null],[119.65169106400003,-4.0766732199999751,0,null],[119.65240399799995,-4.076469373000009,0,null],[119.65256626799999,-4.076422975000014,0,null],[119.65285640599996,-4.0763572800000247,0,null],[119.65302832500004,-4.0763135540000235,0,null],[119.65319894699996,-4.0762824550000119,0,null],[119.653458602,-4.0762699300000236,0,null],[119.65367175699998,-4.0762614469999789,0,null],[119.65390032799996,-4.0762256909999905,0,null],[119.65407460899996,-4.0761823380000237,0,null],[119.65435658199999,-4.0760842290000028,0,null],[119.65457577500001,-4.0760245449999957,0,null],[119.65475181099998,-4.075945350999973,0,null],[119.65488864400004,-4.0758584260000248,0,null],[119.65494014800004,-4.0758113169999888,0,null],[119.65509565900004,-4.0756690750000075,0,null],[119.65525193799999,-4.0755388489999973,0,null],[119.65535753300003,-4.0754834709999841,0,null],[119.65565021700002,-4.0753777510000191,0,null],[119.65569123199998,-4.0753602959999853,0,null],[119.65592305600001,-4.0752616379999722,0,null],[119.65612068799999,-4.075153720000003,0,null],[119.65622697599997,-4.0750696819999916,0,null],[119.65625093200003,-4.0750507409999841,0,null],[119.65628166199997,-4.0750178239999855,0,null],[119.65643667100005,-4.0748517860000106,0,null],[119.65648603299996,-4.074788629000011,0,null],[119.65668977899998,-4.0745279390000064,0,null],[119.65676383699997,-4.0744330599999898,0,null],[119.65692038600002,-4.0742324990000043,0,null],[119.65707085199995,-4.0740509720000091,0,null],[119.65712292000001,-4.073988154999995,0,null],[119.65728727199996,-4.0738575409999953,0,null],[119.65747472099997,-4.0738006209999753,0,null],[119.65748219299996,-4.0737990299999751,0,null],[119.65763418699999,-4.0737666640000043,0,null],[119.65780949500004,-4.0737502489999997,0,null],[119.65812963600001,-4.0737491890000115,0,null],[119.65815144400005,-4.0737491169999771,0,null],[119.65833728899997,-4.0737379450000049,0,null],[119.65849700399997,-4.0737122080000177,0,null],[119.65876226800003,-4.0736510859999839,0,null],[119.65891480000005,-4.0736187969999946,0,null],[119.65892160299995,-4.0736173559999997,0,null],[119.65892964800003,-4.0736156529999903,0,null],[119.65912394199995,-4.0735959859999866,0,null],[119.65927402900002,-4.0735875610000107,0,null],[119.65943642399998,-4.073593709000022,0,null],[119.65968047000001,-4.0736029479999729,0,null],[119.65991505700003,-4.0735789180000097,0,null],[119.66030301599994,-4.0735020590000204,0,null],[119.66032600999995,-4.0734959800000183,0,null],[119.66058342099996,-4.0734279210000182,0,null],[119.66059247600003,-4.0734255269999835,0,null],[119.66061650999995,-4.0734238179999807,0,null],[119.66066118100002,-4.0734206409999842,0,null],[119.66080681100004,-4.073410282999987,0,null],[119.66101804899995,-4.0734120459999872,0,null],[119.66105596900002,-4.0734123629999885,0,null],[119.661089393,-4.0734017920000269,0,null],[119.66113470000005,-4.0733874630000173,0,null],[119.66133073900005,-4.0732375960000127,0,null],[119.661452414,-4.0730879770000001,0,null],[119.66155796400005,-4.0728797900000018,0,null],[119.66163155499999,-4.0726450629999817,0,null],[119.66170016700005,-4.0725116059999777,0,null],[119.66177455599995,-4.0723928979999755,0,null],[119.66180056200005,-4.0723513990000129,0,null],[119.66195405500002,-4.0721856860000116,0,null],[119.66201314399996,-4.0721102640000026,0,null],[119.66205220400002,-4.0720604090000165,0,null],[119.66224978100001,-4.0717365720000203,0,null],[119.66232571199998,-4.0716432030000078,0,null],[119.662372764,-4.0715853460000062,0,null],[119.66247833700004,-4.0715444449999723,0,null],[119.66255506599998,-4.0715147189999925,0,null],[119.66279126699999,-4.0715085499999759,0,null],[119.66323140400004,-4.0714801579999857,0,null],[119.66329675600002,-4.0714799410000069,0,null],[119.66358772800004,-4.0714789759999803,0,null],[119.66359109999996,-4.071478964999983,0,null],[119.66380589799996,-4.0714944119999927,0,null],[119.663965276,-4.0714658709999867,0,null],[119.66408348599998,-4.0714022419999765,0,null],[119.66428918899999,-4.0712271770000257,0,null],[119.66500391199997,-4.0706095219999838,0,null],[119.66500796399998,-4.0706060200000138,0,null],[119.665051963,-4.0705657760000236,0,null],[119.66505198499999,-4.0705657560000077,0,null],[119.66505200400002,-4.0705657390000169,0,null],[119.66511764999996,-4.0705056969999873,0,null],[119.66524150199996,-4.0703924189999725,0,null],[119.66533936799999,-4.0703358810000054,0,null],[119.665466122,-4.070284522999998,0,null],[119.66549673999998,-4.0702721179999912,0,null],[119.66570277699998,-4.0702060859999847,0,null],[119.665762599,-4.0701869139999758,0,null],[119.66589547199999,-4.0701267460000281,0,null],[119.66650538800002,-4.0696820850000108,0,null],[119.66674781400002,-4.0695166560000189,0,null],[119.66690856299999,-4.0694623019999767,0,null],[119.66698165800005,-4.0694589380000252,0,null],[119.66720513099995,-4.0694486539999843,0,null],[119.66730134800002,-4.0694545609999864,0,null],[119.66730297000004,-4.0694546610000089,0,null],[119.66730506900001,-4.0694552030000182,0,null],[119.66768003300001,-4.0695520070000271,0,null],[119.667754973,-4.0695892909999998,0,null],[119.66789356899994,-4.0696582429999921,0,null],[119.66790787299999,-4.0696653599999877,0,null],[119.66791137799999,-4.0696677980000118,0,null],[119.66803592999997,-4.0697544220000168,0,null],[119.66805891700005,-4.0697704090000002,0,null],[119.66819012200006,-4.06989549299999,0,null],[119.66846484300004,-4.070194798999978,0,null],[119.66855248900004,-4.0702729559999966,0,null],[119.66860412799997,-4.0703190049999876,0,null],[119.66865972699998,-4.0703426929999864,0,null],[119.66874172600001,-4.0703776299999959,0,null],[119.668809076,-4.0704063250000218,0,null],[119.66887745999998,-4.0704178270000284,0,null],[119.66908698400005,-4.0704530680000062,0,null],[119.66948179099995,-4.0704847559999848,0,null],[119.67026392100001,-4.0704984860000195,0,null],[119.67033271800005,-4.0705021640000041,0,null],[119.67050868399997,-4.0705115700000079,0,null],[119.67083192500002,-4.0705197600000247,0,null],[119.67087169900003,-4.0705160530000057,0,null],[119.67098655899997,-4.0705053489999727,0,null],[119.67140976799999,-4.0704349540000067,0,null],[119.67177114000003,-4.0703401060000033,0,null],[119.67208232600001,-4.0702462460000106,0,null],[119.67210090100002,-4.0702406429999769,0,null],[119.67219533499997,-4.0702121599999828,0,null],[119.67223782300005,-4.0701993449999918,0,null],[119.67227989599996,-4.070194798999978,0,null],[119.67233594699997,-4.0701887420000276,0,null],[119.67235662200005,-4.0701865080000061,0,null],[119.67253673899995,-4.0701908920000278,0,null],[119.67264441600003,-4.0702171870000257,0,null],[119.67282651300002,-4.0702552280000077,0,null],[119.672985982,-4.0702786840000158,0,null],[119.67306733299995,-4.0702814219999937,0,null],[119.67326731799994,-4.070265940000013,0,null],[119.67340680100006,-4.0702237200000013,0,null],[119.67349528199998,-4.0701857110000219,0,null],[119.67357566800001,-4.070135606000008,0,null],[119.67363639500002,-4.0701080850000153,0,null],[119.67365733700001,-4.0701027110000041,0,null],[119.67377056199996,-4.070073653999998,0,null],[119.67384792799999,-4.0700564040000131,0,null],[119.67392956900005,-4.0700535049999758,0,null],[119.673989624,-4.0700513720000231,0,null],[119.67411798199998,-4.070048144999987,0,null],[119.67422406900005,-4.0700617900000111,0,null],[119.67437777199996,-4.0701284740000006,0,null],[119.67444484700002,-4.0701590479999936,0,null],[119.67445031399996,-4.0701620610000191,0,null],[119.67458785500003,-4.0702378540000268,0,null],[119.67460140599997,-4.0702453210000158,0,null],[119.67492107199996,-4.0704308780000247,0,null],[119.67518034600005,-4.0705132690000028,0,null],[119.67543702800003,-4.0705729630000178,0,null],[119.67579729099998,-4.0705996059999734,0,null],[119.67586549500004,-4.0706021230000147,0,null],[119.67636734500002,-4.0706206450000195,0,null],[119.67649472699998,-4.0706361890000267,0,null],[119.67655183099998,-4.0706431570000063,0,null],[119.67671697499998,-4.0706816979999871,0,null],[119.67675945500002,-4.0706916109999725,0,null],[119.67697576,-4.0707515999999941,0,null],[119.67709069600005,-4.070792009999991,0,null],[119.677101795,-4.0707959119999941,0,null],[119.67711423000003,-4.0708002839999722,0,null],[119.67719820000002,-4.0708401800000047,0,null],[119.67719823000004,-4.0708401940000272,0,null],[119.67746130700004,-4.0709651880000024,0,null],[119.67754724999998,-4.070997014999989,0,null],[119.67781135600001,-4.0710948189999954,0,null],[119.67795359199999,-4.071100290000004,0,null],[119.67827940899997,-4.0710694769999805,0,null],[119.67830360000005,-4.0710705519999806,0,null],[119.67834280900001,-4.0710722939999755,0,null],[119.67840386800003,-4.0710750060000009,0,null],[119.67849586299997,-4.0711317430000236,0,null],[119.67875122299995,-4.0715341590000094,0,null],[119.67897150500005,-4.0718812979999939,0,null],[119.67953109699999,-4.0726606169999968,0,null],[119.68006772000001,-4.0729392060000009,0,null],[119.68044962099998,-4.0730958460000011,0,null],[119.68081027100004,-4.0731612550000023,0,null],[119.68114015699996,-4.0732210859999896,0,null],[119.68218162200003,-4.0732904899999767,0,null],[119.68229507900003,-4.0732943579999983,0,null],[119.68299290699997,-4.0733181460000196,0,null],[119.68324182900005,-4.0733029620000138,0,null],[119.68329183000003,-4.0732999119999818,0,null],[119.68354697999996,-4.0732136319999768,0,null],[119.68355757699999,-4.0732100490000107,0,null],[119.68388183399998,-4.0731872719999842,0,null],[119.68414668000003,-4.073204273999977,0,null],[119.68432063499995,-4.0732154410000021,0,null],[119.68513492500006,-4.0733811040000205,0,null],[119.68514708400005,-4.0733835780000049,0,null],[119.685153926,-4.0733843979999733,0,null],[119.68544142600001,-4.073418844999992,0,null],[119.68663606099994,-4.073642432999975,0,null],[119.686994927,-4.0736968470000079,0,null],[119.687164811,-4.0737219239999831,0,null],[119.687298328,-4.0737416320000079,0,null],[119.68760489099998,-4.0737569629999939,0,null],[119.687613941,-4.073756985999978,0,null],[119.68766579400005,-4.0737571210000283,0,null],[119.68821852899998,-4.0737585570000192,0,null],[119.68840218699995,-4.0737610649999851,0,null],[119.68861162400003,-4.0737639249999802,0,null],[119.68875950200004,-4.0737436379999963,0,null],[119.68900105399996,-4.0737105000000042,0,null],[119.68901118099996,-4.0737091110000279,0,null],[119.68939744500005,-4.0736643700000172,0,null],[119.68989415199997,-4.0736589539999954,0,null],[119.69014640900002,-4.0736942479999811,0,null],[119.69043168500002,-4.0737294300000144,0,null],[119.69073776200003,-4.0737714339999798,0,null],[119.69074644499995,-4.0737726259999931,0,null],[119.69075300999998,-4.0737735270000144,0,null],[119.69127533899996,-4.0738682589999939,0,null],[119.69152228500002,-4.0739499260000116,0,null],[119.69166379700005,-4.0740595949999943,0,null],[119.691669961,-4.0740643720000094,0,null],[119.69167848200004,-4.0740709749999837,0,null],[119.691787191,-4.0742269180000221,0,null],[119.69190232899996,-4.0744338569999741,0,null],[119.69194392300005,-4.0745086150000134,0,null],[119.69197387500003,-4.0745719249999865,0,null],[119.69201365399999,-4.0746560059999979,0,null],[119.692113393,-4.0747164580000117,0,null],[119.69232133100002,-4.0747616329999801,0,null],[119.692404646,-4.0747797330000139,0,null],[119.69270993199996,-4.074849678000021,0,null],[119.69278498000006,-4.0748699920000035,0,null],[119.69332501300005,-4.0750161670000011,0,null],[119.69363693399998,-4.0751033999999891,0,null],[119.69370115300001,-4.0751213589999793,0,null],[119.69412741899998,-4.0751671450000231,0,null],[119.69426722100002,-4.0751542419999964,0,null],[119.69428204500002,-4.0751528740000253,0,null],[119.69428677200005,-4.0751520119999896,0,null],[119.69447967500003,-4.0751168539999867,0,null],[119.69472029300005,-4.0750551500000256,0,null],[119.69476822900003,-4.0750666779999847,0,null],[119.69479279400002,-4.0750725849999867,0,null],[119.69488693599999,-4.0751213789999952,0,null],[119.69505038199998,-4.075286162999987,0,null],[119.695055884,-4.0752917099999877,0,null],[119.695227424,-4.0755112580000059,0,null],[119.695281927,-4.0755810140000222,0,null],[119.69536770900004,-4.0756926770000064,0,null],[119.69553252399999,-4.0758252109999944,0,null],[119.69574047799995,-4.0759228829999756,0,null],[119.69606385700001,-4.0760433109999781,0,null],[119.69645632200002,-4.0761258950000183,0,null],[119.69651018699994,-4.0761555789999875,0,null],[119.69659910600001,-4.076248856999996,0,null],[119.69673501700004,-4.0764495920000172,0,null],[119.69704841999999,-4.0767339490000154,0,null],[119.69723999799999,-4.0768147320000026,0,null],[119.69725859200003,-4.0768225730000154,0,null],[119.69751075800002,-4.076928903999999,0,null],[119.69785611999998,-4.0770072830000004,0,null],[119.69805195399999,-4.0769972670000243,0,null],[119.69815419999998,-4.0769758750000165,0,null],[119.69819733899999,-4.0769668500000193,0,null],[119.69825342700005,-4.0769401389999871,0,null],[119.69827118299997,-4.0769290929999897,0,null],[119.69828699799996,-4.0769192559999965,0,null],[119.69833916499999,-4.0768868050000151,0,null],[119.69840843899999,-4.0768405079999752,0,null],[119.69847095900002,-4.0767987250000033,0,null],[119.69854358600003,-4.0767501880000054,0,null],[119.69882047099998,-4.0765437059999954,0,null],[119.69885697400002,-4.0765198340000097,0,null],[119.698988633,-4.0764337329999876,0,null],[119.69927084200003,-4.076348859999996,0,null],[119.69930619599995,-4.0763423529999727,0,null],[119.69948765900006,-4.0763089519999767,0,null],[119.69955558799995,-4.0762962210000069,0,null],[119.699747839,-4.0762601889999814,0,null],[119.70004258400002,-4.0761677780000127,0,null],[119.70028526199997,-4.0760755410000229,0,null],[119.70080471200004,-4.0758005719999915,0,null],[119.70115014999999,-4.0756663829999979,0,null],[119.70131332100004,-4.0756176369999935,0,null],[119.70142083999997,-4.0755902839999862,0,null],[119.70146029199998,-4.0755917920000115,0,null],[119.70153853600004,-4.0756418870000175,0,null],[119.70155582200005,-4.0756647260000136,0,null],[119.701730376,-4.075895351999975,0,null],[119.70186025500004,-4.0761022949999983,0,null],[119.70207468900003,-4.0764839319999737,0,null],[119.70235402200001,-4.0769560759999877,0,null],[119.70254864699996,-4.0772081659999913,0,null],[119.70274195499996,-4.0773945180000055,0,null],[119.70276129199999,-4.0774105200000008,0,null],[119.70287905199996,-4.0775079740000137,0,null],[119.70317522200003,-4.0777530749999755,0,null],[119.70352676699997,-4.0779784829999812,0,null],[119.70371096500003,-4.0780965889999834,0,null],[119.70434748800005,-4.0783862640000166,0,null],[119.70453350900004,-4.0784709199999725,0,null],[119.70460131200002,-4.078501775999996,0,null],[119.70495903899996,-4.0787171430000058,0,null],[119.70518019899998,-4.0788171269999793,0,null],[119.70529301700003,-4.0788681299999894,0,null],[119.70538772999998,-4.078933443999972,0,null],[119.70540855499996,-4.0789478049999843,0,null],[119.70557111799997,-4.0790599079999765,0,null],[119.70609138999998,-4.0794970150000154,0,null],[119.70611689999998,-4.0795184479999875,0,null],[119.70648332400003,-4.0797761009999931,0,null],[119.70666242899995,-4.079902039999979,0,null],[119.70670021499996,-4.0799090159999878,0,null],[119.70680262600001,-4.0799279240000033,0,null],[119.70683327999996,-4.0799335830000132,0,null],[119.70699306100005,-4.0798473909999871,0,null],[119.70729594600004,-4.0794338430000039,0,null],[119.70738610900003,-4.0793107370000143,0,null],[119.70748175599999,-4.079192857999999,0,null],[119.70768110400002,-4.0789471740000067,0,null],[119.70778305099998,-4.0788215310000169,0,null],[119.70791748900001,-4.0786558440000249,0,null],[119.70807561599997,-4.0784987879999903,0,null],[119.70814046299995,-4.0784570789999748,0,null],[119.70825333599998,-4.0783844790000217,0,null],[119.70828033199996,-4.0783755140000153,0,null],[119.70847571299998,-4.078310627999997,0,null],[119.70885129999999,-4.0782703090000041,0,null],[119.70902910300003,-4.0782639529999756,0,null],[119.70911840700001,-4.0782738290000111,0,null],[119.70915534899996,-4.078277915000001,0,null],[119.70928459799995,-4.0783321519999731,0,null],[119.709330905,-4.078362023000011,0,null],[119.70949953900003,-4.0784708049999949,0,null],[119.70953754200002,-4.0784953200000018,0,null],[119.70966966900005,-4.0785524240000086,0,null],[119.70993164599997,-4.0786021119999987,0,null],[119.70999835099997,-4.0786115239999958,0,null],[119.71051376100002,-4.0786842439999873,0,null],[119.71055245299999,-4.0786897030000091,0,null],[119.71107856900005,-4.0787670619999972,0,null],[119.71148878300005,-4.0788921860000187,0,null],[119.71165911200001,-4.0789662639999733,0,null],[119.71168388599995,-4.0789830080000229,0,null],[119.71169449800004,-4.0789901809999947,0,null],[119.711808271,-4.0790670769999906,0,null],[119.71208023099996,-4.0793327819999945,0,null],[119.71223001800001,-4.079501042000004,0,null],[119.71237366399998,-4.0796624029999862,0,null],[119.71245771899999,-4.0797229760000278,0,null],[119.71262407699999,-4.0798428609999746,0,null],[119.71273857699998,-4.0798611640000217,0,null],[119.71285274499996,-4.0798794149999935,0,null],[119.71314410900004,-4.0798915149999857,0,null],[119.71323594800003,-4.0798922160000188,0,null],[119.71330461000002,-4.0798927399999911,0,null],[119.71335455600001,-4.0798931209999978,0,null],[119.71336528699999,-4.0798932029999833,0,null],[119.713452781,-4.0798929069999872,0,null],[119.71354424200001,-4.0798969670000247,0,null],[119.71360592200006,-4.0798997050000025,0,null],[119.71373718100006,-4.0799041359999819,0,null],[119.71381454100003,-4.0798870450000209,0,null],[119.71386404999998,-4.0798761070000182,0,null],[119.71388290000004,-4.0798719430000006,0,null],[119.71393174900004,-4.0798455159999776,0,null],[119.71394489299996,-4.0798384049999754,0,null],[119.71398722000004,-4.079815506999978,0,null],[119.71400786200002,-4.0797973549999824,0,null],[119.71404846200005,-4.0797616500000231,0,null],[119.714082749,-4.0797148809999726,0,null],[119.71413562800001,-4.0795643820000009,0,null],[119.714167019,-4.0794554400000038,0,null],[119.71422374999997,-4.0792585519999989,0,null],[119.71428614900003,-4.0790579509999816,0,null],[119.71440119299996,-4.0788817819999963,0,null],[119.71456895999995,-4.0787546519999864,0,null],[119.71466343999998,-4.0787156609999897,0,null],[119.71480498799997,-4.0786935209999911,0,null],[119.71495129300001,-4.078668816000004,0,null],[119.71513713100001,-4.0786374350000187,0,null],[119.715166297,-4.0786325099999772,0,null],[119.71529569699999,-4.0786268749999977,0,null],[119.71534477099999,-4.0786247379999736,0,null],[119.71551895100004,-4.0786171519999925,0,null],[119.71552392599995,-4.0786169350000137,0,null],[119.71568421500001,-4.0785683820000145,0,null],[119.71572877799997,-4.078530867999973,0,null],[119.71578526899998,-4.0784833129999924,0,null],[119.71580935899999,-4.0784539420000101,0,null],[119.71594786799994,-4.0782850680000138,0,null],[119.71605442700002,-4.0781632669999794,0,null],[119.71607039699995,-4.0781551879999824,0,null],[119.71607967700004,-4.0781446510000023,0,null],[119.71611457999995,-4.0781328369999983,0,null],[119.71616487300003,-4.0781073950000177,0,null],[119.71618931700004,-4.0780950289999964,0,null],[119.71625119700002,-4.0780806980000079,0,null],[119.71631574699995,-4.0780864949999795,0,null],[119.71644180299995,-4.0781593589999829,0,null],[119.71657260100005,-4.0782791889999999,0,null],[119.71669420399996,-4.0783905949999735,0,null],[119.71705245099997,-4.078719193999973,0,null],[119.717206487,-4.078800058000013,0,null],[119.71743481700003,-4.0788209209999877,0,null],[119.71746236399997,-4.0788162700000044,0,null],[119.71759827899996,-4.078793318999999,0,null],[119.71771312999999,-4.0787406349999742,0,null],[119.71771872900001,-4.0787365950000094,0,null],[119.71776333399998,-4.0787044009999818,0,null],[119.71782097799996,-4.0786391159999766,0,null],[119.717881508,-4.0785705609999923,0,null],[119.71816403599996,-4.0781786740000143,0,null],[119.71819545300002,-4.0781295049999926,0,null],[119.71829038700002,-4.0780192290000059,0,null],[119.718379239,-4.0779210050000074,0,null],[119.71843429,-4.077860147000024,0,null],[119.71848434799995,-4.0778061660000162,0,null],[119.71856927600004,-4.0777145810000093,0,null],[119.71857564899994,-4.0777077500000019,0,null],[119.71870759499996,-4.0775663310000141,0,null],[119.71905823600002,-4.0773977740000191,0,null],[119.71913419700002,-4.0773854660000097,0,null],[119.71939735299998,-4.0773428279999848,0,null],[119.71952459800002,-4.0773446520000221,0,null],[119.71974231900003,-4.0774053279999976,0,null],[119.71992791699995,-4.0775195420000045,0,null],[119.71994283399999,-4.0775287569999819,0,null],[119.72053170499998,-4.0778925230000027,0,null],[119.72072168099999,-4.0779947120000202,0,null],[119.72095466899998,-4.0781200389999981,0,null],[119.72112611199998,-4.0782308330000205,0,null],[119.72108586599995,-4.0781435430000101,0,null],[119.72107669599995,-4.0781236540000236,0,null],[119.72102992299995,-4.078022207999993,0,null],[119.720928222,-4.0779172759999938,0,null],[119.72076653199997,-4.0778425770000126,0,null],[119.72061938100001,-4.077774594999994,0,null],[119.72038984799997,-4.0776843240000176,0,null],[119.72018997299995,-4.077521231999981,0,null],[119.72017254900004,-4.0775049800000147,0,null],[119.72015787999999,-4.0774912989999734,0,null],[119.72006621399998,-4.0774058050000122,0,null],[119.71995316300001,-4.0772639840000124,0,null],[119.71984714899997,-4.07713099099999,0,null],[119.71980871599999,-4.0770827769999869,0,null],[119.71954218500002,-4.0767484190000118,0,null],[119.71933398199997,-4.0764985750000164,0,null],[119.71901956600004,-4.0761454619999995,0,null],[119.71894731999998,-4.0760643240000149,0,null],[119.71833460799996,-4.0757728390000239,0,null],[119.717478003,-4.0756955080000239,0,null],[119.71737195799994,-4.0756713210000157,0,null],[119.716396895,-4.0754489349999972,0,null],[119.71608423400005,-4.0753832620000026,0,null],[119.71572017599999,-4.0752861799999778,0,null],[119.71548955799994,-4.0751788069999861,0,null],[119.71442112199998,-4.0741212510000082,0,null],[119.71373475300004,-4.0726424090000251,0,null],[119.71362636499998,-4.072343429,0,null],[119.71320293300005,-4.0711754289999931,0,null],[119.71307945000001,-4.0708542439999746,0,null],[119.71265114699997,-4.0702760350000062,0,null],[119.71215145999997,-4.0700119150000091,0,null],[119.71185878599999,-4.0698762850000207,0,null],[119.71153755900002,-4.0697049639999818,0,null],[119.71135196199998,-4.0689839880000136,0,null],[119.71124488600003,-4.0685128540000051,0,null],[119.71088796599997,-4.0678561230000128,0,null],[119.71060956899998,-4.0676276949999988,0,null],[119.710309757,-4.0673207450000177,0,null],[119.71026692700002,-4.0670923160000143,0,null],[119.71104140399996,-4.0658084649999751,0,null],[119.71148759000005,-4.0654290730000184,0,null],[119.71166604999996,-4.0650721540000063,0,null],[119.71199004699997,-4.0643336929999805,0,null],[119.712337058,-4.0640156729999717,0,null],[119.71250837900004,-4.0637372759999835,0,null],[119.71282246800001,-4.062894947000018,0,null],[119.71307945000001,-4.06243809099999,0,null],[119.71331895200001,-4.0620580739999923,0,null],[119.713387764,-4.0619488899999965,0,null],[119.713589265,-4.0610447619999945,0,null],[119.71476648800001,-4.0591175530000214,0,null],[119.71479438400002,-4.0590749450000203,0,null],[119.71557681900003,-4.057879875000026,0,null]]]},"properties":{"FID":38315,"OBJECTID":118007,"NAMOBJ":"Watang Bacukiki","FCODE":"BA03070040","REMARK":"Pemerintah Kota Parepare, Tahun 2010","METADATA":"TASWIL1000020230928_DATA_BATAS_DESAKELURAHAN","SRS_ID":"SRGI 2013","KDBBPS":" ","KDCBPS":" ","KDCPUM":"73.72.01","KDEBPS":" ","KDEPUM":"73.72.01.1005","KDPBPS":" ","KDPKAB":"73.72","KDPPUM":"73","LUASWH":2167.8791906800002,"TIPADM":2,"WADMKC":"Bacukiki","WADMKD":"Watang Bacukiki","WADMKK":"Kota Parepare","WADMPR":"Sulawesi Selatan","WIADKC":" ","WIADKK":" ","WIADPR":" ","WIADKD":" ","UUPP":"Data dari Pemerintah Daerah","LUAS":2167.8791906800002,"SHAPE_AREA":0.0017655240394899999,"SHAPE_LEN":0.25158497986900002}}]}